Date,Open,High,Low,Close,Volume
2015-01-01,6767.591332554148,6794.2412003821,6754.991251216998,6786.09130859375,4409100
2015-01-02,6792.391208065692,6883.040994377485,6792.391208065692,6866.44140625,6177400
2015-01-05,6877.341283088426,6913.24113941996,6848.241222729214,6857.44140625,6143300
2015-01-06,6817.640900908698,6817.640900908698,6646.391127012381,6656.791015625,7169100
2015-01-07,6653.641101774426,6680.491163916913,6605.391165593153,6644.94140625,7233000
2015-01-08,6715.341360765294,6758.241207294862,6707.991272671762,6755.44140625,6548900
2015-01-09,6798.441386230432,6811.290978955569,6727.3413807020315,6782.9912109375,6561500
2015-01-12,6790.591340125435,6819.09130337027,6763.191473118104,6815.041015625,5650600
2015-01-13,6835.241167194943,6846.6913477110065,6777.691436875784,6801.39111328125,6331000
2015-01-14,6810.191376400878,6828.891059216825,6759.54105136592,6787.14111328125,6173400
2015-01-15,6897.140678959167,6962.140592036307,6870.941006964124,6937.49072265625,9081800
2015-01-16,6945.09084210185,6970.940905308347,6913.3408844142505,6961.44091796875,7934000
2015-01-19,6988.290532452147,7013.290499281578,6984.440928184897,6992.140625,7531300
2015-01-20,7013.140713441134,7088.54051699299,7013.140713441134,7080.640625,7155300
2015-01-21,7100.490721480311,7116.990699919072,7071.8906611970015,7099.5908203125,7401500
2015-01-22,7111.640638287379,7136.090801749607,7092.940955615475,7121.8408203125,8283700
2015-01-23,7175.99071521652,7191.890596987924,7137.440960407307,7170.24072265625,8537100
2015-01-27,7197.7407628246065,7236.790517397849,7169.790603381768,7229.04052734375,7533900
2015-01-28,7224.74074417893,7290.440855321148,7210.640664586694,7241.54052734375,8362700
2015-01-29,7234.390654210542,7264.540518012006,7203.2407916874345,7257.24072265625,9683700
2015-01-30,7293.240558836639,7293.240558836639,7140.140659369541,7166.69091796875,11510300
2015-02-02,7164.590831047369,7196.590789658948,7141.990762621817,7172.890625,8626700
2015-02-03,7196.740645577649,7203.740636478965,7124.190935191259,7137.44091796875,8735100
2015-02-04,7164.790454195404,7164.790454195404,7095.290544897059,7108.74072265625,9251200
2015-02-05,7116.7904747080465,7176.690786804856,7056.390651547337,7076.640625,8018500
2015-02-06,7070.040473761105,7087.190841751324,7019.690930836628,7029.44091796875,7899700
2015-02-09,6973.340751962225,6978.640549546919,6915.440927216009,6922.3408203125,7091200
2015-02-10,6889.240816830511,7022.9408339245465,6888.040623117837,6959.890625,8353200
2015-02-11,6990.440972522996,7040.440906555932,6990.340874998809,7031.79052734375,7430400
2015-02-12,7071.140673356587,7117.190906222304,7032.191017160965,7108.19091796875,8811900
2015-02-13,7134.090874739225,7186.290514287042,7129.790587329865,7176.19091796875,8534500
2015-02-16,7200.5907872113285,7227.040460042854,7161.990739465375,7174.99072265625,9275200
2015-02-18,7182.190977455269,7242.44090012856,7182.190977455269,7228.54052734375,10676600
2015-02-19,7245.540523885704,7258.940897346186,7167.9908185315035,7242.8408203125,9192900
2015-02-20,7250.740669445293,7250.740669445293,7194.890643659179,7209.390625,8752600
2015-02-23,7233.3407089458315,7237.140508701279,7134.490739594576,7147.54052734375,7086600
2015-02-24,7162.540506638672,7171.440885709649,7123.190948345284,7146.5908203125,7424400
2015-02-25,7177.440874790834,7204.740644027245,7134.240735577414,7144.19091796875,6718500
2015-02-26,7154.740621395239,7154.740621395239,7066.04054235292,7077.49072265625,8402100
2015-02-27,7111.090947950713,7217.040518658664,7111.090947950713,7210.29052734375,11155200
2015-03-02,7281.840355844202,7307.990223204064,7234.940516244127,7299.64013671875,9573800
2015-03-03,7309.490282301824,7352.590322658158,7288.040115506531,7345.5400390625,8525200
2015-03-04,7426.789841866572,7428.090133091019,7260.5903577870595,7279.7900390625,10964100
2015-03-05,7287.790059855469,7314.790023752602,7238.490321088868,7303.34033203125,8043700
2015-03-09,7267.1405012634,7267.1405012634,7162.290539245497,7171.49072265625,7493000
2015-03-10,7184.390569531435,7198.990648221596,7116.740755067515,7141.69091796875,6779600
2015-03-11,7156.140586532331,7166.1908664177,7115.790541403474,7126.5908203125,7483600
2015-03-12,7158.840876664898,7209.790518070133,7158.840876664898,7202.5908203125,8047600
2015-03-13,7253.740521622395,7253.740521622395,7089.190931949913,7099.890625,8042700
2015-03-16,7111.040485275491,7111.290484947853,7064.540546216234,7078.94091796875,6214200
2015-03-17,7122.090861744755,7166.390608984442,7087.240809281975,7154.04052734375,6891900
2015-03-18,7172.640578723968,7175.090770851496,7120.6406463179865,7137.04052734375,7576300
2015-03-19,7189.540406029671,7217.690759854608,7086.240736382549,7096.74072265625,7148400
2015-03-20,7096.190828207594,7096.190828207594,7016.040543382473,7028.19091796875,8459200
2015-03-23,7045.790463441092,7053.090746731191,6990.14063487739,6997.5908203125,6166900
2015-03-24,6991.690908737303,7040.140551416273,6980.290533254626,6984.74072265625,6053900
2015-03-25,7005.240679013763,7006.290482304423,6963.690929611251,6972.44091796875,6087400
2015-03-26,6934.191293341509,6945.640985673881,6836.141126247529,6846.2412109375,8532100
2015-03-27,6889.091254035991,6894.741149126894,6778.441493734845,6846.59130859375,7254100
2015-03-30,6889.340927595162,6976.740713605378,6889.191025450939,6969.94091796875,5845800
2015-03-31,7001.690886658995,7020.790470641356,6952.340854612946,6978.140625,7307600
2015-04-01,6975.790638248741,7068.840808946234,6964.640750556343,7060.19091796875,6154000
2015-04-06,7087.040579024019,7131.540521095539,7059.640712348465,7126.74072265625,7069400
2015-04-07,7148.840814533709,7158.090802522143,7083.64070388677,7144.390625,7985300
2015-04-08,7176.690939763985,7205.7407069869305,7168.390657499843,7193.5908203125,8562100
2015-04-09,7229.890630258227,7237.340816016121,7171.090900979353,7233.99072265625,7634100
2015-04-10,7235.990735523329,7251.440911054461,7217.4409545857225,7246.04052734375,7287500
2015-04-13,7266.140163591967,7291.990226601577,7245.590386447176,7286.1904296875,6252500
2015-04-15,7299.540430579512,7299.540430579512,7205.440942047568,7224.19091796875,7610100
2015-04-16,7233.840755091419,7233.840755091419,7134.490785746471,7183.3408203125,6470300
2015-04-17,7180.390511810085,7180.390511810085,7087.090829140156,7093.8408203125,5534700
2015-04-20,7104.640429466577,7104.640429466577,6932.990755989621,6957.99072265625,5756900
2015-04-21,6943.490674980265,6977.090727512072,6890.090844351809,6907.99072265625,8332700
2015-04-22,6928.2905403146415,6948.490708615876,6836.640760523162,6937.99072265625,6349800
2015-04-23,6978.340745328506,7002.540419927506,6899.490753346512,6922.390625,5479500
2015-04-24,6931.540880439352,6931.540880439352,6804.191435024728,6826.541015625,6075600
2015-04-27,6846.691245733117,6846.691245733117,6715.891123738351,6723.89111328125,6531900
2015-04-28,6720.641209002241,6807.9911936687895,6698.4415306869105,6794.64111328125,6672000
2015-04-29,6793.691390698037,6823.091254939604,6757.891144126356,6781.69140625,5977500
2015-04-30,6771.040987759098,6771.040987759098,6714.941451434253,6749.64111328125,8733500
2015-05-04,6790.791121246299,6883.1913937183,6788.541124123389,6873.39111328125,5730700
2015-05-05,6880.641110534194,6900.44137820295,6847.391153019667,6878.4912109375,5936000
2015-05-06,6869.941157544757,6871.890862011068,6671.341321157002,6680.89111328125,7516000
2015-05-07,6667.491143659997,6688.741115433941,6572.691464893652,6616.84130859375,6936200
2015-05-08,6676.141182181524,6752.6410822598,6676.141182181524,6728.89111328125,5867200
2015-05-11,6771.341395533246,6843.291010099155,6765.041110661246,6838.9912109375,5771500
2015-05-12,6842.59110730722,6842.59110730722,6683.141121492994,6689.39111328125,6139400
2015-05-13,6733.291076678287,6793.191389657679,6677.941539049966,6780.39111328125,6996000
2015-05-14,6778.491234537071,6804.141103712234,6719.991310185014,6796.7412109375,6160600
2015-05-15,6813.091326552436,6842.141093841564,6798.741247370331,6827.041015625,6320000
2015-05-18,6845.840907570556,6916.090813264734,6839.290623395126,6910.8408203125,6265800
2015-05-19,6901.69092870999,6955.040466454869,6886.890655612928,6909.69091796875,6509500
2015-05-20,6933.790541504908,6966.240693465697,6933.590834740457,6944.390625,5362500
2015-05-21,6956.190894637248,6958.140599061674,6909.740761430233,6938.74072265625,5210500
2015-05-22,6951.3408377631395,6988.290495573687,6941.390655705294,6964.44091796875,6060700
2015-05-25,6953.240666142199,6956.790466064535,6907.09082574885,6911.140625,5300200
2015-05-26,6919.490683746093,6921.290486010378,6876.190937356443,6890.5908203125,5125600
2015-05-27,6858.541049517345,6890.541008668265,6842.79106962275,6885.09130859375,5482400
2015-05-28,6895.341273272286,6904.891065738341,6828.091359336056,6867.7412109375,7466200
2015-05-29,6878.490831094336,6963.940912503401,6864.840946945638,6959.8408203125,10415600
2015-06-01,6947.690930969792,6980.640594064578,6947.690930969792,6957.44091796875,5141500
2015-06-02,6966.490995006633,6966.490995006633,6792.991219275111,6799.44140625,6048000
2015-06-03,6798.3909887902955,6798.3909887902955,6645.841384114689,6703.44140625,14927200
2015-06-04,6719.540996224365,6720.891092110811,6646.291092245668,6704.7412109375,8621300
2015-06-05,6693.241220709648,6754.3910428453155,6683.191429204107,6700.69140625,6374400
2015-06-08,6710.241106297653,6710.241106297653,6622.341320455607,6631.291015625,5414400
2015-06-09,6617.791009112645,6640.69136930123,6597.341329260659,6612.89111328125,5690100
2015-06-10,6617.74130748091,6710.691380701861,6617.74130748091,6691.2412109375,5892900
2015-06-11,6721.841103401759,6724.341100056603,6564.441411668891,6568.4912109375,6593300
2015-06-12,6562.041036136596,6584.291006404994,6543.541060857255,6577.39111328125,5682500
2015-06-15,6584.691427487754,6634.191361576275,6558.591364584958,6600.64111328125,5214200
2015-06-16,6598.241249067204,6636.2910032911295,6555.141208572483,6626.9912109375,5043400
2015-06-17,6657.541046212012,6711.941365269468,6639.141168074629,6680.791015625,5806400
2015-06-18,6698.641176071222,6753.891104097531,6697.691470277146,6746.84130859375,5660800
2015-06-19,6770.3413277001255,6803.790991402381,6768.091330614658,6785.09130859375,5699000
2015-06-22,6813.340923121923,6896.940908206244,6813.340923121923,6889.69091796875,7116100
2015-06-23,6909.290531571955,6930.140601244854,6877.4907695636375,6912.44091796875,6254300
2015-06-24,6926.891063388221,6938.241146561367,6871.641133889065,6887.791015625,6415600
2015-06-25,6871.340882272381,6930.890607095764,6870.340883613513,6917.54052734375,8722700
2015-06-26,6913.240716747972,6924.140604455112,6873.090868318323,6908.8408203125,7474000
2015-06-29,6792.891178840497,6848.941399828956,6752.741328057613,6843.94140625,6193200
2015-06-30,6844.190989258434,6900.040523510774,6843.34089274564,6897.19091796875,6479300
2015-07-01,6908.590905071345,6987.690897476987,6908.590905071345,6972.29052734375,6327300
2015-07-02,6992.540515121988,7010.190882298537,6974.340832268953,6983.3408203125,6168200
2015-07-03,6984.640650564924,7028.140592945375,6984.590845943395,7003.94091796875,5230900
2015-07-06,6922.890783718792,7048.340813792259,6922.890783718792,7043.390625,6123800
2015-07-07,7052.640622894689,7081.94087731189,7025.190951980098,7051.04052734375,6895000
2015-07-08,6993.640552877291,7019.9906153073925,6919.590847183332,6939.69091796875,7957500
2015-07-09,6947.690874569215,6973.4906446447785,6910.190924877643,6915.3408203125,6201600
2015-07-10,6948.890607142231,6958.290496912194,6906.590859037098,6935.54052734375,5940600
2015-07-13,6964.140694283611,7021.840813304406,6940.240823540521,7016.54052734375,5214100
2015-07-14,7030.6406112564055,7042.390595728641,7001.990746773841,7020.24072265625,6219300
2015-07-15,7030.84086600536,7075.240710051125,7030.84086600536,7065.640625,5886100
2015-07-16,7085.990788692466,7142.190910948618,7085.990788692466,7136.79052734375,5542300
2015-07-17,7154.240714609112,7166.9408934382245,7132.590840364437,7148.04052734375,5760000
2015-07-20,7161.490705784813,7161.490705784813,7121.140660495035,7148.49072265625,5521300
2015-07-21,7151.640518255896,7167.2405954423675,7060.540540137281,7070.29052734375,6839200
2015-07-22,7058.5909382023465,7154.340813954238,7051.240850083806,7149.44091796875,5866500
2015-07-23,7164.390579390079,7172.690861557751,7119.990734823427,7129.3408203125,5999200
2015-07-24,7130.990649158445,7131.890550322159,7068.590828639349,7074.94091796875,5856300
2015-07-27,7055.690784117493,7055.690784117493,6950.790533413126,6955.3408203125,5792500
2015-07-28,6968.140581526976,6983.690853695165,6929.990730213737,6935.640625,6612600
2015-07-29,6960.140643623462,6977.540522821039,6944.440957476704,6974.140625,6388100
2015-07-30,7008.74073699611,7046.1405899108695,7006.540544591464,7019.5908203125,9767100
2015-07-31,7045.690996953197,7117.190903607941,7045.690996953197,7106.19091796875,8130300
2015-08-03,7099.740760720818,7146.890601705913,7099.740760720818,7128.99072265625,8896300
2015-08-04,7150.190899897942,7154.040504268367,7074.740802672324,7136.29052734375,8361100
2015-08-05,7166.740747830465,7207.940889954115,7166.740747830465,7186.24072265625,9644100
2015-08-06,7203.29052566939,7214.2905114996065,7174.340855930057,7201.99072265625,8441200
2015-08-07,7200.190896853962,7212.99068501158,7174.990734085414,7183.8408203125,7242600
2015-08-10,7197.290475821312,7233.740623888456,7138.34084519843,7157.54052734375,6931300
2015-08-11,7179.190815933651,7179.190815933651,7079.140653677177,7101.0908203125,6848600
2015-08-12,7086.740589467615,7086.740589467615,6979.59082940878,6986.44091796875,7657800
2015-08-13,7017.840765459072,7059.140515226914,6964.840835937415,6976.5908203125,7735000
2015-08-14,7015.790653476749,7119.990712873462,7001.1407702419165,7112.49072265625,7683800
2015-08-17,7125.490687631387,7125.490687631387,7048.440983640847,7098.69091796875,6741500
2015-08-18,7126.340794267692,7147.940863725201,7076.490761690315,7106.390625,6486600
2015-08-19,7108.290550192968,7148.940887894087,7079.540587623398,7125.8408203125,7226000
2015-08-20,7111.840694842175,7130.290377480453,7010.690926232083,7016.94091796875,8655800
2015-08-21,6955.890631797208,6973.890607807524,6888.990818614985,6960.99072265625,7604300
2015-08-24,6753.441562696731,6753.441562696731,6468.041536885544,6493.841796875,11471100
2015-08-25,6567.541018702303,6601.290973551979,6352.891403514482,6569.84130859375,12477900
2015-08-26,6560.141541919623,6621.291366332361,6486.991732799994,6513.341796875,8140600
2015-08-27,6622.441452193544,6667.041002687061,6583.091406488245,6657.2412109375,10254000
2015-08-28,6738.7909573989355,6772.741108138635,6666.641149779917,6694.44140625,7494900
2015-08-31,6700.0912680705105,6730.04093563317,6649.641139242737,6669.34130859375,7030900
2015-09-01,6616.991083257072,6642.390951373166,6490.1914494387365,6522.2412109375,6512500
2015-09-02,6577.641470814281,6577.641470814281,6464.491713511199,6475.6416015625,6579000
2015-09-03,6523.441455285642,6580.74118320367,6515.44146600393,6560.041015625,6200100
2015-09-04,6548.441729835008,6548.441729835008,6392.841833330036,6421.04150390625,7662000
2015-09-07,6444.791344543558,6458.591619396545,6316.691903326013,6323.3916015625,5414700
2015-09-08,6344.841877395172,6436.091759173494,6286.692050389274,6406.99169921875,6689700
2015-09-09,6501.741238629192,6544.991180348069,6480.89116906929,6522.291015625,7352500
2015-09-10,6447.391674431348,6525.991671781315,6403.942022848866,6504.49169921875,6065100
2015-09-11,6544.691852271857,6566.241629488138,6491.64162693046,6511.54150390625,6128100
2015-09-14,6536.191468335678,6586.641108007696,6504.391217825912,6582.69140625,5606200
2015-09-15,6583.641059015057,6595.290945710357,6523.8413346522,6543.2412109375,5164600
2015-09-16,6589.691382042366,6590.1410884721645,6549.191436208327,6571.59130859375,4989100
2015-09-18,6628.141124935146,6694.591232250162,6626.241225107365,6636.94140625,8885300
2015-09-21,6586.791095421723,6654.491201218979,6586.141193937294,6647.14111328125,7446700
2015-09-22,6680.290811331509,6686.591095818487,6512.791036828443,6528.541015625,7167900
2015-09-23,6468.141228275699,6576.591278151809,6457.241340549189,6553.89111328125,7107000
2015-09-24,6553.49123821142,6592.540990690766,6529.391172776114,6573.89111328125,7994500
2015-09-28,6595.3412128121345,6595.3412128121345,6519.341315194592,6524.2412109375,5700900
2015-09-29,6465.091425627439,6605.891041451667,6434.491369016946,6552.34130859375,8538000
2015-09-30,6613.991253387923,6651.641105941971,6585.891192892341,6646.09130859375,7059300
2015-10-01,6685.6410721394,6694.091256291137,6640.791033719804,6654.4912109375,6323000
2015-10-05,6700.791129937174,6794.3413017971825,6700.791129937174,6789.09130859375,7003400
2015-10-06,6835.941383950372,6835.941383950372,6778.8413598946645,6818.64111328125,7896100
2015-10-07,6817.641136617309,6845.19139416354,6807.5913448512465,6835.791015625,9662700
2015-10-08,6850.391040058339,6850.391040058339,6776.0913314916625,6793.791015625,7542800
2015-10-09,6840.091294823186,6869.691354385736,6795.691449619671,6829.39111328125,7679400
2015-10-12,6861.3910369196565,6868.391027875151,6788.891130594891,6802.291015625,7530400
2015-10-13,6794.541019503925,6809.891097312881,6762.491256256024,6797.541015625,6668100
2015-10-14,6782.491215535087,6810.441374647438,6780.691413178633,6786.041015625,6813400
2015-10-15,6810.7412409026665,6842.391102542445,6810.7412409026665,6834.041015625,7011700
2015-10-16,6850.541041592754,6874.8911081008155,6813.241284618464,6870.84130859375,6291000
2015-10-19,6891.040549705954,6911.490717552946,6875.990765231,6907.69091796875,6268700
2015-10-20,6916.940904738488,6931.79049416808,6881.740756705499,6907.0908203125,7901400
2015-10-21,6908.790509786918,6931.940869266048,6867.390663141406,6895.74072265625,7616000
2015-10-23,6944.090778642868,6951.990670384914,6904.840831316544,6913.04052734375,6368900
2015-10-26,6943.5409377923825,6943.5409377923825,6875.641122156631,6882.59130859375,5706200
2015-10-27,6862.991220340291,6874.391108100439,6855.591327463047,6870.34130859375,5979000
2015-10-28,6843.540995802544,6859.591268111667,6798.14115189667,6828.14111328125,6820000
2015-10-29,6833.091246090929,6833.091246090929,6777.641122608348,6784.84130859375,8774500
2015-10-30,6796.040956909816,6815.790931197289,6733.841330856368,6750.94140625,7687100
2015-11-02,6747.391104806283,6747.641104480323,6695.391172606021,6740.89111328125,6509200
2015-11-03,6771.941384391295,6781.591274179647,6733.491239105986,6755.14111328125,6163600
2015-11-04,6790.091244838886,6796.341236690242,6733.541025599449,6741.19140625,5713300
2015-11-05,6734.790919181597,6734.790919181597,6654.09131862088,6661.69140625,5866200
2015-11-06,6663.391095703648,6692.991154239117,6629.141140969942,6650.09130859375,6444300
2015-11-09,6516.1915719361605,6657.39109210725,6500.941592117629,6641.39111328125,6812100
2015-11-10,6617.991101283742,6624.691287587004,6528.941416334674,6536.44140625,6530800
2015-11-13,6540.2411925558245,6540.491192219161,6500.741245748599,6526.59130859375,5741500
2015-11-16,6506.591368762156,6573.491181356704,6487.441492108854,6551.44140625,6215600
2015-11-17,6586.391105801976,6595.290996259359,6547.691450456562,6580.791015625,6680300
2015-11-18,6574.791418124726,6591.591689663666,6502.641607812628,6507.54150390625,7519000
2015-11-19,6551.341366169314,6601.891103485211,6537.591384494994,6594.541015625,5809500
2015-11-20,6598.991233057327,6649.741165634636,6586.691444710436,6615.64111328125,6818100
2015-11-23,6630.29099596263,6639.39108152889,6599.441427573065,6615.4912109375,5018100
2015-11-24,6610.141111885176,6636.241174832405,6601.991220379512,6609.09130859375,6413000
2015-11-26,6618.491245856068,6653.941394279377,6618.491245856068,6644.89111328125,9417500
2015-11-27,6667.891138254285,6696.841295515509,6646.4414594158925,6686.89111328125,7918700
2015-11-30,6686.5410150338475,6706.8412813173045,6679.441414991479,6686.09130859375,10666800
2015-12-01,6707.541022106575,6721.141101955435,6694.691429556308,6712.4912109375,7819500
2015-12-02,6731.341267204827,6731.341267204827,6680.591333780685,6699.791015625,6682100
2015-12-03,6679.991170623732,6685.790967645265,6641.541026133274,6649.4912109375,7594100
2015-12-04,6612.790978386168,6618.091264280459,6581.89111728544,6584.89111328125,8030900
2015-12-07,6615.241159621271,6622.491149932636,6565.991225437175,6576.84130859375,6058300
2015-12-08,6556.591744064396,6582.891515244006,6504.591810316229,6515.1416015625,6563500
2015-12-09,6509.991589861235,6511.941782654317,6420.941900215396,6425.341796875,6700100
2015-12-10,6451.691936199725,6488.44188915439,6420.841878036078,6484.24169921875,6839200
2015-12-11,6499.291408502903,6499.291408502903,6399.9419274736765,6425.44189453125,6630400
2015-12-14,6389.691981811699,6467.191882191014,6386.4419859893405,6457.591796875,5772400
2015-12-15,6467.091841112515,6504.291500650916,6446.84186696568,6501.74169921875,5042900
2015-12-16,6524.891127469589,6562.741174223933,6518.1914294482995,6535.44140625,6257300
2015-12-17,6565.591383121632,6626.5913021562055,6538.1915171458295,6621.7412109375,7147900
2015-12-18,6611.341254353921,6620.841241646778,6565.541022647369,6570.791015625,7067000
2015-12-21,6563.641198678129,6630.691402735474,6561.991298522216,6628.041015625,5632400
2015-12-22,6629.741165765407,6644.790950398831,6590.791022354586,6595.84130859375,6242500
2015-12-23,6630.291045284339,6656.441401361608,6630.291045284339,6652.7412109375,5296500
2015-12-24,6672.591287666496,6672.591287666496,6637.391138829636,6656.7412109375,5637500
2015-12-28,6663.441455109458,6707.241202346362,6663.441455109458,6700.69140625,5374100
2015-12-29,6707.641110135522,6717.24119520822,6685.441432203054,6705.2412109375,6197700
2015-12-30,6715.790975725726,6718.290972439087,6680.991216787973,6685.44140625,5830100
2015-12-31,6690.641157849136,6727.741207016583,6687.441454999815,6724.7412109375,8227300
2016-01-01,6723.091348350644,6758.541009248367,6707.441466373359,6753.64111328125,5602700
2016-01-04,6729.491080111324,6748.3909574034315,6622.4912219388125,6630.791015625,8176100
2016-01-05,6659.841281655234,6664.09127602928,6614.941438747894,6639.4912109375,8658900
2016-01-06,6645.040965878103,6660.290945593553,6593.041035045092,6607.64111328125,8134600
2016-01-07,6550.39146823471,6550.39146823471,6437.891613086517,6446.841796875,7944500
2016-01-08,6483.941903355145,6512.341769379866,6466.691925415195,6490.841796875,6822800
2016-01-11,6433.991722184218,6485.041461192377,6395.641673868198,6451.841796875,7318900
2016-01-12,6470.9916142731845,6471.091711799718,6391.791521595702,6405.44189453125,7080600
2016-01-13,6445.6415631378295,6466.991633171906,6294.291661294205,6415.94189453125,10314700
2016-01-14,6334.791560388821,6433.941821976526,6304.091893311092,6378.19189453125,7940100
2016-01-15,6400.89141798141,6403.041317475474,6257.241706044922,6262.3916015625,7842400
2016-01-18,6247.1917621724615,6273.191727074876,6139.691907287477,6149.1416015625,8675000
2016-01-19,6172.441964868941,6243.091773006984,6156.041596112484,6225.19189453125,7314500
2016-01-20,6163.192322197751,6163.192322197751,6055.292069408962,6115.7421875,7942600
2016-01-21,6171.192281309321,6196.291858496354,6067.292023927125,6092.0419921875,8055600
2016-01-22,6157.691973310358,6222.7416911408145,6137.4420003489495,6216.69189453125,7035800
2016-01-25,6259.791470154828,6275.491644563497,6226.391612280962,6234.44189453125,5566000
2016-01-27,6263.2416714935,6271.69185556942,6221.491727010228,6242.3916015625,6198400
2016-01-28,6235.041497177947,6261.841754438292,6224.791510834932,6229.99169921875,8969400
2016-01-29,6228.041649772255,6346.1918856929005,6228.041649772255,6339.44189453125,8255800
2016-02-01,6367.341763169766,6374.541460777023,6330.791518043197,6341.591796875,6249600
2016-02-02,6351.591664905962,6359.141459569906,6235.141624199451,6252.19189453125,7581600
2016-02-03,6198.541460358032,6209.9418356361175,6159.241708574926,6166.19189453125,9101300
2016-02-04,6213.241662989841,6236.841728979209,6154.041547112842,6186.24169921875,7527400
2016-02-05,6201.441985938207,6280.141588788123,6191.291608750122,6270.49169921875,6949400
2016-02-08,6277.741608388172,6302.191771017538,6195.591815856073,6209.79150390625,6260200
2016-02-09,6145.992161482265,6154.791954946624,6112.092302373951,6125.59228515625,6264400
2016-02-10,6100.7919291272365,6102.692317299011,6022.19242121696,6051.9423828125,8627100
2016-02-11,6042.391823508923,6042.391823508923,5831.092301334374,5843.1923828125,10239300
2016-02-12,5878.791931384753,5878.791931384753,5722.79214031094,5833.39208984375,11782800
2016-02-15,5903.792116230581,6013.541973304301,5903.792116230581,5999.0419921875,8640800
2016-02-16,6028.041807856351,6028.041807856351,5882.842293447521,5889.09228515625,7152300
2016-02-17,5897.892132330555,5940.942368583975,5801.042162266593,5930.14208984375,8214800
2016-02-18,5986.842287699679,6016.791955660983,5937.442449799015,5988.7919921875,6836200
2016-02-19,5973.342320375003,6009.041980925357,5955.492245959518,6000.39208984375,5785700
2016-02-22,6007.142111890429,6034.6420762266835,6000.2920231178205,6024.14208984375,4788800
2016-02-23,6031.592152508542,6031.592152508542,5923.742196918235,5930.89208984375,5900100
2016-02-24,5906.4921251706555,5911.942313216694,5853.342293688907,5859.7421875,6362700
2016-02-25,5871.492113626106,5871.492113626106,5810.642097701377,5816.4921875,9076500
2016-02-26,5870.541968628262,5878.892055138732,5818.492233417279,5852.89208984375,6030500
2016-02-29,5869.842231687871,5897.942291688222,5716.992338860367,5829.9423828125,11006500
2016-03-01,5866.642288917973,6027.442373208667,5866.642288917973,6020.0419921875,7799900
2016-03-02,6095.292045462048,6151.041974493132,6094.04204705328,6137.14208984375,9582600
2016-03-03,6183.891647615658,6222.991693078198,6162.341871694435,6218.3916015625,8486400
2016-03-04,6242.591792551226,6249.841782905884,6200.4419462833675,6239.341796875,8877500
2016-03-08,6242.391603224345,6278.391555363217,6209.2417449525865,6243.6416015625,9350600
2016-03-09,6208.191983027282,6279.491693398504,6193.442002538767,6275.091796875,7979800
2016-03-10,6289.091735512947,6289.091735512947,6217.541537679239,6242.94189453125,7043000
2016-03-11,6242.591817897488,6287.891562502418,6223.1919412844445,6258.44189453125,6695600
2016-03-14,6287.291497829189,6317.491653240817,6263.041529868589,6282.69189453125,5900300
2016-03-15,6282.691814426415,6282.691814426415,6214.69190513586,6222.6416015625,6132300
2016-03-16,6221.09181996076,6244.491691168978,6166.941989667997,6238.44189453125,6675900
2016-03-17,6287.0414623744055,6307.791434841142,6233.891630555487,6255.74169921875,7647100
2016-03-18,6272.9917644023335,6325.891597295691,6254.941983411777,6322.6416015625,7805000
2016-03-21,6336.691985226096,6411.791497298988,6336.691985226096,6406.69189453125,6350800
2016-03-22,6406.79151877919,6426.291493559857,6363.4419654682,6418.29150390625,7135800
2016-03-23,6421.19189776178,6429.9916910780685,6389.491743412646,6423.69189453125,6363600
2016-03-28,6440.991559927008,6441.191754977179,6318.591817972035,6334.69189453125,6877100
2016-03-29,6329.191886391685,6359.291456252171,6302.04153140949,6322.99169921875,6644200
2016-03-30,6366.041595017133,6440.7914986193855,6366.041595017133,6436.69189453125,7661400
2016-03-31,6437.091816236785,6468.041483450803,6420.191935634996,6452.1416015625,11220800
2016-04-01,6438.3916107063,6462.591774852788,6409.791549882437,6445.49169921875,8186100
2016-04-04,6465.941912017646,6482.491695503791,6439.64165274125,6479.591796875,6218800
2016-04-05,6462.891465073467,6462.891465073467,6350.19190517089,6358.341796875,7370700
2016-04-06,6381.941889390187,6383.241692386028,6352.091830582969,6377.99169921875,6660700
2016-04-07,6391.741617978421,6391.741617978421,6322.141611594439,6329.79150390625,7644600
2016-04-08,6327.091822444183,6351.691887925973,6316.14164145344,6346.6416015625,5857000
2016-04-11,6363.541590456464,6434.741693861951,6324.591933702481,6430.591796875,6382700
2016-04-12,6433.691941230315,6475.491692290973,6432.091845626902,6470.091796875,6206900
2016-04-13,6524.641181050597,6587.040999986371,6524.491278907217,6575.34130859375,7855800
2016-04-18,6610.891145271214,6638.591303890885,6568.891200906158,6635.041015625,6872600
2016-04-20,6663.241184543461,6669.790980565592,6615.391150192723,6643.291015625,8872600
2016-04-21,6675.391058832199,6694.941325900892,6615.091334029355,6634.291015625,7864400
2016-04-22,6621.841316682848,6646.091284525883,6610.0410393619995,6627.94140625,6644700
2016-04-25,6626.991166215645,6635.3910573623325,6573.891139341771,6593.44140625,6015800
2016-04-26,6577.191527882619,6676.341299566696,6570.591438923972,6669.4912109375,7097100
2016-04-27,6660.441437609411,6695.24119653929,6659.891145364231,6684.291015625,7342000
2016-04-28,6679.99108163442,6695.191256653372,6575.441416529761,6583.14111328125,10518000
2016-04-29,6583.541022294952,6616.84127084143,6533.841381562637,6588.541015625,8919600
2016-05-02,6569.541029783481,6587.041006408846,6548.941447923242,6580.14111328125,7248600
2016-05-03,6597.141027725121,6642.841161560799,6527.8413162611105,6533.541015625,7533000
2016-05-04,6515.6415614948255,6529.091739589388,6477.89160981956,6484.341796875,7410500
2016-05-05,6503.141597603571,6532.541462402662,6479.591822989961,6500.04150390625,6778300
2016-05-06,6488.441915076766,6508.54149880165,6463.691946661479,6504.54150390625,6342000
2016-05-09,6525.541119045569,6608.091302138169,6525.541119045569,6603.2412109375,5953000
2016-05-10,6610.391122379582,6626.091296839009,6586.091349967197,6617.2412109375,6000600
2016-05-11,6549.641171070833,6625.341265468158,6533.591387779167,6592.9912109375,8265100
2016-05-12,6611.891151662015,6646.041008809235,6603.291065387775,6640.89111328125,6142700
2016-05-13,6628.441344627363,6634.941335948192,6566.691427079489,6582.291015625,7177800
2016-05-16,6595.541032516433,6616.691395011125,6548.941485119548,6608.2412109375,6448100
2016-05-17,6637.991199934362,6666.591259675166,6622.491220482873,6629.69140625,6842600
2016-05-18,6600.091337064851,6629.141103193319,6577.041074691728,6621.541015625,6417900
2016-05-19,6626.2411038684195,6626.2411038684195,6537.391125498668,6546.4912109375,7165900
2016-05-20,6555.64154733385,6567.391532358773,6503.84180866389,6513.091796875,5851100
2016-05-23,6560.54142045459,6560.54142045459,6490.991704650153,6495.24169921875,5935700
2016-05-24,6502.641596389611,6506.991688489401,6472.341830404607,6498.591796875,6364600
2016-05-25,6547.341414033055,6631.19140048055,6547.341414033055,6626.84130859375,6682300
2016-05-26,6655.291106976764,6732.441396775084,6636.841424057157,6725.19140625,10028200
2016-05-27,6739.191480989753,6801.791009418471,6739.191480989753,6796.9912109375,8525200
2016-05-30,6811.141125072383,6835.6410935001595,6795.291047841555,6820.291015625,7334800
2016-05-31,6842.641063355264,6842.641063355264,6782.491238710111,6803.9912109375,13049600
2016-06-01,6819.991205070167,6850.441361114729,6811.091314203545,6815.44140625,7633100
2016-06-02,6802.841368071338,6856.191397267427,6795.391182319112,6849.19140625,6377700
2016-06-03,6871.841273795627,6885.691353667536,6839.591315206529,6844.7412109375,8928500
2016-06-06,6853.341281514678,6858.091275404283,6822.091321714641,6832.291015625,5678300
2016-06-07,6859.1914381035385,6903.641088385406,6848.3911589236295,6884.14111328125,7381900
2016-06-08,6899.0405310402775,6906.790520622791,6883.440942634147,6901.79052734375,7627900
2016-06-09,6908.290950839117,6908.290950839117,6843.541033824323,6857.7412109375,8089800
2016-06-10,6846.040997614757,6907.290918819946,6828.491215504131,6832.041015625,9118100
2016-06-13,6778.241219875205,6791.491202711977,6745.691457350705,6785.14111328125,8535800
2016-06-14,6804.591294686698,6804.591294686698,6762.491251494469,6793.84130859375,9718300
2016-06-15,6819.1411720451515,6870.341301807986,6810.891182607313,6865.041015625,8503900
2016-06-16,6851.040975416466,6851.040975416466,6767.841375608603,6819.84130859375,9157900
2016-06-17,6851.241199505493,6864.991181843489,6815.4912454267005,6842.34130859375,9591800
2016-06-20,6798.191043303173,6894.440913727568,6791.140759825809,6891.29052734375,8202800
2016-06-21,6906.641087116298,6906.641087116298,6873.541031706997,6886.14111328125,7385600
2016-06-22,6885.89109422199,6902.69136570059,6839.7910555348335,6870.9912109375,7202300
2016-06-23,6871.790579365236,6919.84080782695,6852.290605543791,6910.54052734375,6481900
2016-06-24,6722.241280076585,6780.491204516238,6630.541203715133,6775.541015625,11844300
2016-06-27,6743.691483758375,6820.391091708464,6743.691483758375,6803.69140625,7565700
2016-06-28,6811.491244678554,6850.391097021401,6811.491244678554,6837.7412109375,7118400
2016-06-29,6874.340864301004,6912.94091011113,6872.090867323116,6907.0908203125,8461800
2016-06-30,6951.840858786083,6990.490709764884,6944.440966276656,6980.79052734375,13152300
2016-07-01,7003.89065661624,7043.44089737533,7003.89065661624,7027.8408203125,9061800
2016-07-04,7067.040533641108,7092.090793747145,7066.740729346912,7071.8408203125,8999700
2016-07-05,7078.440881851192,7078.440881851192,7035.190938757321,7050.99072265625,14009300
2016-07-07,7058.84080879823,7071.740694166784,7039.690931654154,7050.0908203125,10781200
2016-07-08,7062.240692541722,7062.240692541722,7008.040568660572,7039.390625,8182300
2016-07-11,7111.640676502493,7156.7407156510335,7110.390678124099,7151.3408203125,8178700
2016-07-12,7179.490739102583,7195.090816636135,7158.19096188988,7192.24072265625,11265800
2016-07-13,7208.890583764615,7213.090773647736,7161.040547961758,7176.99072265625,11991900
2016-07-14,7178.390672509775,7218.240718927617,7169.640683760339,7215.3408203125,9146400
2016-07-15,7223.590782658178,7245.0404620295385,7181.49073929097,7194.390625,9387400
2016-07-18,7214.290459923047,7231.990632308283,7154.540537317901,7162.24072265625,9121400
2016-07-19,7169.240734223779,7186.190907629285,7134.5405837589615,7178.19091796875,8868200
2016-07-20,7173.990783423225,7222.740720793156,7173.990783423225,7221.29052734375,7823700
2016-07-21,7241.840749119242,7243.690844387193,7182.640630228542,7186.69091796875,10275500
2016-07-22,7196.990761742915,7230.090816911016,7173.890693738554,7227.44091796875,8654300
2016-07-25,7222.540150078434,7307.590329357787,7222.540150078434,7305.59033203125,8877900
2016-07-26,7309.090279508982,7320.789970824283,7259.890150285981,7269.990234375,10622300
2016-07-27,7282.490254982253,7328.14009623996,7257.990287766727,7297.89013671875,9667100
2016-07-28,7315.690460226937,7343.7900322094665,7309.940467878527,7338.64013671875,12523400
2016-07-29,7344.490215056915,7357.440393116107,7324.390144179658,7329.990234375,8858700
2016-08-01,7350.240214137999,7394.9901545594375,7292.340388880124,7335.0400390625,9234400
2016-08-02,7346.140089633126,7372.340249948391,7306.740239918283,7310.89013671875,8583500
2016-08-03,7321.5404135061935,7321.5404135061935,7220.640640584397,7232.79052734375,7810000
2016-08-04,7281.690875539909,7281.690875539909,7215.390667428217,7248.54052734375,7420400
2016-08-05,7289.540137858554,7368.190424183577,7289.540137858554,7364.0400390625,8019800
2016-08-08,7391.290048236697,7406.390125960951,7376.440458463051,7398.240234375,7092300
2016-08-09,7411.890079133568,7411.890079133568,7337.840372586465,7368.4404296875,8785700
2016-08-10,7377.590197027425,7377.590197027425,7270.090341290816,7276.990234375,8049500
2016-08-11,7277.640152594134,7297.59032117968,7237.890205846565,7289.490234375,7924800
2016-08-12,7300.99029611277,7357.290025971211,7300.99029611277,7347.4404296875,7851000
2016-08-16,7350.59031692878,7362.840300628899,7305.440474661607,7339.240234375,8183000
2016-08-17,7341.240237633261,7368.240201728762,7322.8403597576325,7343.6904296875,7816800
2016-08-18,7364.640170481649,7398.640125553062,7364.640170481649,7390.1904296875,7607700
2016-08-19,7408.14012305588,7413.290018601391,7378.940454570333,7397.7900390625,7944900
2016-08-22,7400.590283227933,7413.99016780118,7354.140149516128,7363.7900390625,6419700
2016-08-23,7363.8403265908455,7369.540026059175,7320.890188268801,7359.740234375,7264100
2016-08-24,7372.940447007431,7393.34032237901,7364.090361052528,7386.0400390625,6431900
2016-08-25,7404.090251443271,7416.039942583412,7337.190438065185,7343.490234375,10606900
2016-08-26,7363.290001117318,7374.289986471809,7317.890159219447,7334.7900390625,7496500
2016-08-29,7344.590353788524,7367.840322943424,7308.090402212015,7360.990234375,6287600
2016-08-30,7392.990324611698,7465.5400343516085,7392.990324611698,7461.9404296875,7049100
2016-08-31,7473.89015855587,7520.440390836601,7473.89015855587,7490.64013671875,11638200
2016-09-01,7498.240203082621,7512.289989413201,7463.590346011065,7474.2900390625,9358500
2016-09-02,7491.490251421963,7513.890124617052,7474.74027321849,7504.59033203125,7136100
2016-09-06,7540.790134218282,7619.9404233392725,7540.790134218282,7614.990234375,7258100
2016-09-07,7638.140096987545,7638.539998817926,7599.840341466824,7607.1904296875,12060900
2016-09-08,7610.539593916147,7647.489739654043,7598.190001110126,7642.68994140625,10748000
2016-09-09,7634.49015838243,7634.49015838243,7567.590342279201,7575.5400390625,10210700
2016-09-12,7459.690378098739,7469.490169889369,7410.090345717868,7420.490234375,8927300
2016-09-14,7423.3901785041235,7462.740224616062,7409.840391565382,7455.2900390625,8777400
2016-09-15,7470.990223513947,7475.340315477697,7435.190465673762,7462.6904296875,7952900
2016-09-16,7499.090316510096,7553.789952196008,7461.440463273465,7487.1904296875,11264500
2016-09-19,7500.090349836648,7525.890120992351,7486.040075128951,7513.7900390625,7099400
2016-09-20,7522.890094215734,7523.840288289399,7478.090347936856,7490.2900390625,6870400
2016-09-21,7504.640119838472,7534.09027676188,7478.440446959217,7491.6904296875,6458500
2016-09-22,7570.390140071659,7588.290019332914,7540.9404710167455,7572.990234375,7519700
2016-09-23,7587.690387289141,7592.440381149189,7547.140146736565,7554.89013671875,7670100
2016-09-26,7540.940349784007,7541.140056554517,7472.140146641502,7479.740234375,6491900
2016-09-27,7503.490190514625,7520.490168290164,7455.990252612387,7469.9404296875,6489300
2016-09-28,7478.240282066647,7529.690410519979,7472.0400948112565,7514.9404296875,7913200
2016-09-29,7555.690138389742,7561.989934691964,7303.940473478514,7336.84033203125,15989800
2016-09-30,7326.59042216207,7409.140117834455,7308.8404456026865,7394.84033203125,8773200
2016-10-03,7443.14025223777,7534.990230809602,7429.490367591233,7532.240234375,7530100
2016-10-04,7560.590341193465,7576.090321191723,7533.0400837765765,7567.6904296875,8056400
2016-10-05,7599.390092960408,7600.5399938198525,7542.640166213891,7565.490234375,8278300
2016-10-06,7588.840265175672,7605.640048096534,7509.740270005328,7537.240234375,8274000
2016-10-07,7552.390104025201,7557.890096889621,7496.840371406804,7527.1904296875,7413600
2016-10-10,7559.490199630906,7567.440384636528,7527.940435845547,7532.6904296875,5430200
2016-10-13,7508.289920651385,7514.3402056554405,7377.190483857836,7418.34033203125,8357000
2016-10-14,7437.8901392785965,7453.040021736426,7403.990281432212,7439.84033203125,6667000
2016-10-17,7464.140031385812,7465.440322634991,7371.340349421325,7384.490234375,7913700
2016-10-18,7416.140261708954,7517.290032562742,7415.990359560071,7512.2900390625,7484000
2016-10-19,7533.640102964724,7534.290004463115,7486.090360127531,7507.6904296875,7601900
2016-10-20,7539.34033131841,7565.49019978805,7526.490250307945,7538.7900390625,7679300
2016-10-21,7549.990223627718,7550.090321154353,7505.14018404713,7541.6904296875,7509200
2016-10-24,7558.990224740446,7575.440398779639,7535.340352980627,7551.5400390625,6963000
2016-10-25,7561.040013747103,7561.240208800367,7512.490271927625,7541.490234375,7258400
2016-10-26,7519.289983486824,7519.289983486824,7459.290061854765,7476.740234375,8426400
2016-10-27,7467.14011706209,7467.790018554179,7407.090391066496,7452.14013671875,10091700
2016-10-28,7464.540077569736,7502.190419132195,7439.340403376437,7494.09033203125,7478500
2016-11-01,7525.240204371036,7539.090283998594,7491.790052600704,7502.1904296875,7020800
2016-11-02,7433.539983373436,7433.539983373436,7383.290049764467,7391.39013671875,6696000
2016-11-03,7382.740182981303,7419.9901334490905,7335.740245478324,7344.09033203125,7015100
2016-11-04,7359.690314767655,7359.890021530795,7245.490272771203,7274.09033203125,8254800
2016-11-07,7360.740194678411,7366.940381731575,7317.840349482009,7330.9404296875,6039700
2016-11-08,7366.340331633133,7377.590316718316,7314.240303049185,7366.0400390625,5935800
2016-11-09,6924.941330795783,7276.690880526298,6829.791061971258,7247.44091796875,13735500
2016-11-10,7358.040018114214,7408.789950614182,7329.890153211239,7342.2900390625,10348700
2016-11-11,7280.440717554959,7284.7405166449325,7112.540545504243,7126.49072265625,9721600
2016-11-15,7120.890350762471,7122.19064198708,6902.890643175613,6916.44091796875,11531000
2016-11-16,7001.990623697691,7014.240607293849,6897.7407632977365,6928.0908203125,8909500
2016-11-17,6928.440884371985,6966.490637925471,6884.840845308624,6903.44091796875,6672200
2016-11-18,6920.5405111622085,6943.540480275778,6873.040574949402,6908.49072265625,6621900
2016-11-21,6934.341083977704,6934.341083977704,6751.141126799658,6761.541015625,7902000
2016-11-22,6811.741241218645,6850.391093865028,6764.241302295772,6835.291015625,7464700
2016-11-23,6881.191408101259,6890.141103703839,6817.341391980828,6882.64111328125,6736800
2016-11-24,6863.241177837923,6879.290961894675,6820.141135583421,6837.4912109375,9320600
2016-11-25,6873.89074075451,6966.440910371483,6849.740870597945,6960.74072265625,7038500
2016-11-28,6939.990780312381,7000.940894653445,6929.190989972261,6983.390625,6779000
2016-11-29,6993.490736035381,7048.690858226746,6991.540543306213,7003.5908203125,6702700
2016-11-30,7030.240787065741,7085.790518956868,7009.640716405308,7079.390625,10781400
2016-12-01,7099.590742103451,7103.790443600505,7034.640632379572,7040.24072265625,6756300
2016-12-02,7005.4906449363825,7008.64054307379,6934.840836937695,6947.29052734375,6547700
2016-12-05,6951.790570448109,6993.590807892545,6929.440990760621,6984.24072265625,5441500
2016-12-06,7007.1406176463315,7030.3407822178315,6994.040537348129,7001.5908203125,5324200
2016-12-07,7026.59074658575,7037.740634091097,6948.940947579275,6971.19091796875,6697200
2016-12-08,7015.790623464314,7094.190911490678,7014.7408201506405,7089.24072265625,6022700
2016-12-09,7111.740708807683,7112.240708154455,7085.190938806349,7101.140625,6243400
2016-12-12,7083.0907411873195,7083.0907411873195,7009.240741083855,7023.19091796875,4887500
2016-12-13,7040.490729042877,7050.190911582124,7007.640674643761,7045.3408203125,6103400
2016-12-14,7053.890559770591,7053.890559770591,6999.190925186642,7004.640625,5698900
2016-12-15,6957.440960178961,7047.340743191982,6953.090868296915,6989.24072265625,6120500
2016-12-16,7009.390581249738,7009.540483394148,6965.590834807181,6976.49072265625,6083800
2016-12-19,6973.0404876605435,6973.490682371516,6936.540536429948,6943.3408203125,4701000
2016-12-20,6948.890570207248,6960.090750478266,6892.790547891524,6908.0908203125,5560700
2016-12-21,6929.740677251617,6933.840769391913,6889.690926444019,6895.99072265625,5443900
2016-12-22,6883.3910268266345,6883.89102618193,6806.091321810191,6816.34130859375,5093000
2016-12-23,6814.041016721357,6850.891066852651,6779.191452291316,6814.89111328125,5544300
2016-12-26,6800.191307242428,6801.790914526689,6720.241216427284,6724.44140625,4999400
2016-12-27,6730.891243342005,6840.841297208495,6711.641268106269,6831.9912109375,5688100
2016-12-28,6849.441403618322,6901.991140854888,6839.891122907965,6847.39111328125,5655700
2016-12-29,6846.790619440902,6920.890617689007,6839.790628831673,6915.44091796875,8649800
2016-12-30,6931.840888004252,6993.3906109167165,6928.840891990049,6982.79052734375,6361900
2017-01-02,7007.390618508307,7014.140609565491,6955.440980303232,7002.49072265625,6022500
2017-01-03,7018.990735525409,7047.99069724791,6988.990775122822,7028.74072265625,6274000
2017-01-04,7042.240707481559,7058.59078356323,7024.190926611468,7030.74072265625,8000400
2017-01-05,7063.14068211123,7112.590812871468,7061.790586217397,7106.890625,8271200
2017-01-06,7119.040480257336,7140.240647802121,7073.490735230322,7083.0908203125,7023500
2017-01-09,7099.54050848842,7101.740700919969,7076.840831180321,7085.140625,5765600
2017-01-10,7108.340851335964,7136.040522336298,7106.440951463547,7132.19091796875,6678400
2017-01-11,7163.890689621131,7220.340812339095,7160.340889498653,7214.140625,8249300
2017-01-12,7225.340828650993,7244.190902125487,7209.090849497226,7231.8408203125,7869200
2017-01-13,7268.940865794981,7270.990667851607,7202.940950504346,7228.29052734375,6765900
2017-01-16,7223.990753312392,7255.640615144409,7209.290576816076,7247.94091796875,6036700
2017-01-17,7255.690902535272,7276.040485847399,7226.990743980702,7243.640625,6148700
2017-01-18,7252.240256877988,7299.190389114686,7249.790064857232,7268.990234375,7011300
2017-01-19,7271.940450859325,7295.390126467839,7260.340368747269,7287.740234375,7354700
2017-01-20,7267.090737427772,7281.840718429358,7196.6406328570965,7202.74072265625,8692300
2017-01-23,7191.390690520465,7250.9907118319725,7189.790594913859,7242.54052734375,6636200
2017-01-24,7259.7901130867385,7319.6904237466315,7254.590412996931,7315.240234375,6834100
2017-01-25,7338.890240461702,7424.89012724012,7334.790148203353,7417.6904296875,11139800
2017-01-27,7426.840369101636,7483.890099058646,7424.390176998687,7455.14013671875,10439600
2017-01-30,7451.690430276816,7472.990207052115,7432.090358305396,7452.14013671875,9434900
2017-01-31,7453.789940470617,7455.190329242367,7372.540047995321,7379.2900390625,13031800
2017-02-01,7390.540202125008,7520.690423645234,7366.890330509645,7516.0400390625,13216500
2017-02-02,7525.440457701548,7564.4404072372145,7501.5400980026325,7547.09033203125,12299300
2017-02-03,7555.690448005974,7578.040028548637,7543.990267787428,7569.89013671875,13269300
2017-02-06,7610.790061210632,7638.340318909023,7600.240270029174,7628.09033203125,11724400
2017-02-07,7637.539994943525,7638.789993338012,7576.040073934729,7603.1904296875,12424400
2017-02-08,7615.1401362058905,7630.590311704108,7562.340399232116,7614.740234375,10482200
2017-02-09,7636.290022794519,7660.28999205117,7577.540098051676,7623.59033203125,10362100
2017-02-10,7651.890110293301,7656.790006366701,7613.7402567695535,7631.240234375,8979100
2017-02-13,7655.2900027633705,7660.039996681422,7583.090388177363,7626.9404296875,9225000
2017-02-14,7640.59028638121,7640.640091004756,7593.140151999384,7605.0400390625,8533000
2017-02-15,7597.390051401393,7613.590225708392,7519.840347266538,7531.59033203125,9415100
2017-02-16,7543.290111218202,7602.440425832369,7522.440528635859,7599.4404296875,8747300
2017-02-17,7672.789504063007,7681.089785888732,7617.189969329692,7637.98974609375,10030400
2017-02-20,7640.089912737259,7694.689937606821,7632.139728023061,7691.83984375,9755300
2017-02-21,7704.389676112326,7735.339830343903,7690.2397925500745,7725.23974609375,8837600
2017-02-22,7745.089812543152,7756.43989512703,7706.289571099289,7721.58984375,10059900
2017-02-23,7741.589827897253,7762.5898000393245,7720.739757900075,7729.6396484375,13034000
2017-02-27,7733.289515122691,7746.139595681207,7700.3896565540035,7706.48974609375,9800700
2017-02-28,7713.389642718312,7729.289523913535,7695.239764515823,7709.08984375,11216300
2017-03-01,7733.289579078617,7769.939921241438,7729.339877269997,7754.68994140625,10291000
2017-03-02,7787.939813026229,7793.889512125795,7675.9897669569755,7691.6396484375,10381200
2017-03-03,7679.089866533035,7703.689931413748,7659.239795323737,7696.18994140625,7933700
2017-03-06,7716.139687160712,7749.589838189486,7715.439981055783,7745.3896484375,7194500
2017-03-07,7758.739715008192,7758.789519629671,7723.23976206696,7735.28955078125,7592000
2017-03-08,7740.939901512699,7745.539504771207,7678.689984291818,7710.93994140625,8094300
2017-03-09,7704.039558694706,7731.889619311748,7692.739769035369,7709.98974609375,7769400
2017-03-10,7732.4897173700765,7751.2894970577145,7690.9399679352455,7710.8896484375,6850800
2017-03-14,7844.289539461794,7864.589805865128,7807.48978293134,7835.6396484375,9908800
2017-03-15,7842.139664886174,7869.5395314609905,7836.089868096332,7854.73974609375,9807900
2017-03-16,7893.489791423277,7931.639644428177,7892.639694866449,7928.53955078125,10594300
2017-03-17,7967.689896683991,7974.939887313024,7913.3896739009315,7933.08984375,11678900
2017-03-20,7944.889614381515,7945.039516531154,7905.989762409793,7918.58984375,10467300
2017-03-21,7927.489722368913,7933.189910291378,7874.489791080921,7909.18994140625,8739200
2017-03-22,7849.639622836056,7861.139607776234,7817.639664741651,7830.08984375,8606300
2017-03-23,7852.039594537409,7895.689928403085,7852.039594537409,7885.68994140625,8349700
2017-03-24,7900.489752319541,7926.839815797273,7894.739759777824,7905.28955078125,9531800
2017-03-27,7899.739701181404,7900.58979772939,7847.739768973241,7865.28955078125,8099400
2017-03-28,7895.2895725540575,7919.839833706172,7893.989769551075,7912.08984375,7780300
2017-03-29,7935.639660891303,7950.939934114068,7916.789587562283,7945.28955078125,9471600
2017-03-30,7949.989780672231,7983.839834815872,7946.739784849943,7976.8896484375,13676200
2017-03-31,7975.039576431887,8005.739732370409,7970.9897769383915,7995.03955078125,10366700
2017-04-03,8028.539095314347,8057.389154487127,8014.389211845311,8053.13916015625,8364400
2017-04-05,8077.839378359477,8100.689445693677,8045.739323300017,8095.08935546875,10730600
2017-04-06,8081.489271884031,8096.239252303543,8056.339402926542,8092.08935546875,9448300
2017-04-07,8064.039037532068,8100.489184176104,8034.989271631997,8045.33935546875,9889200
2017-04-10,8070.439428644407,8077.939418638767,8038.289080910767,8052.08935546875,7817400
2017-04-11,8056.539129480883,8108.439451336074,8050.0894309957175,8107.08935546875,11557500
2017-04-12,8115.189404791442,8122.539004393902,8028.6895198077145,8078.83935546875,10915600
2017-04-13,8080.689405321613,8080.689405321613,8040.339361544009,8044.88916015625,8120400
2017-04-17,8043.989255942705,8057.989237243451,8017.189487050659,8042.58935546875,10835500
2017-04-18,8065.089764377315,8117.189795281159,7995.339853743374,8003.1396484375,12769200
2017-04-19,8008.38917703103,8031.239244085106,7983.189503748687,8020.9892578125,9477100
2017-04-20,8036.239293583951,8069.339347142093,8032.539103201092,8063.08935546875,9469400
2017-04-21,8099.9393967990745,8106.48919275465,8030.439489453555,8057.689453125,10842700
2017-04-24,8075.189535169633,8142.439446392316,8072.78914771341,8137.33935546875,10664200
2017-04-25,8183.589398742502,8218.889645561052,8167.689517185654,8216.689453125,10554200
2017-04-26,8244.689435048422,8260.33882868667,8178.9395208595915,8230.8388671875,11935100
2017-04-27,8241.939427321906,8245.239227698257,8210.639663527156,8222.189453125,11412300
2017-04-28,8226.38963261305,8227.789044845478,8195.539087020168,8214.2890625,11592200
2017-05-02,8244.689435702037,8260.039025045282,8185.989316995262,8231.3388671875,10324500
2017-05-03,8259.539020916754,8260.789019284739,8215.389664496279,8227.689453125,9679800
2017-05-04,8263.838869721963,8269.088862899092,8235.789101487833,8265.7890625,10514700
2017-05-05,8277.68934240217,8278.989145385493,8174.239282723441,8193.2392578125,12055400
2017-05-08,8216.939465072912,8241.239238028113,8206.588892651895,8226.0888671875,8799800
2017-05-09,8246.289057808857,8255.98924047971,8222.639674567137,8242.689453125,9992700
2017-05-10,8266.639717575505,8325.58886021633,8265.039133704517,8320.189453125,9261700
2017-05-11,8354.63961794213,8358.489222353353,8323.68946253754,8330.9892578125,8974100
2017-05-12,8343.139591549942,8343.889590579169,8271.939488396423,8299.189453125,8323100
2017-05-15,8329.739285531783,8353.689450037404,8322.48929485738,8351.2890625,9751000
2017-05-16,8367.239298356786,8401.389645303721,8359.088918156069,8398.939453125,10574900
2017-05-17,8401.989250135854,8404.088856824526,8371.739288838946,8395.9892578125,9203300
2017-05-18,8334.288990943704,8361.439346341105,8269.239270658245,8279.1396484375,10670300
2017-05-19,8318.189375077576,8352.439330525505,8218.539114076848,8258.189453125,10385200
2017-05-22,8304.8895573211,8322.48914373834,8228.789070652794,8235.0390625,9537300
2017-05-23,8242.78895236807,8243.338756331706,8119.889211832082,8159.13916015625,11349000
2017-05-24,8178.33926039166,8192.239144316423,8086.989283784908,8106.58935546875,11360300
2017-05-25,8130.689587762996,8240.939443927618,8119.139309863096,8233.8896484375,13702700
2017-05-26,8238.939572899477,8335.789057407044,8231.338996761351,8331.8388671875,10798500
2017-05-29,8315.689432156805,8353.689382972741,8266.088910418208,8299.4892578125,10544200
2017-05-30,8285.989313207123,8334.338860223656,8262.389734269504,8328.939453125,11140600
2017-05-31,8344.23926643125,8369.088843841126,8330.18947981662,8350.939453125,15686900
2017-06-01,8343.838897102267,8374.639638808605,8338.039099860862,8367.1396484375,9220300
2017-06-02,8403.939456446873,8416.838854026044,8385.08889459732,8406.5390625,12111500
2017-06-05,8418.639670212353,8448.289046518925,8404.489297606633,8435.7392578125,8178900
2017-06-06,8457.439376049691,8460.489176835703,8383.739275018774,8397.189453125,7746300
2017-06-07,8420.088881712216,8441.989244434932,8400.189493002646,8431.4892578125,7987800
2017-06-08,8451.739229011348,8456.838831887359,8415.539079832713,8429.1396484375,7371900
2017-06-09,8427.139680970795,8459.18944492776,8398.489326756178,8452.7392578125,7834000
2017-06-12,8438.989219104236,8439.139609537111,8392.239278827768,8408.689453125,7809600
2017-06-13,8415.739247910984,8448.489206069089,8396.6894675618,8407.9892578125,8858200
2017-06-14,8421.039062181082,8424.939447830458,8381.08891783197,8420.7890625,9381200
2017-06-15,8420.838840781002,8427.689417957963,8383.539083792542,8400.189453125,10093500
2017-06-16,8416.539055987336,8440.939415450815,8392.189477709002,8411.439453125,10150200
2017-06-19,8446.939460939666,8467.439434888294,8428.689484131743,8453.0888671875,6872700
2017-06-20,8467.289045600426,8475.889620609478,8444.739269566135,8453.9892578125,7686100
2017-06-21,8451.539052385535,8454.939438684461,8424.039087371817,8443.5888671875,9176100
2017-06-22,8455.889607565985,8495.989165805513,8412.088882171232,8423.8388671875,12237900
2017-06-23,8435.588763688304,8438.338760152617,8332.689481924024,8355.0888671875,11567000
2017-06-27,8372.338754586595,8382.13952312984,8249.48930448666,8285.4892578125,11788800
2017-06-28,8286.689444043112,8303.088836828805,8249.088906889087,8279.689453125,10067200
2017-06-29,8308.389638989793,8352.939386026816,8292.739268617463,8301.0888671875,15074200
2017-06-30,8280.088933588033,8343.789046769913,8250.289167322337,8331.5888671875,11194800
2017-07-03,8379.98930427177,8423.439444127052,8348.389735228611,8416.3896484375,9133000
2017-07-04,8442.889607311254,8450.789011284583,8394.789082808058,8410.689453125,9347600
2017-07-05,8419.38968923736,8456.389642208911,8412.389698134635,8451.4892578125,9712000
2017-07-06,8470.23927237732,8506.139617534258,8463.539085550658,8481.7392578125,10331700
2017-07-07,8480.139647550459,8494.338848312185,8457.239285936806,8479.439453125,11035600
2017-07-10,8521.139693379706,8563.838858526142,8465.489372616854,8556.939453125,2648400
2017-07-11,8579.989213687166,8596.939387690796,8539.588873851357,8544.8896484375,10236700
2017-07-12,8564.288114874636,8591.638663480046,8552.238326634479,8585.48828125,9770900
2017-07-13,8620.538120837726,8649.63866733379,8619.188513291916,8646.2880859375,8869200
2017-07-14,8664.288053931075,8664.288053931075,8599.488337126813,8640.6884765625,9161400
2017-07-17,8659.68847629158,8667.988269747098,8637.438506402115,8659.48828125,10828900
2017-07-18,8605.38865059169,8642.337818933222,8579.938489999962,8589.7880859375,11118400
2017-07-19,8617.93853635955,8665.587885958661,8616.13873410695,8662.138671875,11233700
2017-07-20,8678.038036507909,8680.337838076677,8634.28809583666,8641.587890625,9512500
2017-07-21,8663.837898600455,8678.138660520339,8602.587981391012,8669.73828125,14089400
2017-07-24,8687.888692004746,8719.43845420912,8676.188512447048,8702.837890625,14760600
2017-07-25,8735.188443466257,8735.837856655073,8693.288109211682,8710.587890625,12171200
2017-07-26,8727.337919290332,8753.388665645909,8717.337932685103,8748.73828125,15808500
2017-07-27,8783.28802397088,8817.33778298863,8724.688493193378,8737.087890625,17086400
2017-07-28,8715.738323717995,8755.938465175253,8691.337965781615,8747.4384765625,12811500
2017-07-31,8767.038120920635,8799.288077941355,8752.2383359567,8793.2880859375,10210000
2017-08-01,8815.238277725584,8820.738270411837,8786.038121242693,8812.587890625,8351500
2017-08-02,8831.488221701153,8832.788024655143,8765.938504435404,8786.837890625,10078300
2017-08-03,8788.337811352903,8788.337811352903,8715.038105067579,8729.2880859375,12177600
2017-08-04,8722.688548000378,8784.938464878735,8705.038180943724,8776.1884765625,10649100
2017-08-07,8789.837912715411,8822.388650650062,8784.138701549367,8806.4384765625,9910400
2017-08-08,8820.837764398177,8831.03794601346,8695.488323347463,8726.837890625,11905400
2017-08-09,8709.08779300543,8711.888570455374,8620.688498881867,8637.138671875,12238900
2017-08-10,8603.689319191091,8606.889510458157,8443.088936272226,8497.7392578125,12891700
2017-08-11,8395.389689607755,8487.739181271303,8371.189525141515,8427.689453125,14135600
2017-08-14,8479.439531161719,8558.689431493236,8477.489338301875,8541.4892578125,11073000
2017-08-16,8574.988363620902,8640.488274736606,8526.93862413757,8635.6884765625,10559300
2017-08-17,8674.13863004719,8685.238224373128,8627.388693431727,8643.2880859375,10102800
2017-08-18,8607.038068484237,8607.038068484237,8541.488353177634,8594.23828125,9666200
2017-08-21,8618.489120086173,8635.389489376279,8497.239273151039,8509.3896484375,8626400
2017-08-22,8558.939377733415,8575.93935624727,8487.088882607215,8499.2890625,9474200
2017-08-23,8536.638737873483,8589.388665868351,8523.03817050114,8584.98828125,8309800
2017-08-24,8610.188470502515,8622.087868361166,8586.538112083075,8605.73828125,8963300
2017-08-28,8646.288117431986,8677.337880149278,8632.738331059838,8669.587890625,8634900
2017-08-29,8648.6883714298,8648.888566468608,8561.738294989373,8571.7880859375,9149400
2017-08-30,8628.43852350188,8678.688455528089,8625.788136462097,8663.138671875,9505800
2017-08-31,8683.388687441422,8700.488273770166,8647.738344864774,8694.9384765625,13565400
2017-09-01,8717.038137067797,8763.288075162976,8700.438549911087,8755.23828125,10602500
2017-09-04,8763.7381958542,8765.787997780759,8639.888753295783,8700.337890625,10399000
2017-09-05,8722.98831367135,8754.888661558938,8698.3887372528,8747.1884765625,8891600
2017-09-06,8703.28812499005,8745.688458714361,8686.938537555978,8732.388671875,10296200
2017-09-07,8766.188464452121,8785.888633401975,8747.888684253277,8757.138671875,10303100
2017-09-08,8785.688428682764,8792.038029553774,8729.938503348367,8749.9384765625,10428800
2017-09-11,8789.288114732977,8830.38864600583,8782.53812371062,8810.9384765625,10085800
2017-09-12,8854.837937813945,8894.18847188351,8833.738356250302,8890.638671875,10463500
2017-09-13,8900.738236446014,8928.087809674778,8853.087908797499,8866.837890625,11750800
2017-09-14,8894.738268324609,8918.688432048148,8865.888697000622,8884.9384765625,10056200
2017-09-15,8863.988312367279,8906.788060621071,8839.238345001408,8887.587890625,12258000
2017-09-18,8932.888690212356,8963.78806380246,8931.788105716416,8946.888671875,9990800
2017-09-19,8967.788064926675,8970.087866603497,8930.08791896756,8951.73828125,12039200
2017-09-20,8970.337848737761,8976.738230971487,8932.68848403578,8938.388671875,11029600
2017-09-21,8941.988240746454,8957.53802498505,8845.888757748065,8911.1884765625,10844100
2017-09-22,8886.688277136955,8887.037886043085,8726.238297008218,8737.98828125,10798700
2017-09-25,8737.837755575361,8738.037950616275,8574.788172081839,8638.2880859375,11547500
2017-09-26,8641.087908904658,8677.488250241755,8592.888755418751,8654.587890625,9497800
2017-09-27,8700.338641022332,8700.338641022332,8502.389671822859,8520.939453125,9928200
2017-09-28,8529.139683523657,8571.93943448226,8476.28916393234,8557.0888671875,13920800
2017-09-29,8597.788088935586,8653.488208348474,8586.48829964571,8599.98828125,9845300
2017-10-03,8689.738244250644,8691.888631966533,8640.788115159408,8662.388671875,8502000
2017-10-04,8687.788111577072,8725.837865052461,8658.288151281804,8706.837890625,8483000
2017-10-05,8721.738260656695,8746.138618439138,8699.73829026836,8706.4384765625,8661800
2017-10-06,8729.938553177248,8793.388663873486,8728.988359131916,8787.388671875,10059900
2017-10-09,8799.7880839396,8824.738246020099,8774.638703374445,8798.2880859375,10125200
2017-10-10,8823.438493736925,8848.587874446512,8816.538112263159,8836.388671875,10090800
2017-10-11,8865.738183487649,8886.787960119398,8760.638714192262,8792.388671875,11633000
2017-10-12,8818.587984809734,8895.688469114228,8784.63881081116,8890.0380859375,9567800
2017-10-13,8916.638698820578,8954.638648993732,8913.938507048662,8937.1884765625,10718800
2017-10-16,8974.23829559643,9000.08787125783,8937.6387339554,8985.23828125,9807700
2017-10-17,8988.738298953203,9011.087879234745,8972.788124403765,9002.337890625,9506500
2017-10-18,8991.638662744845,9005.888644158458,8957.038121937161,8984.638671875,9285600
2017-10-19,8992.938404055234,8994.788011005088,8915.087920192835,8937.638671875,2251400
2017-10-23,8961.938490863628,8998.188443520554,8922.738346747205,8972.888671875,10216900
2017-10-24,9002.68846496546,9017.888640472396,8973.68850275191,8993.7880859375,10635800
2017-10-25,9089.488249772641,9102.98823232085,9017.788147148804,9065.138671875,22925000
2017-10-26,9067.188527455988,9115.138661065206,9047.388748247276,9106.73828125,20422800
2017-10-27,9128.83785921941,9136.438435373851,9094.488294057346,9104.4384765625,13558400
2017-10-30,9137.538121163443,9177.188461090356,9132.138714004783,9165.087890625,11916800
2017-10-31,9173.938450508987,9175.488253212374,9130.938505559052,9153.587890625,13728300
2017-11-01,9203.93851577294,9249.138653727734,9201.03812882845,9234.837890625,14645600
2017-11-02,9243.288078897174,9264.087857198627,9217.587916187218,9237.73828125,12672600
2017-11-03,9272.087876136758,9272.138657322499,9219.688528382305,9260.638671875,14136300
2017-11-06,9254.28810969549,9305.738239988525,9242.238320235763,9273.087890625,12496600
2017-11-07,9303.138501132498,9309.638492825452,9152.638693472572,9169.5380859375,14520000
2017-11-08,9183.88858659486,9201.18836904699,9097.587916266906,9117.5380859375,11864000
2017-11-09,9169.638643241311,9183.188430569942,9087.188553557056,9147.2880859375,11302900
2017-11-10,9144.738294306711,9178.38864185769,9100.337960516217,9154.9384765625,12472100
2017-11-13,9163.037981942802,9171.138557428414,9075.788094518253,9082.4384765625,13299500
2017-11-14,9085.688432284365,9106.938404772523,9041.988293549412,9051.48828125,12167100
2017-11-15,9039.837804306037,9043.138581245572,8948.988313570831,8973.73828125,12193800
2017-11-16,9005.08796806104,9078.587873044147,8993.888763788795,9064.98828125,12216600
2017-11-17,9161.788054258364,9185.488219174274,9125.138687200422,9137.087890625,12064000
2017-11-20,9143.488304785464,9169.938466266203,9122.337941213382,9161.888671875,10617100
2017-11-21,9192.038077454166,9215.837851777833,9166.388696115233,9185.388671875,12374000
2017-11-22,9210.837871319,9219.93844565896,9161.738324515205,9195.6884765625,11286000
2017-11-23,9212.337884325865,9226.738256622719,9164.288140793917,9207.388671875,10331700
2017-11-24,9226.738305711213,9254.488270539941,9220.988312998952,9246.0380859375,10347100
2017-11-27,9228.188526257087,9272.83788386042,9212.938545540706,9267.48828125,10588500
2017-11-28,9266.28807074186,9286.837849407077,9234.788110630414,9254.2880859375,11826600
2017-11-29,9265.488254883789,9280.638626303878,9231.63868841717,9244.6884765625,10193500
2017-11-30,9220.337806330379,9220.337806330379,9143.388686083701,9154.48828125,16439300
2017-12-01,9191.438307062275,9209.138479481288,9046.688494282374,9060.388671875,10353800
2017-12-04,9106.688415312,9110.837824007014,9023.587936869524,9059.337890625,8572100
2017-12-05,9052.438481931618,9074.938452817834,8994.988360956562,9056.587890625,8822900
2017-12-06,9034.837830261999,9050.938395208488,8981.938485166687,8988.5380859375,8899200
2017-12-07,9005.73840650825,9114.3886572629,9005.53821145347,9103.0380859375,9330600
2017-12-08,9136.587959416189,9197.038077649435,9135.388742195297,9190.5380859375,12479500
2017-12-11,9232.238280806214,9241.138660133274,9205.188510455078,9231.888671875,9608500
2017-12-12,9237.138568656328,9237.587786831406,9149.337899776274,9156.48828125,9037600
2017-12-13,9155.837821034791,9197.537962657452,9078.788115550462,9101.7880859375,10629300
2017-12-14,9135.238279197652,9150.238259952199,9043.83800584212,9133.638671875,8837700
2017-12-15,9217.788084602713,9242.83785744033,9207.587902259376,9216.73828125,9898400
2017-12-18,9162.53822283308,9318.63861145277,9000.389013734368,9270.837890625,11288200
2017-12-19,9300.83699489708,9367.037100424137,9297.737389725991,9360.4375,9921400
2017-12-20,9386.637663856816,9398.937451867785,9350.987321567936,9363.4375,14662000
2017-12-21,9391.287104574501,9399.73728845957,9364.287141087343,9387.7373046875,18463900
2017-12-22,9408.737335310238,9440.187488289062,9402.237344059593,9431.4873046875,13876200
2017-12-26,9451.98732928575,9477.387685860698,9427.887752217062,9470.3369140625,15672000
2017-12-27,9478.137641642814,9493.836839275922,9413.237338314795,9438.2373046875,19714700
2017-12-28,9450.237285312725,9481.086853181614,9425.787122896349,9435.8369140625,24402600
2017-12-29,9456.787154655749,9496.387687620925,9454.637743468445,9490.6376953125,25971400
2018-01-01,9500.187411592082,9518.887581741104,9421.687517223756,9434.4873046875,21722200
2018-01-02,9474.086838237194,9487.787015081756,9377.287164036357,9417.8369140625,20647700
2018-01-03,9455.537087586788,9483.336854885356,9424.08693457276,9439.3369140625,15767100
2018-01-04,9468.086964346116,9511.836905916225,9441.887780586228,9505.7373046875,18783300
2018-01-05,9536.737353355476,9577.28710427005,9529.937557685169,9573.4375,20064800
2018-01-08,9608.137736272041,9645.737296126717,9606.48734782068,9639.2373046875,15777600
2018-01-09,9661.086887265348,9669.437462206473,9607.68754352126,9640.7373046875,15900200
2018-01-10,9655.737271533586,9658.787072200754,9593.487353593191,9630.5869140625,15578100
2018-01-11,9635.887714255441,9669.287084379825,9614.63774221057,9650.287109375,13859300
2018-01-12,9681.83689219337,9689.737272441149,9583.18760770761,9665.1875,16541500
2018-01-15,9700.937498559537,9743.637637985363,9690.887707025375,9699.8369140625,13428200
2018-01-16,9720.086772087785,9720.336771757611,9598.037128590855,9612.5869140625,16595100
2018-01-17,9612.087011702622,9696.38768246754,9536.187697114327,9686.5869140625,17409100
2018-01-18,9761.086763642488,9769.78694750542,9605.387749794661,9646.787109375,17720100
2018-01-19,9658.387779789347,9733.487291107858,9625.087042019702,9723.0869140625,13060800
2018-01-22,9721.437585414915,9793.387687399301,9710.937599034685,9787.287109375,12662800
2018-01-23,9816.387773459395,9885.237294340966,9814.637775708696,9877.1875,15139800
2018-01-24,9865.687484797674,9894.987251736653,9825.237341599348,9853.8876953125,13711300
2018-01-25,9866.836840492311,9866.836840492311,9780.33695243365,9809.9873046875,16417600
2018-01-29,9828.987292340806,9868.387632026062,9806.037126700017,9819.4375,11459400
2018-01-30,9809.937412827976,9809.98721745058,9729.137713423606,9743.037109375,13659100
2018-01-31,9716.68747538958,9746.03704634364,9648.137760439155,9697.8876953125,12618100
2018-02-01,9717.28706973102,9764.336812757645,9551.537286953817,9687.037109375,14403900
2018-02-02,9606.086649222927,9611.336642139844,9392.88771811249,9409.787109375,18861200
2018-02-05,9254.537231446104,9367.537077924182,9221.03727695924,9344.3876953125,14829200
2018-02-06,8985.78834701155,9265.888575796453,8968.488564382806,9190.5380859375,15601400
2018-02-07,9300.138552476112,9306.787958074581,9181.688507938707,9206.337890625,12547900
2018-02-08,9246.037213618853,9365.73724592624,9220.337053304316,9322.5869140625,12408500
2018-02-09,9166.988387782449,9272.038059399023,9154.988402983345,9251.087890625,12634500
2018-02-12,9314.287155751657,9362.287090567057,9296.586984476246,9348.4375,12341600
2018-02-14,9397.787012595674,9399.787009873315,9292.836960139222,9326.6875,14034600
2018-02-15,9360.437449823059,9399.387592099723,9293.33695525187,9323.5869140625,12631700
2018-02-16,9369.238111665394,9385.988090411867,9212.188506253251,9235.587890625,11410200
2018-02-19,9264.988146854903,9265.238146535066,9091.73836850168,9159.9384765625,11988700
2018-02-20,9171.188450758096,9207.337818527989,9135.688496219069,9151.0380859375,10580100
2018-02-21,9205.087842689538,9205.388623555056,9129.337939519171,9167.587890625,9881300
2018-02-22,9133.888677773306,9160.58786228558,9119.288110558859,9138.48828125,13419300
2018-02-23,9165.438585371896,9257.488273459256,9157.088010012141,9251.337890625,12211300
2018-02-26,9291.037165964759,9338.187492450536,9280.787179907953,9332.6376953125,12108300
2018-02-27,9360.888597988655,9374.888580351791,9289.238297627087,9302.23828125,11646700
2018-02-28,9244.48830326609,9290.188440755774,9213.837951421929,9261.888671875,13962600
2018-03-01,9254.38863497246,9297.388580350545,9215.788098068399,9225.337890625,10347900
2018-03-05,9202.087805967703,9202.188391776182,9104.138712855825,9136.087890625,11388100
2018-03-06,9191.438279970424,9214.438250154359,9013.438510720833,9039.7880859375,11898400
2018-03-07,9025.087774904167,9029.93835448117,8924.688492493835,8936.837890625,14601200
2018-03-08,8992.388682681196,9021.638644598223,8898.888804416518,9000.6884765625,13999900
2018-03-09,9032.53802575618,9051.3885871115,8972.488299376857,8986.388671875,11524500
2018-03-12,9053.688563986367,9130.388660761808,9034.238393661613,9121.73828125,12690100
2018-03-13,9102.688547198482,9194.337843983383,9096.188555516095,9157.888671875,15445800
2018-03-14,9126.888703439088,9158.188468046537,9091.4385535213,9151.5380859375,13006500
2018-03-15,9151.337868237737,9177.938420046814,9122.638686308695,9133.888671875,13828000
2018-03-16,9127.787925405408,9128.488119806645,8991.837907023904,9004.4384765625,17778700
2018-03-19,9026.38849769171,9032.287903981307,8879.288105569838,8894.1884765625,12329400
2018-03-20,8853.988368545282,8945.337857914767,8847.788181377948,8920.4384765625,12323800
2018-03-21,8970.837862143608,9015.638584727465,8929.638697343544,8949.087890625,11810200
2018-03-22,8961.938400292975,8991.688361138347,8897.288094755775,8903.98828125,12015700
2018-03-23,8765.638718678381,8815.538066297062,8744.488356216292,8800.7880859375,13975900
2018-03-26,8795.038242768302,8923.038074500277,8765.8380858422,8914.337890625,13631900
2018-03-27,8968.337903351281,8995.337868109273,8938.888723040154,8978.087890625,12046900
2018-03-28,8940.188439612313,8953.888616910073,8898.988298475015,8912.087890625,15917800
2018-04-02,8949.43857285871,9030.688467341126,8933.438593637558,9023.587890625,10131700
2018-04-03,9004.888762203484,9082.038076639572,8997.68857618891,9074.837890625,12218000
2018-04-04,9105.488111649052,9120.087701962466,8962.438493730679,8975.587890625,14681500
2018-04-05,9069.03818472469,9150.837884604,9068.388771494268,9146.138671875,13037800
2018-04-06,9148.438506714749,9183.438461996691,9116.538156847562,9172.0380859375,13370000
2018-04-09,9179.188509661997,9223.337867519751,9175.888709175339,9205.1884765625,10638300
2018-04-10,9237.788062231648,9246.438441860866,9199.188501921817,9219.138671875,11227400
2018-04-11,9242.288071401246,9242.288071401246,9179.83795537053,9230.837890625,11473600
2018-04-12,9226.43850292144,9263.337870222469,9210.23832813894,9247.23828125,10999300
2018-04-13,9276.63866049469,9304.087844535727,9240.688510640459,9267.638671875,10221900
2018-04-16,9205.037254239518,9317.836905132295,9202.787257307236,9311.287109375,9922500
2018-04-17,9339.38768292975,9340.48729080856,9287.586972162704,9330.287109375,9701100
2018-04-18,9359.086849301624,9366.737229496182,9295.737326296648,9311.5869140625,11023800
2018-04-19,9345.63770989873,9360.787103405617,9328.487342544386,9356.3876953125,11533900
2018-04-20,9349.187497895166,9359.086898512987,9315.137739451684,9347.6376953125,10781800
2018-04-23,9366.787118314818,9410.887644522583,9323.987371595278,9373.3876953125,9283000
2018-04-24,9375.93751953588,9403.387677737204,9359.037151759294,9390.3876953125,12082400
2018-04-25,9387.4374490827,9393.487245555807,9323.387731361683,9349.9375,12017900
2018-04-26,9368.737321737923,9388.836903913125,9339.637751741973,9381.3369140625,14945600
2018-04-27,9412.937541270965,9467.03707791864,9410.437544631772,9443.6376953125,11317600
2018-04-30,9463.987348134839,9503.58690457145,9463.187544516551,9496.4873046875,10329800
2018-05-02,9531.586796983062,9531.6375781648,9416.487342325147,9444.4873046875,12929100
2018-05-03,9442.086841788583,9442.187427590072,9355.03715480964,9388.6376953125,12511300
2018-05-04,9402.487219392833,9402.487219392833,9327.28712629827,9339.7373046875,12206200
2018-05-07,9371.687563484124,9424.387687763641,9353.28719766045,9418.787109375,10437000
2018-05-08,9451.887652117046,9452.437456063564,9396.737335819287,9419.8369140625,12725200
2018-05-09,9401.187523857297,9443.137662627016,9399.437526216045,9418.8876953125,10216100
2018-05-10,9444.637581798368,9448.48718595253,9351.487317503846,9360.9375,11881900
2018-05-11,9385.787150562863,9421.3369073214,9355.98738605206,9416.3369140625,11134500
2018-05-14,9425.23725696179,9432.387637919384,9371.437525012196,9389.9375,11259700
2018-05-15,9391.086879905404,9490.78694007605,9341.18753348068,9365.8876953125,13188200
2018-05-16,9324.68750544355,9364.987255287546,9275.586986326429,9328.6875,13921700
2018-05-17,9359.13860298131,9360.138601721832,9290.288103759605,9304.4384765625,17660800
2018-05-18,9298.93836235521,9300.537969694698,9200.288097263288,9209.1884765625,18984600
2018-05-21,9221.08774601813,9224.938327001679,9099.837902011675,9108.6884765625,14382900
2018-05-22,9110.638716722138,9152.238272793611,9080.337974297949,9145.638671875,14447800
2018-05-23,9136.638585499852,9151.787979988358,9059.337904127307,9069.7880859375,11838000
2018-05-24,9098.73830284746,9130.938456764097,9046.68856507404,9115.5380859375,11682800
2018-05-25,9135.038188303544,9230.688457296841,9126.588003736548,9215.5380859375,11832600
2018-05-28,9256.788149834721,9320.087874824061,9251.788156130013,9307.5380859375,12007700
2018-05-29,9309.938426820338,9337.238196998787,9250.488306657451,9270.587890625,12491500
2018-05-30,9220.788129242042,9283.538049787525,9209.837947794762,9254.98828125,13835700
2018-05-31,9299.387717048701,9333.6376703715,9249.187590150936,9315.3369140625,23950000
2018-06-01,9317.7880065469,9334.68837577273,9245.538098029403,9255.087890625,14690600
2018-06-04,9308.287916847214,9310.888499463446,9167.938486715875,9175.888671875,10707900
2018-06-05,9176.63858678638,9178.287998727252,9072.638720560595,9110.48828125,13037400
2018-06-06,9114.188593293251,9214.288075245375,9095.988421148886,9205.888671875,13338700
2018-06-07,9244.688546369482,9327.837855658137,9243.688547629548,9300.087890625,12970300
2018-06-08,9275.187555938826,9324.687488484866,9254.28719379492,9316.2373046875,11045300
2018-06-11,9334.437497211553,9386.137622193794,9324.287120394616,9332.3876953125,10561900
2018-06-12,9355.637736969691,9394.887683883486,9338.287174499115,9386.4375,10482500
2018-06-13,9420.987257890769,9423.187450227457,9382.537114583001,9386.3876953125,11302400
2018-06-14,9372.287088141526,9372.537087802319,9322.487351023514,9356.6376953125,9767200
2018-06-15,9358.3368941583,9376.637650542974,9303.237359647297,9343.6875,12050000
2018-06-18,9350.637651579626,9354.037061010866,9311.33692387183,9318.537109375,9104200
2018-06-19,9305.388581901103,9305.388581901103,9225.73829235391,9234.48828125,11505800
2018-06-20,9254.988308284821,9286.638658926315,9239.038133121985,9276.388671875,10248900
2018-06-21,9305.03800375653,9306.988196595736,9229.788099190739,9240.23828125,9382000
2018-06-22,9241.138741834673,9307.238267888824,9204.038202663747,9296.638671875,9403200
2018-06-25,9297.638591608724,9310.488184677157,9225.337902110732,9234.388671875,9297700
2018-06-26,9217.038104660995,9261.688438607258,9209.837918488349,9231.7880859375,10381000
2018-06-27,9246.48813074219,9246.48813074219,9110.238305639326,9129.23828125,12202400
2018-06-28,9119.837783124407,9125.58777566804,9018.038110446758,9036.9384765625,16869700
2018-06-29,9065.88879536195,9167.488274791313,9065.538209872848,9162.4384765625,11909000
2018-07-02,9185.18837853077,9186.537986169493,9060.587952892216,9108.98828125,11514800
2018-07-03,9113.83793615921,9156.33788172429,9078.788176364258,9149.388671875,9391000
2018-07-04,9158.788131502028,9200.238273984918,9123.58798105331,9194.5380859375,8879700
2018-07-05,9207.587838209844,9207.587838209844,9153.438493372953,9166.587890625,9187000
2018-07-06,9160.688519641673,9232.988232180243,9153.38872425806,9194.48828125,9741900
2018-07-09,9250.388706672478,9281.28808170669,9231.78814422892,9277.9384765625,9071700
2018-07-10,9321.437551476545,9365.137687513065,9305.38776855938,9359.3876953125,9701100
2018-07-11,9362.586889132299,9379.58686603571,9333.83692819271,9344.2373046875,11175000
2018-07-12,9392.737288651246,9442.387612083632,9373.086924619412,9380.8876953125,11567800
2018-07-13,9405.987227353382,9408.287028917919,9335.086933005825,9349.037109375,11041700
2018-07-16,9350.087739749564,9350.188325559375,9222.28809729946,9231.23828125,11497400
2018-07-17,9232.537222083174,9321.887686248998,9214.68763703456,9315.2373046875,13157800
2018-07-18,9359.488167533167,9371.93834710588,9244.938507661818,9269.5380859375,13608700
2018-07-19,9284.837829026412,9287.78802059579,9210.08792386705,9236.2880859375,12062100
2018-07-20,9238.587950568426,9295.03807464265,9217.58797706973,9286.087890625,10896200
2018-07-23,9301.687584260882,9369.78710130785,9295.937592056613,9363.8369140625,12759700
2018-07-24,9385.93758691351,9454.78710380098,9383.337004469447,9450.6376953125,15286100
2018-07-25,9466.937477094722,9476.487268952695,9433.887716807436,9449.8876953125,13420600
2018-07-26,9455.83695694814,9502.137676245246,9453.987350048015,9487.8876953125,16074000
2018-07-27,9536.987360416975,9583.137689877909,9526.537178954335,9579.037109375,13257900
2018-07-30,9598.487331348877,9624.887687129127,9566.336983157807,9618.6875,13346900
2018-07-31,9615.086960762561,9657.586904854037,9582.687589321318,9650.5869140625,14494500
2018-08-01,9661.687486846553,9683.586872103775,9620.937540446848,9651.6875,14097900
2018-08-02,9642.086843494995,9642.086843494995,9579.687512047638,9588.787109375,11975400
2018-08-03,9631.38776648474,9690.537103018483,9630.437572417688,9685.6875,13370800
2018-08-06,9723.037091461518,9743.637650463035,9697.98731952751,9709.3369140625,12154200
2018-08-07,9740.637648414635,9744.237253080813,9675.737342688939,9704.787109375,13951300
2018-08-08,9723.787136668596,9754.287096933658,9696.687562598556,9744.7373046875,13088500
2018-08-09,9779.336900742239,9784.037089946658,9752.93752098677,9769.0869140625,17970200
2018-08-10,9776.687431787395,9777.836844349331,9715.287121320876,9724.4375,14482000
2018-08-13,9672.9872829951,9704.887631680947,9641.13771549249,9656.4873046875,12891900
2018-08-14,9678.68756193561,9730.637689438758,9672.137765797415,9726.1376953125,11529900
2018-08-16,9696.887680566742,9742.487230172777,9666.487329788572,9685.6376953125,13633700
2018-08-17,9730.836965194307,9776.287101449221,9728.187554574431,9770.1875,12926000
2018-08-20,9800.787159628808,9846.537100601847,9798.887748016945,9839.7373046875,12305300
2018-08-21,9862.887694797106,9868.487296964116,9831.037149858656,9862.4873046875,12707800
2018-08-23,9900.03707401219,9900.03707401219,9838.987347829876,9872.537109375,10832500
2018-08-24,9860.887682295273,9889.937449544559,9821.43753782459,9850.787109375,12479200
2018-08-27,9893.437583306597,9966.887684986008,9887.487395579306,9958.787109375,11293200
2018-08-28,9990.23729915774,10012.836879801318,9963.336942731845,9985.8876953125,12302200
2018-08-29,9995.086886760106,10015.33686098418,9964.336925901327,9973.6376953125,13815600
2018-08-30,9979.336908781592,9986.33689987278,9946.987340577536,9975.1875,15882900
2018-08-31,9978.23732215753,10026.987260218331,9951.537160768901,9991.9873046875,15166100
2018-09-03,10049.836750024353,10049.836750024353,9908.687516570506,9921.6376953125,13135600
2018-09-04,9932.987140332592,9937.73713418305,9784.237332910418,9806.037109375,13172400
2018-09-05,9795.687459500032,9817.836844765125,9678.187612266853,9764.537109375,14544600
2018-09-06,9801.937517460914,9832.387673389101,9730.837023484977,9815.4375,11421300
2018-09-07,9834.537161634134,9885.586900693272,9779.337037285637,9875.1875,11579800
2018-09-10,9862.786949446725,9870.687329774302,9730.187512902965,9740.0869140625,11135500
2018-09-11,9770.887478857774,9775.036887437027,9596.487318694366,9607.0869140625,11968900
2018-09-12,9641.637720214294,9669.187488697688,9552.187642451245,9660.5869140625,13495600
2018-09-14,9724.187588867906,9799.13768701504,9722.737395435439,9792.7373046875,11672500
2018-09-17,9754.58683792897,9754.58683792897,9687.28712135537,9696.4375,12372800
2018-09-18,9701.286967724458,9728.1375181327,9585.987315604072,9594.2373046875,14794000
2018-09-19,9633.887578010572,9640.286983562166,9516.237343854813,9545.6875,12659700
2018-09-21,9585.0866991642,9630.68722368208,9134.53750132412,9425.537109375,25031500
2018-09-24,9445.188220397551,9449.738019316668,9223.238306480327,9243.138671875,15661900
2018-09-25,9238.288167875988,9317.087873305129,9148.98847567293,9303.337890625,17990000
2018-09-26,9367.58780829914,9367.58780829914,9255.33794970898,9302.23828125,15067400
2018-09-27,9319.78793637032,9324.488125697348,9188.587908134963,9202.337890625,15728700
2018-09-28,9230.0877439483,9249.337719202145,9041.6387674525,9115.98828125,18592200
2018-10-01,9106.988356046451,9185.488255678563,8986.388900866714,9165.48828125,16021100
2018-10-03,9147.238164084752,9157.18834652238,9042.038104894102,9056.6884765625,15335900
2018-10-04,8963.68833250666,8963.68833250666,8811.988337958344,8854.837890625,14942000
2018-10-05,8793.188247960637,8815.787826629468,8582.138730027244,8624.9384765625,15683500
2018-10-08,8611.337878705457,8671.287992351788,8483.138834592737,8602.587890625,15430100
2018-10-09,8635.83877573547,8645.78895856549,8519.289117259244,8562.939453125,13710200
2018-10-10,8590.438688272638,8762.238262831663,8588.338105148905,8748.48828125,14669900
2018-10-11,8501.388759707099,8656.988156203492,8473.538211872483,8565.587890625,14777800
2018-10-12,8649.288243397381,8783.88864941784,8643.33805603835,8767.087890625,13506900
2018-10-15,8815.138667685413,8821.638659041306,8732.288191927817,8811.98828125,11079900
2018-10-16,8849.238339950221,8902.63866021319,8835.388748823902,8893.7880859375,12397600
2018-10-17,8982.537786298692,8999.638349356108,8746.738297104432,8758.587890625,12843500
2018-10-19,8676.488232629516,8716.53798300008,8595.438537864575,8640.638671875,13566000
2018-10-22,8717.238089557346,8719.488086483156,8560.538108345474,8576.9384765625,11221900
2018-10-23,8502.588851119304,8559.088779630409,8447.439506836816,8489.8896484375,11267100
2018-10-24,8585.889610456616,8599.989202128618,8474.539164327174,8555.6396484375,11106400
2018-10-25,8476.088863891873,8500.83883251533,8432.489309789804,8473.4892578125,15921600
2018-10-26,8473.189381720742,8493.838769430231,8370.789121780252,8417.2392578125,13557700
2018-10-29,8457.488488945237,8623.438458391725,8409.588163514918,8610.087890625,14121300
2018-10-30,8607.388662199757,8652.738209781477,8575.038120343095,8600.2880859375,14390400
2018-10-31,8617.388854012743,8760.337881388356,8535.988572363152,8753.4384765625,13885500
2018-11-01,8798.288051472813,8800.837852754155,8742.48832132552,8772.48828125,14600500
2018-11-02,8844.08796344519,8953.58781925535,8840.188554517448,8899.388671875,17206700
2018-11-05,8904.238246468749,8912.988234918826,8839.788136229936,8877.888671875,12456000
2018-11-06,8902.738238379327,8934.88858652973,8839.63871236662,8870.2880859375,10499200
2018-11-07,8938.688464947769,8940.688462323145,8926.388676401451,8929.837890625,137800
2018-11-09,8947.587888987635,8966.488254855169,8897.988344582756,8946.337890625,12144900
2018-11-12,8967.787942351077,8991.138497401122,8846.388688872077,8859.23828125,10863800
2018-11-13,8834.538202815735,8932.938464217545,8814.588033702601,8923.5380859375,10956400
2018-11-14,8967.238221089774,8980.238204013654,8887.938520566346,8921.4384765625,13525200
2018-11-15,8926.538122712107,8971.087869098277,8894.938554690805,8954.638671875,11219600
2018-11-16,8975.538109001927,9011.138648549706,8951.48833565278,8993.23828125,13399500
2018-11-19,9031.788113057446,9060.337880787334,8996.337963635087,9052.73828125,11728200
2018-11-20,9033.18838102254,9039.68837252136,8948.738296160278,8960.138671875,11446100
2018-11-21,8973.888627832084,8982.888616035081,8896.087948561652,8940.2880859375,10967000
2018-11-22,8952.438379620899,8973.888546622838,8868.188490816381,8878.98828125,10149700
2018-11-26,8913.938514628853,8950.6884664723,8841.088024153481,8942.98828125,10746700
2018-11-27,8938.288145419667,8990.438468018825,8924.388749487796,8983.888671875,11296000
2018-11-28,9001.288075448116,9027.337846191142,8984.48829265178,8993.23828125,12565900
2018-11-29,9051.837929335452,9096.988261700719,9031.038151486946,9081.837890625,17525400
2018-11-30,9107.788087675004,9134.337858206682,9074.688520882026,9109.138671875,16052000
2018-12-03,9153.587856343758,9157.938436695198,9097.488318999489,9126.888671875,15231400
2018-12-04,9125.188465314804,9137.638644623188,9094.837918391495,9116.4384765625,13530900
2018-12-05,9075.038026756663,9075.337831055065,8999.638710550274,9029.4384765625,11986300
2018-12-06,8975.38855031055,8975.638549980751,8874.93848751157,8883.23828125,12294400
2018-12-07,8917.337921165958,8947.337881844154,8876.538169955855,8940.638671875,11663300
2018-12-10,8789.738254323185,8818.63860632881,8760.13868450192,8769.587890625,10775400
2018-12-11,8655.088142419203,8859.63865266426,8646.538349059156,8845.138671875,12922700
2018-12-12,8882.188657637582,9031.58787763534,8864.988484667549,9021.587890625,12379700
2018-12-13,9078.738279377805,9113.138625592068,9037.837941555012,9077.2880859375,12707400
2018-12-14,9072.43850085978,9104.438459611552,9046.438534373965,9091.2880859375,13256700
2018-12-17,9127.538119734885,9162.938465040834,9118.488326632809,9153.9384765625,9418300
2018-12-18,9126.488346180931,9183.238273715668,9108.087979051776,9177.337890625,10612200
2018-12-19,9203.038141383202,9258.337875987581,9201.538143284199,9246.7880859375,14336700
2018-12-20,9188.337949127805,9241.087882186726,9179.988350348669,9234.4384765625,12638400
2018-12-21,9236.537887239168,9255.787862401876,9071.438490883758,9082.5380859375,13793700
2018-12-24,9100.888543719531,9102.037956285805,8992.188489905222,9002.4384765625,10317600
2018-12-26,8977.938559187482,9056.188457769367,8879.43868685118,9041.6884765625,10985800
2018-12-27,9110.837849255693,9119.788033015444,9070.638682394116,9078.7880859375,14940200
2018-12-28,9111.938528545465,9173.587863673232,9109.688531426322,9152.5380859375,9852600
2018-12-31,9194.638640373172,9207.087843213763,9159.288099611755,9169.98828125,8577200
2019-01-01,9186.68849083231,9206.038075554592,9128.388760422722,9197.888671875,7246600
2019-01-02,9169.688391215179,9195.238163012576,9065.438525415548,9103.388671875,11093400
2019-01-03,9106.638552474229,9129.988131496004,9006.73829171431,9014.7880859375,9927100
2019-01-04,9034.238307975502,9064.837877748832,8978.188575827027,9054.888671875,11817000
2019-01-07,9117.188430042112,9136.288014770063,9064.638693167388,9081.138671875,9850700
2019-01-08,9090.788096048786,9109.087877166765,9052.087950580812,9098.638671875,9761700
2019-01-09,9143.188456341046,9149.337862508302,9050.13877112036,9127.4384765625,11013100
2019-01-10,9132.788068718783,9143.988249638638,9102.538107591095,9119.388671875,9075300
2019-01-11,9130.688434701542,9142.288029135903,9057.138724748358,9098.1884765625,8617400
2019-01-14,9102.388605910697,9102.888605263357,9014.938523818395,9051.4384765625,9119400
2019-01-15,9082.488376782914,9163.288078067862,9082.488376782914,9157.138671875,9788900
2019-01-16,9167.438465430478,9195.038039491386,9149.988292445749,9158.73828125,9732800
2019-01-17,9181.988255155531,9191.837851931738,9119.587944347879,9161.587890625,10075800
2019-01-18,9173.188434123413,9180.288034395826,9113.438510730379,9140.087890625,9593900
2019-01-21,9150.587896641233,9195.78803409765,9125.43851476989,9155.2880859375,9988200
2019-01-22,9146.288066495023,9146.288066495023,9075.238352991531,9131.138671875,10070700
2019-01-23,9138.73819092485,9151.037979718567,9055.138689577105,9068.837890625,9885700
2019-01-24,9080.2382708519,9086.337872347907,9039.438518866356,9072.1884765625,9798600
2019-01-25,9085.587771735254,9133.138491031279,8974.538111734691,8994.337890625,12626700
2019-01-28,8999.287923950593,9001.138507444979,8849.938511744645,8876.587890625,13465400
2019-01-29,8865.288099603646,8904.888633255472,8825.587956708338,8875.638671875,12133600
2019-01-30,8913.438438906702,8919.438430992994,8851.038130584771,8884.888671875,11725600
2019-01-31,8916.388785692487,9007.438471876241,8899.538221686473,9003.837890625,16599100
2019-02-01,9024.938517128541,9130.087795128884,8988.238369305682,9056.2880859375,14904600
2019-02-04,9044.988277361896,9052.538072264582,8974.638759162463,9041.98828125,16236500
2019-02-05,9039.688468648574,9064.58785041055,9016.688498485102,9033.587890625,19884700
2019-02-06,9056.88875129602,9128.038073922002,9039.288187977627,9118.6884765625,18255100
2019-02-07,9125.488307260664,9179.738237748736,9116.138709865561,9145.7880859375,17573800
2019-02-08,9112.68837826785,9122.63856067727,9024.738297006219,9036.888671875,15209800
2019-02-11,9026.087813587019,9026.087813587019,8949.837913234584,8967.138671875,11761800
2019-02-12,8961.888623819123,8987.837808498289,8917.638681918537,8925.2880859375,12185300
2019-02-14,8878.837878007118,8891.888642013497,8837.738322935847,8869.2880859375,18240100
2019-02-15,8887.538005617982,8889.888588434857,8753.638769319718,8827.0380859375,14737800
2019-02-18,8835.98817195113,8849.037959169897,8744.938489144746,8754.337890625,12633700
2019-02-19,8753.688461280672,8825.787974008643,8729.68849345184,8742.2880859375,11278700
2019-02-20,8781.388756926848,8858.03806944334,8779.988368157103,8845.587890625,12213000
2019-02-21,8857.488339437878,8912.3886577886,8839.738362805077,8901.6884765625,13783000
2019-02-22,8899.587917098543,8925.688468745146,8885.88871634655,8919.73828125,16937700
2019-02-25,8941.13872757289,8989.888663982216,8921.888752683055,8983.837890625,14693800
2019-02-26,8898.988352127273,8993.988227782076,8846.088030743425,8953.138671875,14828900
2019-02-27,8991.788026205948,9057.388526212344,8896.188542058184,8946.1884765625,15118700
2019-02-28,8990.337845613793,8990.587845286671,8941.587909402564,8955.9384765625,18127300
2019-03-01,8995.43853108766,9045.688465929466,8993.9883376556,9037.48828125,15252300
2019-03-05,9042.888838835794,9178.93846972743,9014.688679547433,9173.587890625,19294400
2019-03-06,9211.788109615572,9243.288069623955,9197.888713199423,9230.4384765625,19183500
2019-03-07,9251.638638465722,9254.438439596694,9210.88869022951,9225.337890625,16680900
2019-03-08,9213.28808307494,9225.288067807951,9184.538119652101,9211.0380859375,14225200
2019-03-11,9240.787251737858,9353.38768471571,9235.587063489442,9345.5869140625,15397400
2019-03-12,9399.586969532258,9461.586886159532,9396.836973230242,9440.8369140625,16213000
2019-03-13,9461.23728991028,9471.387666899409,9416.63774044967,9450.2373046875,14433400
2019-03-14,9481.836867500013,9486.487251875737,9424.487335192418,9447.1875,13519200
2019-03-15,9473.836948209408,9540.937444471469,9471.387732732624,9499.3876953125,18611400
2019-03-18,9536.03708356255,9572.937424962296,9481.637742069066,9516.6875,14135500
2019-03-19,9549.737331749702,9576.037101549115,9513.43757521582,9570.1376953125,15538200
2019-03-20,9587.487258839255,9588.48725751032,9540.88771139209,9552.9873046875,15192200
2019-03-22,9572.336817445257,9594.086788379826,9485.437519510066,9500.037109375,15660600
2019-03-25,9446.836866582507,9446.836866582507,9381.887735442077,9411.6376953125,12679500
2019-03-26,9431.887803011956,9522.437486853618,9421.58703550916,9512.5869140625,14751200
2019-03-27,9552.187432660261,9569.586823475482,9475.38773058464,9501.787109375,15642600
2019-03-28,9518.687610069803,9613.537094038464,9510.787229890382,9601.9375,18825500
2019-04-01,9702.987303378974,9756.28703832233,9683.937523618626,9701.9873046875,15815900
2019-04-02,9735.037090764577,9735.037090764577,9681.586965257746,9720.787109375,16133100
2019-04-03,9742.336803716944,9765.637554339646,9647.187514721896,9658.3876953125,14716800
2019-04-04,9673.98724224438,9675.187435974101,9590.836961275403,9626.6376953125,15094000
2019-04-05,9659.637728476215,9700.387675059937,9641.437557021056,9684.9375,12569300
2019-04-08,9715.437393200142,9719.937387270462,9593.83696749653,9634.3876953125,13681900
2019-04-09,9641.887742340166,9685.836903437399,9594.937608617127,9677.7373046875,11975800
2019-04-10,9661.537058451522,9690.336825144173,9612.836927387945,9622.9375,12314300
2019-04-11,9630.137701109546,9641.737295199902,9599.18754657969,9634.537109375,11765200
2019-04-12,9646.586950804976,9682.287099270563,9626.937562527053,9674.5869140625,12478400
2019-04-15,9697.637719940883,9726.836900539984,9683.78715210018,9716.4873046875,12877700
2019-04-16,9751.33695306551,9796.086894984335,9748.687542441694,9781.3876953125,13416700
2019-04-18,9826.437385609614,9826.437385609614,9721.387717864423,9738.6875,14380900
2019-04-22,9715.937346396224,9715.937346396224,9591.787119954648,9599.787109375,11241100
2019-04-23,9614.836877581594,9642.13762268044,9576.987318326297,9587.287109375,12335800
2019-04-24,9607.387800346474,9696.537097580705,9585.237438749054,9687.537109375,12882000
2019-04-25,9697.787018400364,9742.836763690913,9616.287125855913,9628.787109375,16547600
2019-04-26,9661.086951534597,9695.387687844182,9632.037184907753,9689.6875,12423000
2019-04-30,9684.787082445588,9684.787082445588,9592.137790090123,9664.287109375,15989700
2019-05-02,9646.38768358817,9694.937424321848,9620.687522130092,9637.4873046875,14517900
2019-05-03,9637.487287605478,9665.487250671931,9613.586928506413,9624.537109375,11949900
2019-05-06,9544.937483352505,9567.387648765847,9513.836938834751,9532.4375,11324300
2019-05-07,9573.286944820062,9578.536937767707,9441.487317179979,9450.787109375,12938900
2019-05-08,9433.086787860866,9433.437373321849,9331.687511620936,9340.2373046875,14854400
2019-05-09,9313.538068548167,9339.538035785188,9261.488329449381,9299.73828125,13325900
2019-05-10,9309.337866469741,9335.13861517438,9271.087914718668,9290.1884765625,14103600
2019-05-13,9274.037939964566,9288.837725717989,9143.938497032043,9159.9384765625,14485500
2019-05-14,9155.988352930626,9261.837827657553,9108.438608729788,9212.337890625,16104600
2019-05-15,9247.138560508707,9265.638536841183,9145.788104231606,9160.087890625,13544400
2019-05-16,9176.488338626514,9238.93845457814,9136.38878020956,9221.638671875,12882200
2019-05-17,9224.737447497611,9339.33690093214,9221.58706115948,9329.6875,14013000
2019-05-20,9538.287284738799,9681.086901987628,9485.837158272296,9671.8876953125,17608200
2019-05-21,9700.987142795682,9713.487126228827,9556.73733397718,9578.8369140625,13575700
2019-05-22,9595.586917502233,9629.737262957318,9555.787165456994,9598.1875,14715000
2019-05-23,9729.987069127672,9835.687123967846,9521.586955460416,9552.7373046875,20870200
2019-05-24,9618.737439579147,9728.78710056067,9563.587120971,9722.037109375,16182500
2019-05-27,9732.637788861266,9820.937479218832,9702.487437274767,9804.8876953125,14931900
2019-05-28,9834.937474843227,9834.937474843227,9768.287170423468,9815.4873046875,20834700
2019-05-29,9802.387636436408,9811.987233321075,9737.937524981933,9757.1376953125,12287400
2019-05-30,9762.78717727959,9827.23728923087,9759.487376860126,9815.287109375,17000600
2019-05-31,9855.53704398897,9889.287000290386,9734.187591734151,9805.037109375,17229000
2019-06-03,9827.737426041327,9931.63768373262,9796.83707495134,9922.5869140625,11865200
2019-06-04,9897.98727666505,9941.437416124712,9865.58692768897,9876.1875,12227000
2019-06-06,9889.536891247,9889.536891247,9712.037123020513,9722.4873046875,15350100
2019-06-07,9736.03710911395,9761.737270914016,9653.68760712085,9735.8369140625,13587300
2019-06-10,9784.437475819794,9813.637633172913,9727.88774464535,9765.8369140625,15015500
2019-06-11,9791.887712402404,9826.637667409273,9743.037189714994,9805.0869140625,14034000
2019-06-12,9801.93743229132,9802.037041536621,9727.737333594152,9749.9375,11264200
2019-06-13,9727.137721231038,9758.88767987738,9668.037212270718,9747.037109375,13648200
2019-06-14,9742.787013733498,9745.137596585002,9652.58693684143,9669.9375,12085700
2019-06-17,9681.887511338768,9681.937315960016,9533.336927697497,9543.5869140625,11683600
2019-06-18,9547.487309804263,9587.037061923576,9514.086963573867,9551.3369140625,13950000
2019-06-19,9592.137607422437,9634.137551450158,9476.086980830212,9526.1875,17789400
2019-06-20,9501.537299489075,9655.237292513371,9476.237528099204,9645.9873046875,18778100
2019-06-21,9641.137616409624,9641.237225652643,9566.086934599503,9581.5869140625,17244900
2019-06-24,9585.9374709957,9605.037055018025,9543.387722788484,9564.0869140625,13036700
2019-06-25,9548.637806280223,9643.737290321671,9525.937640884735,9632.8369140625,13944600
2019-06-26,9611.93759289234,9699.637673219358,9604.13779843132,9682.787109375,16573200
2019-06-27,9694.537106493122,9733.93744551038,9675.487326757593,9692.3369140625,20235100
2019-06-28,9707.437434932574,9713.73723133902,9644.086932269005,9657.9375,12898700
2019-07-01,9696.987325600196,9724.336899228068,9691.887722890606,9712.9873046875,10776000
2019-07-02,9734.737317844983,9750.037102600334,9675.787199331118,9744.8369140625,11967700
2019-07-03,9762.836906841598,9774.78708660559,9731.487338255864,9757.287109375,10657500
2019-07-04,9767.787121061627,9793.48728300206,9765.187515062256,9776.787109375,11471200
2019-07-05,9793.637516535837,9805.286915284783,9644.836930889565,9657.6376953125,13960900
2019-07-08,9619.387464727273,9620.887462711675,9417.987344730456,9447.787109375,12886200
2019-07-09,9428.037146432003,9473.387671481056,9375.787216583716,9455.6376953125,12144600
2019-07-10,9443.637636494956,9482.487193401583,9385.687519447141,9400.0869140625,10260500
2019-07-11,9447.137721128518,9475.687487528108,9414.086984202651,9466.3876953125,10798500
2019-07-12,9480.037079441561,9519.737221463756,9448.387707862654,9457.7373046875,11902500
2019-07-15,9499.237264332882,9502.687455019697,9427.836969434557,9469.1376953125,10338800
2019-07-16,9473.836988663625,9533.537104445737,9456.587011643434,9529.8369140625,11907200
2019-07-17,9535.237315462235,9563.937472595484,9520.13772617392,9543.3369140625,12125500
2019-07-18,9534.13759059395,9534.487199499583,9447.637706724137,9456.1376953125,12282600
2019-07-19,9484.537859363027,9494.888432264474,9288.788105900534,9304.638671875,13150300
2019-07-22,9282.587846463572,9285.288038354383,9197.288149867994,9247.73828125,12439200
2019-07-23,9265.837849631736,9277.638615904789,9208.888703158778,9233.5380859375,12699900
2019-07-24,9228.787998499442,9256.388549128156,9134.638704880088,9160.4384765625,13084700
2019-07-25,9173.73826257041,9232.438382778464,9148.438490252953,9159.138671875,14141400
2019-07-26,9155.988327907276,9206.688458587036,9125.337976355475,9192.587890625,13474600
2019-07-29,9205.337766541496,9208.18834881167,9081.688511555998,9108.888671875,18021700
2019-07-30,9123.638516215115,9165.787875420248,8995.238292702925,9004.0380859375,16915000
2019-07-31,8963.288191724761,9058.43845907173,8927.988432772128,9044.9384765625,15162700
2019-08-01,9001.688390072406,9026.138553319804,8859.538185869911,8935.73828125,13764900
2019-08-02,8890.488351282755,9007.038003261665,8821.088051589146,8943.9384765625,16107600
2019-08-05,8866.88862550103,8866.88862550103,8765.188565130318,8831.9384765625,13911300
2019-08-06,8792.63883736818,8960.938420915207,8791.588057498871,8918.587890625,14294800
2019-08-07,8928.58779275638,8953.238150757647,8840.138691065127,8854.638671875,14779300
2019-08-08,8888.438595581865,8998.888646753094,8844.388848380862,8979.638671875,14152600
2019-08-09,9022.488312403717,9103.087817371324,9010.33793751813,9046.5380859375,14886400
2019-08-13,9066.337658295804,9070.18823915754,8874.837910727241,8890.087890625,15502200
2019-08-14,8941.98831926218,8998.238245784043,8896.988378044689,8971.087890625,13999400
2019-08-16,8971.63869423279,8999.188463003451,8886.28821956734,8988.7880859375,14091900
2019-08-19,9022.587858522096,9061.388589238737,8983.63869049878,8997.9384765625,11295000
2019-08-20,9004.738219303652,9012.087819063338,8930.48831644313,8957.388671875,12006400
2019-08-21,8957.83776721807,8965.087757633666,8858.43848456026,8864.48828125,13423900
2019-08-22,8851.337713081944,8853.238101152801,8706.438493765552,8719.23828125,17483600
2019-08-23,8687.438614005388,8812.837860896958,8628.338106855335,8790.5380859375,17203700
2019-08-26,8933.038127311222,8973.18846545121,8735.288385812093,8964.6884765625,18075000
2019-08-27,9003.988304954419,9047.837857374378,8972.888735973836,9022.23828125,18566800
2019-08-28,9023.788016834626,9047.537985809835,8930.087943923347,8970.888671875,14455000
2019-08-29,8938.03804389706,8954.638607991315,8874.23832315809,8906.087890625,16308400
2019-08-30,8936.438530211442,8991.188458744107,8859.738435018733,8977.5380859375,15239100
2019-09-03,8927.888504726649,8931.638499734197,8783.738306012045,8802.337890625,12556700
2019-09-04,8798.738326821147,8841.93846482055,8751.238389838734,8833.087890625,12695700
2019-09-05,8847.98827899774,8894.888607493493,8824.988309465987,8846.2880859375,13510900
2019-09-06,8873.738342534723,8928.438465987454,8859.238361583406,8920.388671875,12849500
2019-09-09,8914.688551924068,8986.587872079563,8882.888788769931,8972.388671875,11806900
2019-09-11,8992.6885057454,9026.238266821672,8981.087934887444,9015.138671875,16867100
2019-09-12,9036.938404343775,9060.98817765227,8969.837905955823,8981.587890625,15105700
2019-09-13,8992.638747229483,9056.788078233378,8945.588026899326,9050.837890625,15287900
2019-09-16,8992.138693987934,9044.438430645896,8978.938515845732,9009.138671875,12670600
2019-09-17,9010.537878601159,9012.087681237384,8838.238301964375,8853.888671875,15282100
2019-09-18,8898.938448512055,8912.188431021777,8841.538133656772,8877.6884765625,13272900
2019-09-19,8884.48812344426,8884.48812344426,8738.638709037015,8766.4384765625,16548500
2019-09-20,8799.439023809658,9293.888591383875,8748.038698440965,9230.48828125,32740500
2019-09-23,9425.38777721152,9552.23721683176,9386.88782873362,9486.5869140625,22172100
2019-09-24,9489.086894835315,9530.336839564026,9434.637749042367,9474.7373046875,16933000
2019-09-25,9458.036954626992,9458.437344708007,9326.086938586966,9344.1376953125,15740200
2019-09-26,9365.48740994603,9471.237267786168,9363.23741297071,9443.787109375,19114400
2019-09-27,9435.537055394389,9465.33681981646,9388.487314280475,9395.5869140625,15704100
2019-09-30,9384.637635851432,9389.537043255088,9276.88778229555,9340.8876953125,20505000
2019-10-01,9372.688303631134,9401.988071144295,9140.038208183005,9236.388671875,8878200
2019-10-03,9207.138660727513,9243.788028098706,9153.68853351049,9198.388671875,19082700
2019-10-04,9253.087682523836,9263.988059098696,9078.788102501358,9091.638671875,17664500
2019-10-07,9104.488198486308,9120.287982693648,9031.587902356883,9040.638671875,15486100
2019-10-09,9059.088042377873,9183.288079106918,9008.838106538951,9177.9384765625,17561000
2019-10-10,9153.488228846601,9165.038018681365,9097.53810548454,9112.73828125,17267000
2019-10-11,9132.388708970175,9207.337831849334,9076.2881947934,9161.388671875,16980600
2019-10-14,9187.688482872987,9248.488210053165,9156.888717448943,9192.638671875,14616600
2019-10-15,9208.688533738132,9277.238251616567,9196.837962807798,9253.837890625,14676900
2019-10-16,9282.938475172961,9301.738256124867,9246.638716315587,9281.837890625,16306200
2019-10-17,9286.63783637851,9399.23729353466,9268.037275586388,9390.9873046875,18376000
2019-10-18,9391.837031049477,9494.687479241145,9373.487446249761,9479.1875,21894300
2019-10-22,9481.037065302948,9526.78700383013,9435.83693072451,9448.2373046875,19939500
2019-10-23,9457.23730656709,9497.737252208368,9418.237358912529,9458.6376953125,17000300
2019-10-24,9501.33682837576,9516.6375890435,9402.487351971005,9437.6376953125,22261300
2019-10-25,9478.437436260827,9479.037044828687,9365.537197612352,9431.0869140625,20623400
2019-10-29,9490.087057239987,9615.737281672773,9475.487467175244,9598.3369140625,21713500
2019-10-30,9666.586888994661,9673.687465588426,9602.086973870892,9647.537109375,19182500
2019-10-31,9686.387699570627,9733.336856808088,9671.287133417809,9689.6376953125,28856500
2019-11-01,9703.086915240441,9730.737269691663,9678.187533752738,9703.9873046875,26818300
2019-11-04,9736.737299013705,9779.987242596762,9712.08694054361,9732.3876953125,19823600
2019-11-05,9757.737221265825,9760.787021959304,9657.687547603393,9694.037109375,16944200
2019-11-06,9694.836948669401,9750.537071241859,9646.087012333039,9721.3369140625,16912200
2019-11-07,9768.887689330926,9771.287100273765,9718.237364560371,9764.287109375,16864700
2019-11-08,9753.237212979135,9785.387561453292,9669.937517502036,9683.287109375,19752800
2019-11-11,9665.637734854008,9708.336897695559,9655.487357519476,9695.8369140625,15657600
2019-11-13,9698.086829528447,9730.586786700984,9618.237325376716,9633.9375,18213500
2019-11-14,9648.836916102586,9671.086886832225,9596.836984509722,9650.3876953125,19531200
2019-11-15,9676.937487326893,9721.287038461003,9657.787121850612,9667.287109375,22612500
2019-11-18,9685.836891412464,9705.687451285237,9654.387713956723,9668.5869140625,18168600
2019-11-19,9692.18751301988,9714.2372888551,9662.586965814897,9702.1376953125,25121000
2019-11-20,9748.387690752823,9776.687458572336,9725.687525013336,9744.8876953125,34360000
2019-11-21,9768.037036567552,9769.487229984457,9703.887706356734,9712.3369140625,24411000
2019-11-22,9715.037062485511,9715.487257207538,9650.187538166876,9679.287109375,17645200
2019-11-25,9688.8370606759,9809.08690493181,9687.037258319451,9802.037109375,19054900
2019-11-26,9833.586822061354,9852.887578213205,9739.187530752979,9762.8369140625,37029400
2019-11-27,9787.287146429555,9824.487293629738,9778.137744200312,9815.9375,16745200
2019-11-28,9838.437540260473,9874.88768868763,9816.73737286061,9869.7373046875,22874100
2019-11-29,9871.086839743999,9872.086838450361,9781.037151548362,9813.6376953125,24093500
2019-12-02,9863.086829712645,9863.137610896847,9778.586939199673,9797.9873046875,29711100
2019-12-03,9814.7372113933,9815.937405141947,9715.487340715923,9743.1376953125,21251400
2019-12-04,9722.237382360958,9790.086903680016,9699.587021131874,9782.0869140625,22775000
2019-12-05,9801.086857465989,9805.586851611177,9741.93752036097,9757.5869140625,16298700
2019-12-06,9781.887547607099,9787.237149958399,9642.13773109003,9669.3876953125,20041400
2019-12-09,9681.987290839208,9714.28705312809,9636.73735023701,9671.4375,16475100
2019-12-10,9680.53699671702,9682.637579875314,9584.987318447864,9595.3876953125,16887500
2019-12-11,9605.586954442968,9645.937487220443,9574.836994954667,9636.2373046875,19091700
2019-12-12,9666.487336979271,9714.937468822489,9657.336958341193,9691.1376953125,15091300
2019-12-13,9732.336980565095,9791.03709970754,9731.137763371216,9783.5869140625,17187300
2019-12-16,9815.237223657745,9817.637611158198,9747.937506573244,9752.9873046875,12404900
2019-12-17,9776.43757089212,9842.887680396869,9766.537193051585,9831.3369140625,15166700
2019-12-18,9854.737317299488,9876.387680061232,9821.18755578935,9864.537109375,15186300
2019-12-19,9866.137728871428,9898.537101354044,9845.537169371752,9892.287109375,14711400
2019-12-20,9899.487312184723,9920.637675702066,9891.637712870272,9905.3369140625,18139400
2019-12-23,9882.937518855342,9922.037078078867,9861.387741808898,9897.6376953125,13469500
2019-12-24,9905.33686652877,9915.237244417303,9860.336924419516,9868.3876953125,11316600
2019-12-26,9871.437429845508,9877.137617786684,9811.336921628304,9817.1875,13728700
2019-12-27,9852.13776776574,9916.237295014473,9842.937584240797,9908.6875,11994800
2019-12-30,9931.586905237024,9946.037082065362,9891.037152419345,9924.6875,11473600
2019-12-31,9921.48724174145,9921.687436796514,9861.487318896669,9872.537109375,11862400
2020-01-01,9897.937487931405,9914.387662124493,9875.086931330396,9888.537109375,8669900
2020-01-02,9903.237402319288,9984.387689714871,9901.387795297129,9979.9873046875,13807300
2020-01-03,9966.787077259642,9976.737259865917,9913.586949882854,9941.6376953125,13777400
2020-01-06,9896.437305872974,9901.58671322872,9731.836934316314,9747.3876953125,13305200
2020-01-07,9814.437488282978,9883.437398946844,9765.487356347596,9805.3876953125,12705200
2020-01-08,9708.687608255404,9798.2372968441,9700.337033144206,9792.1875,15446700
2020-01-09,9894.037173018916,9951.187490680388,9882.137774148321,9943.8876953125,16682300
2020-01-10,9984.987295781188,10023.137637866286,9947.336953059923,9977.9873046875,16223200
2020-01-13,10012.787146920757,10046.437495006327,10006.23735051325,10042.4873046875,12975600
2020-01-14,10051.186556884179,10083.835926644837,10032.835995846506,10075.8359375,13984000
2020-01-15,10069.986351234116,10095.93651137401,10030.936599474286,10087.0361328125,17406900
2020-01-16,10099.936537095256,10132.136688863258,10076.58598273488,10110.0361328125,13973900
2020-01-17,10096.386748880366,10138.4364967523,10089.486367578824,10118.6865234375,22525300
2020-01-20,10174.937311008174,10174.937311008174,10019.037117796235,10025.6875,15704800
2020-01-21,10001.836895885821,10033.287051221543,9977.687512519975,9987.537109375,17900
2020-01-22,10029.537004017046,10034.036998273716,9934.987320003047,9946.9873046875,16000
2020-01-23,9961.787184878227,10027.787101268093,9944.087011988691,10021.3876953125,23475300
2020-01-24,10019.936609872242,10101.236304330288,9999.236442625877,10083.6865234375,15534900
2020-01-27,10046.437440519336,10077.437401162291,9989.537122134052,9999.5869140625,12548200
2020-01-28,10023.487219835155,10041.0370021463,9934.18752900671,9956.9375,15245400
2020-01-29,10006.937502980132,10039.037071641536,9990.187524225023,10009.287109375,14210700
2020-01-30,10025.336778204774,10026.887557469972,9902.287131005347,9919.1875,15760600
2020-01-31,9968.387557628272,9971.187358711393,9849.237320393637,9861.4375,16760200
2020-02-03,9578.487399469124,9682.637653084132,9559.83703337874,9650.537109375,15170600
2020-02-04,9711.937681801946,9858.63768809634,9711.087096960397,9853.037109375,14763000
2020-02-05,9880.137786144032,9955.887689506897,9847.037242434199,9951.3369140625,16625300
2020-02-06,9979.637726466159,10022.48728146508,9953.18756471891,10004.1875,15840900
2020-02-07,10019.437476261299,10021.687473405067,9974.537142634472,10000.7373046875,13516900
2020-02-10,10008.737224142817,10008.737224142817,9917.637731053626,9945.6376953125,12720800
2020-02-11,10004.037087764984,10044.137622727523,9979.586923533021,9987.037109375,12801700
2020-02-12,10020.58693493234,10067.687461295194,10015.836940940324,10037.0869140625,15152000
2020-02-13,10049.836873383249,10053.18745507461,9990.336948786517,10017.7373046875,12807500
2020-02-14,10031.237215217672,10071.687358976582,9947.637712389991,9961.037109375,26840400
2020-02-17,9976.137586020131,9990.737176656217,9884.937507765055,9890.9873046875,0
2020-02-18,9876.687459833229,9877.586872735983,9768.437599415844,9845.537109375,21250600
2020-02-19,9921.287172020991,9974.836908524197,9895.38779093589,9970.4873046875,21953400
2020-02-20,9969.887680970973,10016.637621373955,9950.586924325657,9958.6376953125,23129000
2020-02-24,9904.487114353042,9904.487114353042,9745.53712583302,9758.1875,19233300
2020-02-25,9796.437406332467,9813.786993058058,9711.737321593602,9724.6875,18377800
2020-02-26,9680.086838334952,9713.187380602558,9596.287144205266,9622.6875,16572100
2020-02-27,9612.387651510988,9613.487259428699,9496.537219107857,9579.3369140625,17747000
2020-02-28,9372.688303179744,9374.837714515057,9214.087918475527,9236.0380859375,22528700
2020-03-02,9380.38841448766,9436.487952239211,9104.988375471628,9178.7880859375,18603000
2020-03-03,9251.387794567228,9348.537076357901,9200.987472563864,9324.287109375,18210600
2020-03-04,9362.88853941241,9368.537946324092,9125.438644655575,9258.23828125,18769300
2020-03-05,9305.538053863733,9365.537978097182,9250.038123947794,9280.138671875,24994200
2020-03-06,8997.038167297103,9089.188438728579,8918.538268834292,9059.9384765625,29361700
2020-03-09,8862.688162458704,8870.138347656102,8520.938626451358,8631.337890625,32066200
2020-03-11,8556.087974864342,8709.48815689681,8555.788170584514,8618.0380859375,28714100
2020-03-12,8272.389655191559,8272.838873358589,7841.489823763678,7901.33984375,34715700
2020-03-13,7425.0400336134835,8297.9890801578,7028.6909458190075,8162.9892578125,41734500
2020-03-16,7866.989880507796,7904.239832592316,7564.790073921942,7591.89013671875,31756000
2020-03-17,7642.340036204691,7746.139704235706,7383.3403771882795,7417.64013671875,25419900
2020-03-18,7512.289863357706,7543.0398226649895,6969.340874833736,7010.54052734375,48742700
2020-03-19,6676.841476894244,7041.6911034771865,6483.141531676214,6807.19140625,27415800
2020-03-20,6833.641047981611,7267.24058382209,6744.7910654484585,7160.0908203125,28681600
2020-03-23,6522.791131880465,6692.841198747937,6226.09181934535,6242.99169921875,16536600
2020-03-24,6420.991626779761,6556.641352231048,6151.592075743395,6365.44189453125,18218300
2020-03-25,6299.741765482379,6758.741165515144,6291.841873464735,6723.9912109375,16082700
2020-03-26,6826.040749930877,7079.74060871001,6722.3411804573125,6993.8408203125,20578700
2020-03-27,7230.540226303323,7311.040119664139,6902.89075800079,7003.29052734375,19528000
2020-03-30,6810.491131110587,6947.94114743027,6721.241247335296,6749.19140625,13416500
2020-03-31,6938.040605177301,7041.640565464955,6808.740971934933,6996.74072265625,16366900
2020-04-01,6995.540711996386,6998.390805948129,6720.441460190961,6761.94140625,13239600
2020-04-03,6831.640857491984,6831.640857491984,6619.541040648418,6638.44140625,16287700
2020-04-07,6913.491028267448,7164.690897594417,6842.941315133283,7148.99072265625,19047300
2020-04-08,7090.390717042529,7435.490367636781,7061.3409499877735,7161.44091796875,21739200
2020-04-09,7335.190569380705,7454.890119330868,7298.390324704721,7441.64013671875,19020400
2020-04-13,7450.190310475458,7453.640012929678,7278.990342309342,7360.34033203125,24148300
2020-04-15,7502.990023421623,7581.590016565007,7298.540099962169,7344.34033203125,28227200
2020-04-16,7297.790189915015,7453.039985374815,7268.240424159064,7412.2900390625,21057100
2020-04-17,7665.3900713101975,7665.640070989568,7489.190590258708,7614.39013671875,24966400
2020-04-20,7712.190304516652,7712.39001129178,7602.0903480623365,7614.59033203125,22190500
2020-04-21,7436.490180700075,7446.039972777826,7346.540104159571,7395.84033203125,18829400
2020-04-22,7421.840477145121,7543.790026100083,7350.240472299899,7533.7900390625,21423700
2020-04-23,7575.540102776696,7655.590293226048,7540.390245448981,7625.2900390625,22850400
2020-04-24,7519.590297952137,7599.889997991209,7485.540049358458,7493.4404296875,19394200
2020-04-27,7577.990267702398,7657.640067753122,7572.090372935793,7603.9404296875,16303300
2020-04-28,7690.539526591885,7698.539515900222,7584.839960823838,7672.43994140625,17820300
2020-04-29,7702.589968156262,7828.2895098829185,7692.940078502862,7797.18994140625,20612500
2020-04-30,7947.139248301471,8041.039024761912,7933.289169212824,8012.88916015625,26580200
2020-05-04,7764.940213663048,7765.789821945896,7578.740257706246,7596.89013671875,21674900
2020-05-05,7704.489998835609,7727.739968654927,7513.240247096066,7523.0400390625,18397000
2020-05-06,7544.14017713236,7620.789980666235,7451.190589923165,7575.490234375,20962000
2020-05-07,7551.590292103188,7592.440336716667,7509.790053411013,7520.84033203125,16292800
2020-05-08,7649.340206146114,7654.140004626902,7542.790050959436,7551.990234375,0
2020-05-11,7628.490141195374,7692.340156334008,7542.740252015653,7556.39013671875,25057500
2020-05-12,7508.540055098669,7552.590290869657,7403.290191762107,7520.89013671875,22496800
2020-05-13,7819.139444951021,7819.189737852509,7632.839889422348,7666.98974609375,29043800
2020-05-14,7558.14008005771,7614.789908781388,7495.890160955458,7514.5400390625,21444600
2020-05-15,7547.590275355742,7547.590275355742,7447.6905030197895,7504.0400390625,18293500
2020-05-18,7522.440563021509,7522.490367645235,7234.440931797603,7245.24072265625,22358500
2020-05-19,7350.09024408754,7398.039886837253,7266.140161318952,7284.490234375,26744700
2020-05-20,7292.89031285094,7446.840305733089,7281.790229790298,7426.84033203125,20534100
2020-05-21,7444.44046387085,7525.289967558629,7429.240288428161,7470.59033203125,19930000
2020-05-22,7445.990194870044,7507.490113884886,7368.69049197339,7415.990234375,20121100
2020-05-26,7463.590280601943,7502.690326828885,7395.94046723975,7424.490234375,18462100
2020-05-27,7462.940600171282,7607.390121483038,7394.040298131756,7595.5400390625,20211800
2020-05-28,7634.989875059107,7746.3896296730045,7616.789703882286,7732.23974609375,25754400
2020-05-29,7687.590020450831,7834.0395355101045,7658.7897652346255,7822.3896484375,54042400
2020-06-01,7935.689566170918,8086.989168206225,7923.6895822438155,8020.08935546875,29915300
2020-06-02,8068.1392516390515,8147.389147021716,8030.6393011425225,8137.439453125,31957200
2020-06-03,8241.588816639623,8295.338746251646,8182.139187460366,8202.9892578125,34838000
2020-06-04,8208.989227498718,8266.939346764373,8117.189543278208,8185.88916015625,32952800
2020-06-05,8243.588939347004,8319.389622484954,8206.088987884787,8299.3388671875,45184000
2020-06-08,8444.538906864324,8445.6394913815,8287.889694960335,8323.939453125,47571200
2020-06-09,8350.288916194955,8422.139408441857,8213.588899134624,8238.0888671875,40620300
2020-06-10,8260.139691439694,8314.588839662858,8224.689542045027,8293.3388671875,32714600
2020-06-11,8284.088672991655,8306.43922942268,8124.989273654487,8136.9892578125,45938500
2020-06-12,7839.7895298600815,8212.789041006958,7839.139628368092,8196.3896484375,37565800
2020-06-15,8171.739144498689,8196.38950237766,8030.3892346144785,8086.439453125,0
2020-06-16,8239.389533666104,8260.189310945952,8015.139340877029,8152.2890625,0
2020-06-17,8126.289081172941,8223.939342937892,8097.989313830036,8140.439453125,0
2020-06-18,8130.889358242155,8296.989240500809,8117.939668004006,8283.6396484375,0
2020-06-19,8314.939566192155,8420.838844881913,8282.489412361207,8403.3896484375,0
2020-06-22,8471.88966685471,8538.739191611168,8447.939501858476,8486.439453125,38391800
2020-06-23,8527.488408480918,8629.888659912007,8488.338071073451,8621.087890625,28347000
2020-06-24,8678.689222445088,8699.538805458997,8476.838891716277,8496.2392578125,37250100
2020-06-25,8440.739332566856,8543.539007335803,8410.139761863691,8499.8896484375,32949100
2020-06-26,8572.439436243994,8595.43940737727,8515.639702844514,8558.9892578125,31776100
2020-06-29,8514.58883358697,8521.389606230132,8426.93953045059,8488.0390625,28424100
2020-06-30,8544.689364523132,8560.28895412493,8448.539095773049,8474.7890625,26583700
2020-07-01,8493.739334410113,8567.338851366188,8466.689563689015,8554.7392578125,21687600
2020-07-02,8602.438538083503,8677.938435773025,8598.788152405168,8647.837890625,22396000
2020-07-03,8700.837884426734,8712.88864943754,8660.638719847737,8696.23828125,21076100
2020-07-06,8781.988326047822,8843.087854202835,8761.938548012617,8815.6884765625,23473700
2020-07-07,8847.23828528827,8861.438461798181,8762.18859321587,8850.2880859375,25059200
2020-07-08,8872.03796981742,8894.037940470522,8763.538114550985,8784.98828125,30968900
2020-07-09,8823.738317989006,8867.288065019693,8807.988338840874,8851.48828125,23002800
2020-07-10,8818.68847024705,8865.337822285961,8772.43853173959,8813.9384765625,28165600
2020-07-13,8879.5380257803,8901.287996928475,8796.538135881525,8834.1884765625,20738700
2020-07-14,8799.537942778235,8802.688329156466,8655.388723031048,8693.337890625,19535800
2020-07-15,8764.03798587437,8846.888460083206,8661.438514860703,8689.837890625,23275300
2020-07-16,8750.587912012996,8776.038073304953,8650.588045687973,8766.587890625,26639800
2020-07-17,8783.038233816686,8915.23825496743,8781.438626549027,8895.2880859375,26162900
2020-07-20,8965.238307138707,8994.938463714945,8938.087951924404,8985.087890625,26737600
2020-07-21,9066.138677623163,9089.188452531496,9049.43850388646,9070.587890625,25123800
2020-07-22,9119.138577894442,9123.037986905734,8988.538161133836,9046.587890625,24837500
2020-07-23,9054.837966743993,9129.288066329209,9034.587992781231,9114.0380859375,17271500
2020-07-24,9066.638696767233,9108.188447865206,9011.488377273334,9085.9384765625,20245700
2020-07-27,9112.438362879886,9112.438362879886,8995.08792932104,9024.888671875,16647500
2020-07-28,9045.438600008594,9152.988266828697,9043.88879730778,9141.73828125,18020900
2020-07-29,9135.488230489416,9180.688367569288,9057.888721088082,9096.087890625,21091100
2020-07-30,9136.188340972372,9163.938304966383,9013.888694970481,9031.6884765625,19996000
2020-07-31,9061.488247854011,9076.938423128664,8997.688525910497,9035.73828125,19817500
2020-08-03,9029.58776264074,9029.787957690587,8925.038095121421,8932.0380859375,21390200
2020-08-04,8980.5382078395,9085.738267303896,8950.988441310532,9074.9384765625,0
2020-08-05,9126.63862300742,9175.43836477398,9060.788121975607,9088.73828125,20324500
2020-08-06,9150.138696093425,9205.087844614483,9115.738349434529,9169.087890625,19051500
2020-08-07,9170.038122373619,9211.738264561569,9142.288157726121,9198.638671875,23343800
2020-08-10,9257.188490912451,9308.738230422627,9241.488315450593,9268.5380859375,20768500
2020-08-11,9315.138641414082,9346.888601367766,9282.988291340409,9290.98828125,20230100
2020-08-12,9269.138691626807,9294.888659126611,9229.188546737187,9284.7880859375,21423700
2020-08-13,9314.938467622735,9339.188437091549,9280.2881206232,9307.837890625,23392200
2020-08-14,9350.63849859409,9365.83769801393,9157.638744048883,9214.388671875,24665600
2020-08-17,9278.837876780315,9281.938458797295,9184.238387021316,9267.888671875,17520500
2020-08-18,9286.087043897423,9392.737290208539,9282.08704931002,9382.037109375,0
2020-08-19,9436.937467089621,9449.137645946932,9402.23731857951,9412.537109375,0
2020-08-20,9347.887723565182,9398.586873614187,9325.037168591825,9368.7373046875,0
2020-08-21,9451.187462749669,9465.037053466613,9415.637705954512,9423.537109375,0
2020-08-24,9466.787151543866,9523.387661830104,9465.687543638582,9498.3369140625,0
2020-08-25,9545.586865533998,9556.487241606446,9469.187553468442,9509.2373046875,0
2020-08-26,9547.037136047855,9575.187489318158,9507.987383178239,9567.1376953125,0
2020-08-27,9619.586862517184,9625.637635749341,9568.787125144117,9580.6875,0
2020-08-28,9622.987328455441,9675.887649421327,9614.737339319023,9641.037109375,0
2020-08-31,9735.687007401748,9747.036601402648,9324.637759519412,9372.037109375,0
2020-09-01,9422.437526621272,9479.08686451739,9353.187619729419,9442.2373046875,0
2020-09-02,9457.637776338745,9534.4872832144,9429.687618305246,9518.3876953125,0
2020-09-03,9550.336893159112,9567.737260615628,9520.08693343675,9534.6376953125,0
2020-09-04,9388.336899984391,9476.586780516778,9355.037140376191,9377.9375,0
2020-09-07,9403.437467039661,9420.687443690496,9307.537206223009,9379.0869140625,27227900
2020-09-08,9400.586817791564,9436.687354606276,9306.237336799959,9329.8369140625,0
2020-09-09,9250.087941208274,9306.288065629295,9203.48839061448,9290.1884765625,0
2020-09-10,9359.537191178344,9429.887682307035,9345.58701466599,9420.2373046875,0
2020-09-11,9424.437529499553,9460.63767616148,9405.137750749664,9446.3876953125,0
2020-09-14,9519.987268981546,9577.836800994735,9446.836976179968,9493.287109375,0
2020-09-15,9538.13774199053,9583.187486937042,9515.336990976868,9573.3369140625,0
2020-09-16,9595.73735312277,9640.937488862926,9574.987380470575,9632.4873046875,0
2020-09-17,9584.537085754222,9624.637618477258,9553.836931181637,9566.7373046875,0
2020-09-18,9622.137612110839,9626.53702033078,9517.787164754152,9559.4873046875,0
2020-09-21,9565.937155182886,9582.336546890003,9284.737343197387,9312.9873046875,0
2020-09-22,9339.787925811635,9340.238120551552,9117.938598597284,9213.888671875,0
2020-09-23,9296.43834642918,9309.037939745222,9105.988393856876,9194.337890625,0
2020-09-24,9094.087694958185,9097.388471883745,8933.938490711605,8944.73828125,0
2020-09-25,9032.688634499498,9171.138652611739,8985.738499277824,9156.087890625,0
2020-09-28,9237.737430548694,9338.687488502144,9212.737464565233,9330.2373046875,0
2020-09-29,9385.737214714336,9401.786997538764,9286.037155213624,9319.6875,0
2020-09-30,9344.287105909849,9375.83686772159,9292.336981196966,9341.7373046875,0
2020-10-01,9433.687537569225,9472.387680955426,9423.787160228154,9461.6875,0
2020-10-05,9518.187497464765,9567.537041004438,9476.787162070359,9516.287109375,0
2020-10-06,9592.637734496366,9633.336899549575,9564.037186293244,9622.3369140625,0
2020-10-07,9637.137718126598,9673.287084653948,9593.687579949506,9654.4873046875,0
2020-10-08,9724.537092708137,9759.287047282765,9674.93754816999,9711.787109375,0
2020-10-09,9728.737332552162,9774.737272657252,9691.187576756884,9750.1376953125,0
2020-10-12,9793.336851532675,9822.937398909353,9698.887755822114,9745.3369140625,0
2020-10-13,9745.887682990435,9784.787046332167,9715.937526729856,9736.4375,0
2020-10-14,9726.437548046199,9781.23728147772,9657.487442389376,9763.3876953125,0
2020-10-15,9801.536775044691,9802.887359186798,9535.687519075584,9550.037109375,0
2020-10-16,9588.78715876515,9634.987293147806,9536.437618429978,9626.2373046875,0
2020-10-19,9710.937497842046,9717.58690321016,9664.437558642725,9709.287109375,0
2020-10-20,9699.287153332107,9760.336878388829,9682.287175506186,9732.9873046875,0
2020-10-21,9780.487273588249,9821.937414965649,9635.287267210617,9756.5869140625,0
2020-10-22,9726.437524230543,9763.787084948535,9683.787189168115,9745.037109375,0
2020-10-23,9794.387677073984,9807.137660523938,9764.537129883824,9780.3369140625,0
2020-10-26,9794.937306168655,9797.687302549939,9609.187550596489,9647.6376953125,0
2020-10-27,9674.137791878054,9756.037099282094,9607.587097297832,9748.287109375,0
2020-10-28,9773.836727567326,9782.93730151037,9602.737343699404,9632.3369140625,0
2020-10-29,9557.137743283507,9637.836855241154,9530.237388256819,9593.3876953125,0
2020-10-30,9605.0868829932,9664.987194252522,9500.687607255846,9581.6376953125,0
2020-11-02,9622.687464610111,9634.137644774157,9524.18759492428,9595.9375,0
2020-11-03,9648.637757699618,9715.437474926497,9642.987374472643,9696.287109375,0
2020-11-04,9684.087018723489,9778.086896510657,9654.587057077517,9764.5869140625,0
2020-11-05,9874.336992007826,9941.487296828578,9857.237404482574,9935.3369140625,0
2020-11-06,9965.03719598452,10044.88768088767,9951.187604133327,10033.4873046875,0
2020-11-09,10137.286185275718,10183.486318518486,10100.436625407985,10176.3359375,0
2020-11-10,10252.78615438101,10276.986317474011,10181.63683504496,10268.986328125,0
2020-11-11,10308.486391491002,10378.036104364062,10233.336100073915,10356.486328125,0
2020-11-12,10334.736338634255,10367.835904255331,10294.536196461848,10342.6865234375,0
2020-11-13,10324.086020554461,10394.136709601991,10293.236451784436,10387.1865234375,0
2020-11-17,10543.236303117057,10543.835911713095,10459.586021163444,10523.986328125,0
2020-11-18,10516.736420575755,10594.9365149147,10491.486453179026,10588.3359375,0
2020-11-19,10522.886659507962,10633.136515644996,10453.58596868713,10477.486328125,0
2020-11-20,10514.835996664284,10583.736298089616,10456.936657559392,10560.5361328125,0
2020-11-23,10642.835928631219,10661.236295603621,10567.436611490135,10635.9365234375,0
2020-11-24,10698.28617777547,10749.335917438506,10686.486388117919,10733.5859375,0
2020-11-25,10794.386435032764,10804.085641243082,10556.186547678528,10574.9365234375,0
2020-11-26,10611.036213506159,10694.73630161112,10531.886900822321,10674.0361328125,20812300
2020-11-27,10703.236348277249,10750.98628737334,10670.186585743933,10719.0361328125,0
2020-12-01,10803.23539468981,10850.13572190845,10734.28529259361,10835.1357421875,0
2020-12-02,10856.235354126266,10866.135731394916,10755.885880130214,10858.1357421875,0
2020-12-03,10936.735293538906,10936.735293538906,10871.785185563826,10893.5849609375,0
2020-12-04,10934.635801159935,10990.185531730576,10888.935666822535,10978.8349609375,0
2020-12-07,10994.135842884447,11078.33495021989,10982.735467344735,11070.2353515625,0
2020-12-08,11112.58492929987,11136.785092643191,11008.385848200141,11088.6357421875,0
2020-12-09,11147.535200335216,11201.735324640298,11143.435596331095,11181.185546875,0
2020-12-10,11156.885721741624,11156.885721741624,11060.185653568728,11141.3349609375,0
2020-12-11,11172.635740548443,11221.935480591845,11081.98546878827,11171.3857421875,0
2020-12-14,11223.285145736007,11240.385709338128,11157.635817419374,11215.2353515625,21523600
2020-12-15,11212.334976012555,11234.435533106333,11128.385866825614,11223.8857421875,23302700
2020-12-16,11299.185573919263,11328.385731446122,11265.785226515043,11320.0849609375,0
2020-12-17,11347.08495996923,11385.584910264712,11322.73538203022,11346.3349609375,0
2020-12-18,11368.68552920116,11376.685518880817,11263.13586067744,11354.9853515625,0
2020-12-21,11338.38524231577,11365.534620106158,10787.485587703715,10964.2353515625,0
2020-12-22,10979.835087772331,11097.285127748908,10791.835336415199,11075.7353515625,0
2020-12-23,11092.385915936751,11239.584942603638,11062.185760033071,11225.53515625,0
2020-12-24,11292.035199192185,11342.435524627723,11245.735454390322,11325.2353515625,0
2020-12-28,11387.435607404674,11443.435535665802,11386.085023197344,11434.685546875,0
2020-12-29,11475.235341023596,11506.18549679899,11405.785234429753,11466.9853515625,0
2020-12-30,11507.03515955979,11521.185532175457,11414.085082545855,11509.6357421875,0
2020-12-31,11508.535168649596,11548.334922721557,11483.535200443432,11518.28515625,0
2021-01-04,11651.484428856931,11703.234359697883,11542.134965617484,11691.7841796875,0
2021-01-05,11647.584142922728,11780.784161363208,11613.484578827442,11766.984375,0
2021-01-06,11806.734283350292,11817.083878948326,11640.134895745694,11737.884765625,0
2021-01-07,11833.583894737181,11834.38467492377,11753.784196021243,11766.083984375,0
2021-01-08,11865.484453742909,11940.434550855163,11841.834094104808,11925.583984375,0
2021-01-11,12024.634742004473,12024.634742004473,11921.734485291821,12006.484375,0
2021-01-12,12000.784254259537,12083.684537463652,11969.734489805836,12058.333984375,0
2021-01-13,12122.984268722861,12133.38464585191,11924.984525655376,12041.083984375,0
2021-01-14,12043.384799413177,12081.534164087998,11976.134886474054,12069.484375,0
2021-01-15,12078.58379134196,12100.833762203547,11864.03426762709,11931.1845703125,0
2021-01-18,11943.63454344728,11948.18434209797,11733.334041230386,11776.1845703125,28376400
2021-01-19,11851.134936064069,11993.284164755807,11849.13493867218,11981.833984375,22124700
2021-01-20,12002.08408301482,12092.03416196442,11987.584101772558,12078.333984375,0
2021-01-21,12154.684389888254,12167.934372658552,11959.584057650762,12015.9345703125,0
2021-01-22,12020.283961152601,12053.083722607831,11842.38478157307,11854.484375,0
2021-01-25,11951.083708429958,11968.384466661259,11719.53421181961,11743.6845703125,0
2021-01-27,11744.28391181307,11744.28391181307,11511.53422678004,11546.333984375,0
2021-01-28,11419.28518601401,11503.18546923204,11365.835059126981,11442.53515625,0
2021-01-29,11549.834640231784,11568.885396791084,11273.535193641705,11302.3857421875,0
2021-02-01,11396.88526111835,11806.434522124122,11303.984993819608,11770.134765625,0
2021-02-02,11921.684740844572,12102.58392040158,11916.63494270329,12053.234375,31156100
2021-02-03,12139.684614399115,12234.684492469682,12005.38498208108,12174.0341796875,30767100
2021-02-04,12184.634894328983,12297.534164807328,12140.834168784306,12285.833984375,0
2021-02-05,12345.234291783909,12386.234239615109,12247.43461153783,12279.833984375,0
2021-02-08,12389.48346755871,12469.283165762043,12376.633875330117,12441.283203125,0
2021-02-09,12487.582936516099,12545.433445214203,12396.183644485822,12434.18359375,0
2021-02-10,12452.933593083402,12490.433543088535,12347.083148265529,12452.43359375,0
2021-02-11,12433.483505363247,12522.433582671874,12426.133905738448,12514.0830078125,0
2021-02-12,12531.332977552207,12570.983315552527,12443.033290057727,12508.533203125,0
2021-02-15,12591.98345107261,12648.683571867368,12576.683666492747,12632.033203125,0
2021-02-16,12679.6337464662,12724.53310159072,12580.93368071419,12647.18359375,0
2021-02-17,12631.082963467587,12669.83291240086,12561.533250436367,12597.43359375,0
2021-02-18,12633.28311381369,12655.383670552319,12535.633828763726,12565.68359375,0
2021-02-19,12540.832871610757,12592.483193300073,12360.683697986387,12438.783203125,0
2021-02-22,12457.234061925285,12471.634434126114,12174.584032929299,12212.5341796875,0
2021-02-23,12294.284140700987,12356.43445214109,12190.634858696681,12263.6845703125,0
2021-02-24,12299.533410591734,12470.183573756469,12294.833221544133,12455.18359375,18208600
2021-02-25,12543.483430602235,12615.383726250062,12533.283248763733,12567.8330078125,32736600
2021-02-26,12401.03389794468,12448.984031751788,12134.484435158814,12181.384765625,0
2021-03-01,12316.283272922892,12395.783166212654,12271.833137274429,12368.283203125,0
2021-03-02,12458.333088769921,12548.183555559532,12385.933770713887,12519.3837890625,0
2021-03-03,12635.833175521728,12781.832985637973,12603.03341349279,12764.783203125,0
2021-03-04,12607.53330949428,12771.082900200025,12589.733528095303,12688.8330078125,0
2021-03-05,12621.933483924427,12697.032993867984,12478.433673917587,12538.9833984375,0
2021-03-08,12607.033139542562,12682.533039739796,12534.73343042752,12558.93359375,0
2021-03-09,12638.383761167534,12679.633706891273,12494.583169128899,12617.18359375,0
2021-03-10,12705.082989826116,12722.582966934355,12627.78328625454,12691.3330078125,0
2021-03-12,12806.133509269781,12816.133496087556,12534.433672118583,12593.8837890625,0
2021-03-15,12623.033053302126,12624.283051643317,12364.933786437541,12510.1337890625,0
2021-03-16,12564.783134000438,12601.033085904774,12487.783236162266,12512.68359375,0
2021-03-17,12540.133492266745,12546.532897705776,12301.133814328881,12319.8837890625,0
2021-03-18,12426.884441623977,12449.833630920364,12100.584079156726,12174.4345703125,0
2021-03-19,12096.78349661344,12342.283165647214,11951.384278568436,12314.4833984375,0
2021-03-22,12322.733419763119,12360.433564350078,12235.583146398805,12338.5830078125,0
2021-03-23,12375.383845080778,12461.983338674661,12340.283306071722,12417.283203125,0
2021-03-24,12346.033989006433,12390.583736624221,12183.684587606427,12197.1845703125,0
2021-03-25,12218.783885903675,12221.533882320946,11938.98444574237,11993.2841796875,0
2021-03-26,12134.734393199165,12191.934514945086,12072.18466895851,12148.884765625,0
2021-03-30,12255.983575202932,12404.23337652668,12248.983584583937,12387.8837890625,23368900
2021-03-31,12376.783118052917,12376.783118052917,12298.683613973282,12313.68359375,0
2021-04-01,12401.333111115473,12492.533185098882,12334.333200249594,12478.9833984375,0
2021-04-05,12463.683370884977,12466.23317213056,12149.383990462678,12298.5830078125,0
2021-04-06,12374.683571449186,12422.832920828965,12254.933732318346,12358.0830078125,0
2021-04-07,12389.233520874315,12510.683554644103,12347.683771452828,12481.283203125,0
2021-04-08,12533.433604604716,12624.233289099213,12501.233451916076,12541.6337890625,0
2021-04-09,12552.883755269388,12591.933508207303,12489.983448001249,12527.3837890625,0
2021-04-12,12357.333551325422,12361.38432731154,11978.434629632708,12024.083984375,0
2021-04-13,12068.03433181337,12201.53416064829,12006.684801096877,12186.6845703125,0
2021-04-15,12189.784240718418,12248.884751196132,12055.134998576652,12237.583984375,0
2021-04-16,12261.883837861844,12358.533121453958,12232.383877684913,12298.033203125,0
2021-04-19,12032.734431541081,12094.534156269492,11923.184768593552,12076.4345703125,0
2021-04-20,12213.533974710102,12232.833754383133,11981.33408035219,12055.384765625,0
2021-04-22,11997.18474398679,12147.484355101524,11950.634999251295,12132.0341796875,19333500
2021-04-23,12086.184595351808,12199.384644553986,12044.884843970998,12105.583984375,0
2021-04-26,12197.084009634684,12263.583924583092,12180.834030417967,12216.833984375,0
2021-04-27,12238.53336964354,12373.98338306113,12232.783377365166,12362.533203125,0
2021-04-28,12422.483525025507,12537.033177794705,12411.983538950824,12517.93359375,0
2021-04-29,12613.78309582842,12659.383621361143,12471.883869732856,12532.783203125,0
2021-04-30,12425.78312061607,12524.082793316817,12341.183624832625,12364.3330078125,0
2021-05-03,12256.833193178889,12418.983366627966,12210.533450502975,12395.2333984375,23244300
2021-05-04,12457.383577231352,12487.133537078636,12272.33304573905,12300.43359375,30886900
2021-05-05,12394.833032087441,12426.93357509254,12319.233523821893,12412.9833984375,0
2021-05-06,12465.683641821077,12514.082991612877,12407.633914219254,12501.8837890625,0
2021-05-07,12579.883766861034,12600.133740101584,12527.333055054492,12563.0830078125,0
2021-05-10,12649.4336205462,12685.783182291756,12625.883846716366,12669.8837890625,0
2021-05-11,12559.93370182454,12675.18355048043,12538.633925107539,12642.2333984375,0
2021-05-12,12646.233255037188,12646.933449422555,12496.633843747777,12537.93359375,0
2021-05-14,12595.133625338352,12595.332843823175,12408.083093069896,12472.1337890625,0
2021-05-17,12544.533370226438,12683.783187796718,12511.283413786856,12672.0830078125,0
2021-05-18,12794.933650837278,12855.58298647722,12783.133861407483,12839.0830078125,0
2021-05-19,12816.533193339805,12882.483303175197,12791.133812197124,12808.9833984375,0
2021-05-20,12831.283079491515,12854.63363499226,12718.183617538301,12736.43359375,0
2021-05-21,12815.533334597083,12929.033188730906,12803.13393646987,12917.8330078125,0
2021-05-24,12962.983397733342,13003.58295511069,12912.23346273103,12962.43359375,0
2021-05-25,13045.383683533284,13046.133682572767,12929.1338324133,12962.9833984375,0
2021-05-26,13009.983413991116,13043.832980212394,12954.133875816893,13022.18359375,0
2021-05-27,13052.832049277646,13091.331997483305,13007.132892007152,13066.232421875,0
2021-05-28,13134.682593534255,13160.331973224042,13098.832055640034,13117.0322265625,0
2021-05-31,13135.832151526596,13244.382788510095,13080.633006137637,13226.33203125,0
2021-06-01,13274.23233691494,13292.382703388526,13164.832091861132,13210.3828125,0
2021-06-02,13183.782346339123,13290.682595403701,13177.782354284487,13274.232421875,0
2021-06-03,13347.032270506426,13392.732405782026,13331.982485590037,13380.482421875,0
2021-06-04,13412.732397136815,13433.581979148834,13352.132867292607,13393.8828125,0
2021-06-07,13454.082064569471,13498.28220224275,13418.482501618108,13479.6328125,0
2021-06-08,13510.032208979881,13513.032205072632,13420.53232554613,13496.5322265625,0
2021-06-09,13532.182438997399,13569.732194413815,13333.832113326185,13396.3828125,0
2021-06-10,13458.632888639717,13524.8320213025,13431.23253364691,13517.1826171875,0
2021-06-11,13577.032209455654,13600.982373729803,13513.8320960477,13563.83203125,0
2021-06-14,13551.732424988022,13564.982407804344,13342.38308711463,13554.1328125,0
2021-06-15,13601.332039582157,13634.331996953802,13587.732447774702,13607.7822265625,0
2021-06-16,13595.081921310279,13621.632668016071,13487.132843008883,13510.58203125,0
2021-06-17,13405.88283770485,13520.88268713042,13372.382881567837,13425.1328125,0
2021-06-18,13471.882700424574,13474.93250110732,13155.532529892853,13386.5322265625,0
2021-06-21,13240.883093621489,13468.782209971836,13221.032533615433,13456.08203125,0
2021-06-22,13543.382744355098,13589.632684094015,13473.332054377228,13491.08203125,0
2021-06-23,13570.081839078157,13570.182424883937,13412.432631460484,13423.33203125,0
2021-06-24,13460.782236286144,13486.732397729673,13434.48246592391,13468.232421875,0
2021-06-25,13512.132847878516,13549.08201865756,13470.98251067883,13539.3828125,0
2021-06-28,13589.732348226922,13589.83195747254,13515.032249942762,13533.0322265625,0
2021-06-29,13535.532156677904,13567.782114629497,13461.232448864464,13481.9326171875,0
2021-06-30,13513.232370080557,13552.932513598615,13462.182631994649,13473.5322265625,0
2021-07-01,13504.682551076541,13505.032159994767,13441.53224295914,13454.08203125,20510400
2021-07-02,13480.282244995065,13506.082016075254,13435.23249899029,13494.4326171875,18071800
2021-07-05,13558.3828478867,13593.482411847546,13536.882875704794,13585.732421875,0
2021-07-06,13579.132806025147,13661.882698866333,13561.73243793314,13574.1328125,0
2021-07-07,13577.48249086698,13644.432599842536,13542.03234126998,13630.982421875,0
2021-07-08,13627.682493788485,13660.831864791984,13488.08208918335,13532.6826171875,0
2021-07-09,13513.482440651484,13545.632789500489,13470.18269222745,13527.9326171875,0
2021-07-12,13603.581960413867,13620.132720191308,13512.682664281936,13548.982421875,0
2021-07-13,13633.082025768463,13635.532217920767,13580.432679611768,13628.83203125,0
2021-07-14,13638.282255899658,13678.782203787156,13606.332101698381,13661.08203125,0
2021-07-15,13686.332074809841,13738.582007868616,13677.332086340388,13720.33203125,0
2021-07-16,13756.732403455162,13761.082007266486,13706.48246773098,13742.33203125,0
2021-07-19,13624.282220818965,13693.331936389026,13573.632872125889,13619.83203125,0
2021-07-20,13594.831901976091,13614.732266680676,13437.13288863057,13495.58203125,0
2021-07-22,13592.382912540575,13678.932605936121,13590.282329304158,13670.1826171875,0
2021-07-23,13711.232390730882,13728.382759329746,13629.63288615373,13686.982421875,0
2021-07-26,13692.182595206217,13731.081959266978,13648.432651442952,13675.08203125,0
2021-07-27,13715.13267708221,13740.882643825285,13569.33208413845,13610.2822265625,0
2021-07-28,13631.532158731787,13631.532158731787,13409.08225137967,13579.1328125,0
2021-07-29,13631.482437657467,13668.882780097125,13608.882857399003,13643.732421875,0
2021-07-30,13671.532217171798,13739.682520125973,13635.432654236482,13664.232421875,0
2021-08-02,13759.781282173093,13789.881827591216,13732.831123139129,13783.681640625,0
2021-08-03,13840.581185936284,13950.231430603932,13817.881997401568,13939.181640625,0
2021-08-04,13998.031211879172,14045.031149451763,13944.081088225628,13969.3310546875,0
2021-08-05,14000.881810257652,14003.081026089103,13891.681759862955,13981.53125,0
2021-08-06,13996.580998910062,14029.781150078192,13946.031261435699,13954.6318359375,0
2021-08-09,13993.580976727726,14007.531153465372,13870.231531594223,13935.03125,0
2021-08-10,13957.580968076552,13996.830915655579,13809.431751877404,13892.7314453125,19351700
2021-08-11,13924.031186486542,13938.580971719128,13716.681854363977,13876.53125,19712500
2021-08-12,13901.08114877676,13979.831044197113,13884.031366731326,13971.931640625,14930300
2021-08-13,13997.731534422972,14079.631817006468,13991.681737716264,14065.28125,15572800
2021-08-16,14063.731454608838,14087.381814046868,14016.731516586147,14070.78125,13096000
2021-08-17,14063.881900620394,14123.581040883006,14010.881970300228,14113.0810546875,15694800
2021-08-18,14171.03115061552,14186.481325590143,14071.981476312303,14095.53125,17533500
2021-08-20,13951.48143526626,14047.881697614903,13910.181685534848,13943.931640625,18901100
2021-08-23,14063.330877805833,14063.48126823052,13840.981564587666,13930.53125,20346100
2021-08-24,13986.931741292983,14075.881819246903,13942.481604626919,14063.2314453125,16106000
2021-08-25,14103.081042180438,14145.431572361998,14070.531280345826,14093.5810546875,13765300
2021-08-26,14106.431641282645,14147.031197257507,14074.88187809219,14106.931640625,14919000
2021-08-27,14126.281336547398,14203.931625655488,14064.08122255286,14192.4814453125,13229300
2021-08-30,14257.382017000955,14411.931622518907,14250.53143989186,14397.8818359375,14181900
2021-08-31,14421.280454045887,14571.78025210351,14393.480686660438,14555.880859375,19398800
2021-09-01,14611.630778437517,14640.579958331022,14527.030306053413,14551.330078125,18422700
2021-09-02,14571.28042380194,14691.980458574426,14548.480649439833,14684.330078125,22044800
2021-09-03,14724.680709848792,14770.830062840932,14682.180766089816,14759.2802734375,24543700
2021-09-06,14827.0302454711,14843.380809839598,14783.430693610859,14805.830078125,16059600
2021-09-07,14834.930597083236,14852.230378916225,14713.530366838464,14784.23046875,23696100
2021-09-08,14802.830079114518,14825.080049758799,14716.63097409216,14803.580078125,26775300
2021-09-09,14780.58015164877,14844.38084890907,14774.13094138876,14836.4306640625,18261800
2021-09-13,14839.78028974452,14865.730450931453,14769.080187405665,14852.1806640625,16737100
2021-09-14,14917.03025679466,14935.530232551528,14881.530303315267,14904.330078125,29200400
2021-09-15,14927.930784469952,15028.630848841793,14921.080207440282,15020.5302734375,31359100
2021-09-16,15050.830148014857,15115.330064613736,15012.230588550721,15104.880859375,53456100
2021-09-17,15169.880673969124,15207.68042952738,14979.330140382199,15027.23046875,42884200
2021-09-20,14907.480362378177,15047.630568383329,14800.830112243537,14826.73046875,24323400
2021-09-21,14856.830195015076,14959.430646878074,14734.680940572734,14946.2802734375,22286700
2021-09-22,14977.280290700981,15030.830025618217,14950.330130502003,14990.5302734375,20244400
2021-09-23,15097.080217300254,15219.33006027134,15085.530427448362,15205.4306640625,20467000
2021-09-24,15274.079972511125,15305.180518464731,15160.430704559893,15191.9306640625,26783800
2021-09-27,15261.329985156344,15262.630764733698,15139.58014171187,15189.0302734375,18550100
2021-09-28,15235.079897634694,15239.630672996724,14967.030439760032,15095.580078125,22453400
2021-09-29,15023.280355837964,15141.030203401277,14985.38099083925,15086.9306640625,30743000
2021-09-30,15109.680590038726,15137.53016327805,15026.930697409249,15052.630859375,32462500
2021-10-01,14994.780298349737,15031.530250542635,14932.730574381183,15013.9306640625,25478800
2021-10-04,15094.380970982875,15195.180645986778,15075.230604995735,15181.130859375,20508200
2021-10-05,15171.229638277346,15287.67967729906,15150.47966612645,15280.0791015625,25286700
2021-10-06,15328.930413187338,15349.180387054561,15109.080110968669,15134.5302734375,25794100
2021-10-07,15274.629903601772,15335.929626071316,15250.9795446977,15290.1298828125,21341200
2021-10-08,15375.27928339513,15402.679637449042,15317.379946610525,15365.1796875,18598500
2021-10-11,15374.479563302872,15497.77920409296,15356.529391850836,15427.9794921875,21710600
2021-10-12,15426.579174815655,15493.22947715345,15371.779442717701,15481.8798828125,27763700
2021-10-13,15573.579177394962,15660.179649715734,15546.829212489962,15631.3798828125,30276800
2021-10-14,15733.279343628008,15780.979476906698,15710.07917848722,15769.2294921875,25796300
2021-10-18,15924.079052572943,15949.179606107495,15871.379901853628,15886.1298828125,37294700
2021-10-19,16003.929367216155,16004.429366565437,15716.679741053276,15757.8291015625,29624900
2021-10-20,15767.979229594128,15776.328827970601,15496.979586569014,15568.6298828125,26118900
2021-10-21,15666.578864608739,15666.979254703565,15373.429838717011,15487.6298828125,25219900
2021-10-22,15537.029113966242,15600.429420160812,15328.879977096745,15399.6796875,26580900
2021-10-25,15491.979281349431,15498.379663414695,15181.579305846897,15334.3291015625,24239700
2021-10-26,15360.329285873388,15528.879844111401,15356.479681591862,15499.6298828125,23773200
2021-10-27,15541.729416165163,15583.179556580113,15454.079141626264,15484.3291015625,19087300
2021-10-28,15475.380493521041,15475.430298144507,15148.180718897902,15190.830078125,23872900
2021-10-29,15163.480369585423,15266.38062699729,14961.480631091257,15086.880859375,23416500
2021-11-01,15179.380048051918,15318.129862107024,15111.279553378969,15302.6796875,18625900
2021-11-02,15344.329061792347,15373.679608426544,15278.679735640822,15314.6298828125,17088900
2021-11-03,15367.679573505944,15397.27914316144,15212.12997754961,15282.7294921875,16168200
2021-11-04,15380.92968209887,15396.829074956693,15363.32911963486,15376.8798828125,3711800
2021-11-08,15474.229552838757,15535.029277187408,15313.179960957132,15520.1298828125,17639800
2021-11-09,15542.029296743563,15579.479442640026,15487.679759083605,15541.9296875,20442100
2021-11-10,15492.029335258101,15562.429632864047,15458.479574899491,15521.0791015625,18928100
2021-11-11,15497.22937754571,15499.87976464379,15351.17976720917,15411.0791015625,15128100
2021-11-12,15504.329199830438,15591.42967111087,15429.5792982295,15578.9794921875,15403600
2021-11-15,15625.7294485872,15664.429593000148,15558.029342315845,15592.5791015625,13277500
2021-11-16,15613.078985718845,15626.629749069345,15492.579144889709,15525.3798828125,15066000
2021-11-17,15487.129840084728,15560.729351797363,15436.929711384944,15454.9296875,13699600
2021-11-18,15461.479279169354,15502.578833464442,15239.779380969825,15302.529296875,17285100
2021-11-22,15333.880393546999,15339.630386048371,14846.680833596674,14976.6806640625,21107300
2021-11-23,14875.980768419045,15137.130821430783,14820.381230922801,15107.7802734375,21444000
2021-11-24,15159.930516797413,15199.180465848583,14997.280337302274,15046.48046875,18733500
2021-11-25,15057.580198015057,15166.63083868329,14984.680877930137,15150.580078125,18600600
2021-11-26,14990.829701436878,15012.079673216751,14674.730511844053,14707.1806640625,22366800
2021-11-29,14683.030237990744,14749.48034475142,14402.08041707371,14656.4306640625,22389800
2021-11-30,14662.030255170464,14912.730116214032,14608.580131125318,14648.330078125,27044600
2021-12-01,14743.680718225334,14822.480418814768,14694.280392860459,14784.6806640625,23191800
2021-12-02,14808.780488851171,14990.280252111912,14786.631103679227,14973.9306640625,21443100
2021-12-03,15002.630666971108,15054.93040290121,14845.230483276935,14856.2802734375,24686700
2021-12-06,14876.230124175056,14882.130506916676,14599.330103510476,14618.330078125,29125700
2021-12-07,14733.230602056756,14881.73040654018,14683.230667887252,14834.48046875,20653700
2021-12-08,14945.280439229698,15084.480454172748,14941.280444412721,15073.23046875,17358100
2021-12-09,15126.530273501807,15140.98045015642,15023.18079757035,15126.580078125,31331000
2021-12-10,15103.630925552634,15168.780255652779,15069.78038324062,15154.98046875,24527100
2021-12-13,15258.079826793191,15279.980189023681,15052.880874090106,15064.23046875,20542300
2021-12-14,15005.480517762328,15071.980431422731,14947.930787794028,15043.23046875,18233700
2021-12-15,15050.07995142677,15075.680503925621,14936.58009967676,14953.080078125,15148200
2021-12-16,15072.930485571922,15078.82989192021,14891.580136772669,14936.4306640625,16631600
2021-12-17,14952.7300965784,14966.079688183898,14658.480488250954,14673.130859375,19187800
2021-12-20,14523.48115623709,14533.780947560934,14128.132059815189,14300.681640625,21177200
2021-12-21,14423.681688996203,14584.931482104528,14386.431736789784,14461.3818359375,16597200
2021-12-22,14542.680793539028,14652.330061315552,14522.530429797158,14639.73046875,14099700
2021-12-23,14738.28029084891,14779.280236563995,14708.680720664455,14751.4306640625,12816000
2021-12-24,14813.88066079603,14819.18045842501,14605.030353015278,14664.7802734375,13972600
2021-12-27,14617.13100584906,14745.530249632551,14515.23075036095,14727.580078125,13582600
2021-12-28,14809.480545401355,14880.830061047463,14805.28035560647,14867.830078125,12287100
2021-12-29,14866.180660383417,14922.330000662785,14835.330114985127,14863.380859375,16171400
2021-12-30,14856.080059636297,14894.630790155774,14814.980504345926,14842.0302734375,18167500
2021-12-31,14879.230621067485,15022.330044067658,14877.830232266373,14996.1806640625,18385200
2022-01-03,15030.480692391731,15220.030253590767,15028.530499584378,15204.580078125,17499900
2022-01-04,15260.879960258046,15333.579081682745,15168.130084426113,15318.7294921875,20299700
2022-01-05,15329.729580964984,15410.579082649318,15264.829276786493,15396.3798828125,19135100
2022-01-06,15275.729511433883,15315.479458119282,15197.079226298547,15290.0791015625,18769800
2022-01-07,15333.429707675194,15418.379789482333,15255.429811894119,15348.529296875,19623500
2022-01-10,15427.629972674975,15503.979481003966,15400.529422604142,15495.529296875,18574200
2022-01-11,15497.479535829176,15559.079063862995,15462.029387328022,15530.529296875,39161700
2022-01-12,15627.029350344586,15678.67967336407,15595.629977380975,15667.8798828125,24868800
2022-01-13,15710.279310898171,15730.929674585128,15629.42980698996,15721.029296875,19011400
2022-01-14,15667.929768916676,15754.429656146132,15619.52944139154,15730.3798828125,16010500
2022-01-17,15731.329166408304,15794.929669696528,15718.229574056311,15781.2294921875,16968900
2022-01-18,15819.429363087278,15834.179343663385,15546.629917642793,15573.0791015625,18803800
2022-01-19,15580.37973979741,15580.37973979741,15403.179779352475,15472.4794921875,18236200
2022-01-20,15464.429549521958,15486.129715863646,15280.529404412893,15361.0791015625,14523600
2022-01-21,15252.880766612128,15294.68051752101,15069.030417212347,15180.7802734375,16241600
2022-01-24,15154.97988070339,15165.380257521161,14577.131038463176,14712.0302734375,20927900
2022-01-25,14577.530608764719,14852.980441360523,14410.881414148513,14832.1806640625,20596200
2022-01-27,14671.680674706451,14735.730394176082,14489.780526098792,14679.6806640625,22473700
2022-01-28,14773.030207375154,14952.130555725278,14701.580106845506,14723.23046875,21083500
2022-01-31,14894.730503698895,14975.780202297243,14857.530357079137,14921.4306640625,17018300
2022-02-01,15073.130914998535,15138.18063563687,14850.280617000495,15116.1806640625,22909000
2022-02-02,15218.22959289328,15304.57908647667,15201.429810733693,15293.3291015625,19792700
2022-02-03,15289.130661622374,15296.329871082557,15100.980513785196,15135.880859375,17185400
2022-02-04,15159.579982123176,15188.380726084579,15048.330126159417,15085.4306640625,17002800
2022-02-07,15065.030018043939,15126.630523074382,14796.180761779713,14870.580078125,17777600
2022-02-08,14926.480377449967,14955.230339654883,14689.131080097517,14857.0302734375,17937100
2022-02-09,14942.730564478483,15026.480455547737,14925.030392188019,15016.330078125,14131700
2022-02-10,15084.330114119544,15134.080049821845,14972.33025887014,15112.1806640625,16758500
2022-02-11,14988.930535985419,14990.579947884567,14862.030311801447,14891.2802734375,13991100
2022-02-14,14606.530984379751,14638.631528956155,14370.681678893232,14400.3818359375,17338500
2022-02-15,14468.980912721245,14822.730446059772,14348.381462439365,14805.5302734375,18131200
2022-02-16,14876.630744814665,14935.579885717492,14756.480512857896,14789.880859375,14687200
2022-02-17,14857.079965674187,14895.630695953269,14725.030335579773,14772.0302734375,11736900
2022-02-18,14711.280272641405,14814.980330272188,14692.630883339545,14710.6806640625,11076300
2022-02-21,14638.330022931565,14733.079896153919,14498.180796392156,14597.080078125,16852100
2022-02-22,14269.431921844416,14527.181591769582,14267.581338276777,14489.03125,17897800
2022-02-23,14581.031155225077,14629.031093832089,14482.281281528356,14506.931640625,13590500
2022-02-24,14055.831673772604,14180.831514269596,13747.432653235179,13775.6826171875,28966600
2022-02-25,14018.081276103898,14247.031171988792,14007.681875642049,14187.3818359375,20825600
2022-02-28,14047.731782742616,14320.931623766475,13928.781741685874,14307.931640625,20396100
2022-03-02,14161.681690409247,14265.481359462938,14104.731569512802,14199.78125,19608300
2022-03-03,14327.68138893613,14364.580754564879,14094.281304669828,14135.931640625,19812900
2022-03-04,14020.181470946463,14074.981202447305,13828.431727033905,13893.1318359375,21633600
2022-03-07,13594.73238234957,13637.482326949172,13438.28238978334,13564.232421875,21321300
2022-03-08,13504.732680928477,13720.082014129888,13423.532589750595,13706.732421875,19866800
2022-03-09,13786.38209236481,14037.631758888505,13721.93198259505,13979.5810546875,18635900
2022-03-10,14313.181478210749,14316.781082878606,14079.831197421405,14188.9814453125,19468100
2022-03-11,14145.481564756652,14268.281209404262,14098.681821061396,14237.1318359375,15297400
2022-03-14,14248.881998189652,14389.331035648247,14189.08129413031,14374.5810546875,14504100
2022-03-15,14408.731193536732,14433.731160906449,14130.881946814181,14215.8310546875,17662800
2022-03-16,14392.531364350833,14491.431628260516,14369.481589195706,14481.78125,12845200
2022-03-17,14667.18073636754,14756.530227202593,14644.730570839669,14721.6806640625,26001700
2022-03-21,14773.030045118887,14789.82982733595,14590.680679644076,14602.330078125,14982200
2022-03-22,14613.08022529891,14738.130840670767,14492.23077622926,14724.0302734375,15208600
2022-03-23,14806.579929998406,14833.280089823813,14660.430710182354,14695.130859375,16799700
2022-03-24,14598.730602418234,14744.680603804485,14595.680801783057,14699.330078125,16090800
2022-03-25,14763.880709808052,14768.280118005974,14590.43074571098,14651.6806640625,13966800
2022-03-28,14686.230454908715,14694.830052838985,14515.63107257499,14675.830078125,15473700
2022-03-29,14744.030297055344,14773.130844490293,14689.580173785085,14761.880859375,17226200
2022-03-30,14880.680685302494,14924.73043223652,14823.530369607079,14896.880859375,21485900
2022-03-31,14925.5302327217,14963.38076902549,14870.980499565696,14894.48046875,18152500
2022-04-01,14890.08033341033,15111.330046991347,14882.580343119447,15087.2802734375,18543400
2022-04-04,15192.779552020102,15393.32908936593,15184.679953442235,15384.1796875,19565500
2022-04-05,15433.029240177466,15477.779180548174,15360.179727874434,15390.4794921875,18703800
2022-04-06,15318.129895857415,15387.379803205064,15293.829147120405,15327.8798828125,28404700
2022-04-07,15292.329961076122,15361.180458551293,15185.680684041588,15201.23046875,33025600
2022-04-08,15271.329196534347,15386.079043150821,15202.479679188942,15342.3798828125,23851300
2022-04-11,15337.479476129703,15386.829019467541,15294.27933862553,15325.4794921875,17506800
2022-04-12,15281.829927243383,15283.329925311471,15078.430775147473,15164.6806640625,17714300
2022-04-13,15239.630728938411,15284.680475504161,15126.630874727227,15138.5302734375,13886300
2022-04-18,14942.58005646901,14971.480409276855,14821.230605884153,14926.0302734375,16671700
2022-04-19,15012.730089309813,15041.63044160561,14617.0304187955,14726.630859375,18536600
2022-04-20,14807.130916125505,14905.230396479003,14747.930798673642,14850.2802734375,14619100
2022-04-21,14946.28041310494,15067.430646547371,14929.13102129238,15053.9306640625,14359400
2022-04-22,14948.080008299583,15015.329920116312,14875.78029841704,14894.830078125,14869400
2022-04-25,14758.579964183245,14769.07995020668,14623.080144547477,14672.98046875,15260000
2022-04-26,14818.780377724697,14915.330055838556,14785.830225608828,14898.330078125,13574900
2022-04-27,14797.330023394074,14825.530181380396,14678.93076604671,14755.98046875,15429600
2022-04-28,14886.480504633562,14964.580011729282,14765.830272012363,14913.880859375,16131500
2022-04-29,14991.430389127207,15011.680362373607,14743.330130971617,14783.330078125,16095600
2022-05-02,14647.23058677515,14751.030253888091,14617.730625873966,14736.2802734375,14132500
2022-05-04,14771.431153209742,14798.2807279725,14343.581118820988,14393.3310546875,16213000
2022-05-05,14542.131646916474,14606.030978617566,14365.531288603488,14395.4814453125,13458000
2022-05-06,14159.081037177093,14204.981367595501,14073.431735459159,14145.7314453125,15272500
2022-05-09,14002.731430725222,14088.281121963731,13879.531398790507,13991.7314453125,14199300
2022-05-10,13953.931509391894,14068.381551442613,13823.331098343378,13855.931640625,13461200
2022-05-11,13888.132663991804,13949.081804947107,13589.332264126777,13771.7822265625,17869000
2022-05-12,13656.932366933699,13670.98215327997,13389.732520435995,13465.232421875,18293200
2022-05-13,13621.182421852998,13738.531878105769,13435.0322741241,13471.482421875,17319000
2022-05-16,13540.232461963304,13646.282129289577,13434.43279431322,13571.1826171875,15045600
2022-05-17,13648.432010491118,13944.68161577573,13632.132227521033,13926.03125,15444600
2022-05-18,13989.330959836505,14063.981250943272,13896.581083483761,13918.181640625,15887800
2022-05-19,13625.732324780654,13680.632644189285,13520.932656038665,13550.8828125,15232100
2022-05-20,13755.031436948322,13906.38182078055,13733.531465658243,13895.03125,13959800
2022-05-23,13929.731319319313,14005.481217733744,13813.581084459374,13835.78125,15691000
2022-05-24,13858.032084886687,13883.532052280734,13709.382860896963,13747.232421875,15712100
2022-05-25,13805.081750070363,13821.382510232459,13574.482439016187,13587.732421875,13674500
2022-05-26,13651.532317511113,13756.831987313102,13445.232777086727,13722.5322265625,16812400
2022-05-27,13839.28129527357,13885.031234085092,13768.281390232738,13873.1318359375,12515500
2022-05-30,14022.581227980894,14163.031239185564,14009.632026205258,14154.78125,13958800
2022-05-31,14105.981463183864,14215.43151466692,14067.031319056152,14119.5810546875,25869900
2022-06-01,14132.0809898659,14186.881698914056,14009.031347300592,14082.8818359375,13703100
2022-06-02,14059.231587668884,14179.281235136279,14029.781430925066,14167.931640625,12776700
2022-06-03,14280.330787859219,14299.981152584982,14064.881853071514,14077.8818359375,12054000
2022-06-06,14042.381851383196,14081.18160484591,13932.131996938895,14054.0810546875,11181400
2022-06-07,13978.631778617126,13990.181567926527,13883.73151434816,13935.5810546875,11151200
2022-06-08,13981.631709339297,14020.43146218526,13832.431713377475,13886.8818359375,12313500
2022-06-09,13816.681853556229,13988.981429514657,13789.981693688407,13977.0810546875,11137600
2022-06-10,13824.981387084028,13860.031144583168,13757.931672667224,13781.7314453125,10328000
2022-06-13,13521.18248053932,13527.732276645607,13356.182696713739,13416.8828125,13059200
2022-06-14,13341.932678042069,13506.482266684436,13324.132896724766,13388.2822265625,12380200
2022-06-15,13412.182576002931,13448.432528382113,13366.732440397343,13380.83203125,9733400
2022-06-16,13508.682053820501,13527.781637545704,13064.032260338186,13089.1826171875,13847500
2022-06-17,13011.38376779064,13111.93344401981,12903.83312394313,12994.7333984375,16444300
2022-06-20,13026.133692406762,13049.383662602593,12855.533325162101,12950.7333984375,15527100
2022-06-21,13042.782490861044,13275.482377272781,13019.332326677797,13241.8828125,14516100
2022-06-22,13176.081858335476,13184.882627728932,13028.332057386498,13047.732421875,12845000
2022-06-23,13081.882941746217,13231.882741673464,13021.23263201782,13178.7822265625,12346900
2022-06-24,13269.182687512937,13337.682597131885,13247.932715550854,13322.482421875,11934800
2022-06-27,13506.331950449623,13510.7821399437,13432.632828057931,13444.5322265625,12031200
2022-06-28,13389.83212838273,13487.48239152118,13330.73259616467,13464.232421875,12423600
2022-06-29,13337.632917565412,13462.032168657799,13328.18273463319,13417.83203125,14134000
2022-06-30,13410.782196034777,13492.132675157305,13352.382858651896,13387.5322265625,12962500
2022-07-01,13335.232499566015,13422.432580441871,13192.883077002656,13394.4326171875,12922700
2022-07-04,13378.38293547048,13483.682602770527,13337.182793912969,13472.6328125,10897700
2022-07-05,13533.732327989383,13628.43239964489,13439.382841813593,13461.83203125,11431600
2022-07-06,13472.782430954807,13647.18259668329,13443.332273619553,13631.2822265625,11623700
2022-07-07,13736.932653771666,13777.732406359433,13687.532326229008,13765.58203125,12224500
2022-07-08,13873.731384260793,13874.681578298323,13770.881912888965,13828.2314453125,10898100
2022-07-11,13771.38199019309,13905.931615104064,13755.731620479104,13886.8310546875,12512900
2022-07-12,13823.580994630034,13866.631717908209,13757.281279221304,13778.9814453125,12288000
2022-07-13,13842.782078210617,13861.282054520336,13714.182633514587,13726.9326171875,11008700
2022-07-14,13771.182529249985,13797.581909446613,13617.132922181678,13702.6328125,10796000
2022-07-15,13761.081093842282,13804.031231365378,13695.181768447314,13790.181640625,10832100
2022-07-18,13883.78138347819,13993.381823996182,13877.58119639219,13984.3818359375,11714500
2022-07-19,13922.531420472575,14067.731424053558,13922.331225424425,14051.6318359375,12817300
2022-07-20,14220.181567529924,14230.88174882568,14139.981477275845,14164.3818359375,13558800
2022-07-21,14172.78137870935,14288.581032846167,14141.632005144029,14271.78125,13814800
2022-07-22,14325.031264947967,14359.731415350845,14265.23153765446,14336.5810546875,12466000
2022-07-25,14307.881799034221,14335.080982441736,14228.131902660842,14279.4814453125,13890600
2022-07-26,14284.681452669809,14286.481254995824,14122.53127479879,14141.431640625,14923400
2022-07-27,14131.781420097594,14272.181628070444,14099.882047534242,14262.53125,15076700
2022-07-28,14365.031383429976,14481.431624787023,14330.28142799221,14469.0810546875,17419500
2022-07-29,14588.130962587053,14677.730452636122,14553.631008533062,14665.630859375,19163900
2022-08-01,14741.380998095005,14858.280258374598,14666.180901709473,14846.830078125,21202300
2022-08-02,14831.88091805989,14905.980430150696,14765.280419561235,14876.580078125,32645700
2022-08-03,14880.630855961064,14906.680626451525,14750.730635863589,14878.0302734375,24019400
2022-08-04,14944.93059520945,14974.680556192721,14687.980736883706,14892.4306640625,23193600
2022-08-05,14933.180621068945,14972.079984142601,14874.230503027591,14900.380859375,21526200
2022-08-08,14910.580185920187,15009.880837814944,14867.180828392406,14993.330078125,14420200
2022-08-10,15033.280211529935,15033.280211529935,14919.180750862914,14985.7802734375,16945800
2022-08-11,15123.63082249954,15130.030228281992,15069.880892045365,15095.130859375,14965900
2022-08-12,15102.780322134851,15162.280245380085,15060.730571691434,15140.5302734375,17364300
2022-08-16,15222.879960116383,15287.42967817221,15203.47959552846,15280.4794921875,0
2022-08-17,15325.329173171185,15398.429661629769,15306.52939355304,15379.029296875,18814700
2022-08-18,15355.579166795147,15415.229478008863,15325.179793202733,15404.5791015625,17490400
2022-08-19,15426.180421086221,15445.480201034077,15205.530313304092,15236.630859375,19251200
2022-08-22,15183.079842020243,15186.130619298334,14980.380887170728,15001.73046875,16482400
2022-08-23,14886.98073213487,15128.230419891137,14879.881131948714,15090.48046875,18442000
2022-08-24,15062.430764618939,15152.430648518146,15037.13099256841,15140.380859375,17547700
2022-08-25,15208.829938179637,15252.780076646754,15075.080111172496,15100.630859375,21575500
2022-08-26,15187.080027129483,15242.63073675231,15116.180704484685,15147.5302734375,17144700
2022-08-29,14797.780501651823,15016.23041200629,14793.930897298458,14972.73046875,15438100
2022-08-30,15071.430026864198,15338.779278474902,15065.329449090434,15325.029296875,18493600
2022-09-01,15142.68075201681,15309.829951458705,15141.430753621817,15211.1806640625,18877200
2022-09-02,15272.430573032574,15304.980335899581,15184.280295664557,15201.580078125,17211000
2022-09-05,15221.729589602275,15311.929663967981,15217.32920487763,15294.3798828125,20630200
2022-09-06,15339.279261720012,15386.729393485426,15247.979579304647,15313.029296875,23402700
2022-09-07,15222.229622241022,15333.97947264326,15199.380043454394,15319.3798828125,23294700
2022-09-08,15430.179701445742,15448.729481496022,15365.679787112447,15440.6796875,19620900
2022-09-09,15547.529190607036,15548.82899357116,15426.379937173304,15467.3798828125,18832800
2022-09-12,15524.679756880365,15600.129852861885,15522.379955220584,15577.3798828125,14038300
2022-09-13,15667.329104834358,15686.829079313862,15635.129928224873,15669.8291015625,17992800
2022-09-14,15423.88015413826,15688.079026253243,15423.88015413826,15630.6796875,20237900
2022-09-15,15685.97935312397,15724.429497825964,15543.879930789199,15580.3291015625,18056700
2022-09-16,15529.329712458146,15541.980086874884,15197.880918376128,15243.9306640625,25828900
2022-09-19,15264.229531476933,15348.779222787776,15135.130095217437,15293.529296875,15928100
2022-09-20,15423.479554292302,15557.279181612039,15410.229571856773,15470.3291015625,15145400
2022-09-21,15449.229374704384,15516.479284923254,15320.029351878718,15361.2294921875,16338000
2022-09-22,15284.579169363593,15386.729423383435,15224.929835069928,15335.279296875,18682200
2022-09-23,15324.279927567046,15360.180271625717,15032.730501048249,15057.630859375,17232300
2022-09-26,14916.88060577899,14932.48019446364,14671.030345922369,14725.6806640625,19942400
2022-09-27,14805.829973952756,14874.430468912602,14652.280372902016,14727.2802734375,16767400
2022-09-28,14617.380863648747,14768.230271507973,14577.030331614465,14620.580078125,15591200
2022-09-29,14748.180469184435,14783.730226323081,14569.08012279895,14602.48046875,18135900
2022-09-30,14586.881178696915,14881.2802050156,14516.28068574513,14829.330078125,18679700
2022-10-03,14837.07981314576,14858.630565641877,14585.780343752129,14638.48046875,16507500
2022-10-04,14869.530399049418,14975.580065335676,14852.530421235419,14965.7802734375,15374400
2022-10-06,15063.530259813808,15119.88077263673,15042.18067813981,15053.0302734375,16492500
2022-10-07,15030.180672505385,15055.63083476049,14943.13098088734,15036.6806640625,15358600
2022-10-10,14856.98059239123,14989.030224582873,14818.480642683546,14951.630859375,14204600
2022-10-11,14980.430321049658,14982.730122686055,14692.530312376333,14721.880859375,14988000
2022-10-12,14761.43075427795,14844.830058502266,14676.530475467942,14829.9306640625,14189900
2022-10-13,14811.180556794776,14832.329942814771,14683.530335424422,14730.2802734375,13160400
2022-10-14,14979.130643101273,14989.130629917932,14803.680679090736,14815.080078125,12700800
2022-10-17,14783.18082516184,14920.680644998163,14718.780518919468,14906.130859375,14007300
2022-10-18,15009.080139677058,15071.930644085222,15007.230532701358,15056.5302734375,17377200
2022-10-19,15120.380792233127,15153.030163976906,15039.78031076653,15068.580078125,18958400
2022-10-20,14998.430810945805,15128.38083830747,14979.580249371267,15112.080078125,19466800
2022-10-21,15159.579976461118,15181.880728829794,15036.080136403658,15081.080078125,16520100
2022-10-24,15225.430629751245,15248.030210084473,15179.130884561602,15198.73046875,3966500
2022-10-25,15251.730348081233,15253.730345504227,15143.430682938308,15158.080078125,17178200
2022-10-27,15246.530270490943,15273.280236218287,15172.13095175052,15244.23046875,17901900
2022-10-28,15265.43063349932,15290.130797159914,15191.58014219718,15241.580078125,14885300
2022-10-31,15333.130003606506,15433.029284842343,15327.38001125173,15423.9794921875,14360800
2022-11-01,15507.929726371309,15545.829090410378,15460.679788736577,15537.3798828125,17563700
2022-11-02,15560.429604264298,15561.079017467433,15470.379918739152,15497.529296875,13563700
2022-11-03,15407.779398721259,15519.129837186938,15401.279407329806,15484.6796875,15335800
2022-11-04,15495.72953853501,15542.129867890308,15454.279397955692,15530.8291015625,17997500
2022-11-07,15610.929693016233,15647.229450030187,15505.729635866084,15615.1298828125,20987100
2022-11-09,15684.429533104098,15686.328944664368,15534.82914424577,15567.2294921875,22865100
2022-11-10,15490.229425444135,15523.879771373804,15384.329175478808,15439.9794921875,16961400
2022-11-11,15633.479512630458,15662.029279904045,15612.42973552828,15649.0791015625,23015400
2022-11-14,15672.479462966136,15684.229447569092,15627.729521605936,15650.1796875,19758100
2022-11-15,15678.479512311773,15708.879863211434,15609.479602476678,15693.8798828125,14906000
2022-11-16,15696.529253341085,15711.279234029047,15607.229565572987,15663.279296875,18956700
2022-11-17,15630.529253091247,15661.07901761079,15573.929718135403,15597.2294921875,17510700
2022-11-18,15634.279186824358,15644.779172977396,15472.329205085029,15550.8291015625,17409900
2022-11-21,15514.579020878718,15523.12979078149,15431.179717490588,15453.779296875,18970500
2022-11-22,15472.629931142299,15518.079089794806,15437.279391948872,15509.1796875,18894300
2022-11-23,15572.729446521684,15572.879836948194,15520.229515813082,15538.1298828125,19665600
2022-11-24,15588.429808277542,15706.479458576026,15567.729640037369,15680.779296875,19380200
2022-11-25,15719.779306589808,15743.079080895135,15668.329178366657,15727.2294921875,25809200
2022-11-28,15683.72962302137,15817.329058818215,15642.779480913063,15784.4296875,24072600
2022-11-29,15784.529333060156,15859.329040736735,15782.37992178532,15812.4296875,20853400
2022-11-30,15827.429840156365,15991.579043111775,15820.529458405728,15946.1298828125,31486200
2022-12-01,16041.129835143354,16041.629834502643,15972.729532168114,16003.9296875,20872600
2022-12-02,15977.479474202135,15991.029261482621,15909.579170806657,15963.4794921875,22312000
2022-12-05,15994.929651858698,15999.779255005,15881.779406560805,15967.1796875,23665500
2022-12-06,15904.079125711536,15936.679669661156,15881.57915469038,15922.8291015625,23116300
2022-12-07,15932.229401362016,15953.229374211336,15836.029330425734,15861.9794921875,20084400
2022-12-08,15881.779334639512,15918.729482326913,15860.279362350857,15911.0791015625,19672900
2022-12-09,15964.828904302045,15967.279096436847,15727.329212319655,15812.7294921875,36793400
2022-12-12,15759.629971370812,15836.829090096357,15687.929868957868,15827.9794921875,27913900
2022-12-13,15863.229545376676,15913.77928488351,15830.62997803674,15904.4794921875,34973000
2022-12-14,15958.129890069991,15988.529265080042,15946.279319356285,15963.779296875,44159300
2022-12-15,15938.029096458742,15968.17944790949,15758.829133980164,15783.779296875,33354300
2022-12-16,15710.879785035622,15799.328887780286,15625.229506745161,15636.3291015625,28777500
2022-12-19,15658.829226977583,15763.979480733202,15606.130076823709,15755.1796875,25370500
2022-12-20,15704.029325760304,15740.229473865798,15580.779486484946,15726.1796875,23261300
2022-12-21,15772.929363390578,15812.02892112527,15497.579141118838,15527.529296875,30620200
2022-12-22,15599.5290735439,15636.07882965825,15369.579183825508,15431.4794921875,27560300
2022-12-23,15300.730138058392,15349.329684346118,15018.730504123292,15045.98046875,28171000
2022-12-27,15375.17974489266,15433.629862461064,15278.579287442759,15418.3291015625,25513000
2022-12-28,15390.529353018737,15468.129835837019,15363.629974701413,15432.779296875,23697500
2022-12-29,15369.979644752786,15517.429644789738,15306.979728186785,15485.1796875,21215900
2022-12-30,15557.729347626006,15581.929510813585,15425.629913608658,15448.8291015625,21417000
2023-01-02,15479.9501953125,15536.349609375,15433.2998046875,15523.650390625,2100336300
2023-01-03,15515.75,15575.7001953125,15500.75,15557.7998046875,20771100
2023-01-04,15563.150390625,15574.5,15375.7998046875,15393.0,21390500
2023-01-05,15446.5,15462.150390625,15286.400390625,15386.2001953125,17566700
2023-01-06,15401.349609375,15419.400390625,15219.849609375,15272.0,17314600
2023-01-09,15360.400390625,15472.150390625,15353.349609375,15450.099609375,16224900
2023-01-10,15470.0,15472.4501953125,15262.099609375,15325.25,16031600
2023-01-11,15342.75,15375.099609375,15257.0,15301.349609375,16188500
2023-01-12,15329.7001953125,15347.2001953125,15203.5498046875,15279.599609375,15254100
2023-01-13,15295.900390625,15370.0498046875,15215.0,15346.099609375,16543300
2023-01-16,15398.150390625,15421.25,15276.5,15305.4501953125,18627400
2023-01-17,15328.849609375,15411.0,15291.599609375,15396.150390625,16620100
2023-01-18,15416.599609375,15479.650390625,15376.5,15466.349609375,14567100
2023-01-19,15427.150390625,15455.150390625,15387.25,15419.7001953125,13979400
2023-01-20,15428.2001953125,15443.4501953125,15336.7001953125,15347.900390625,14565800
2023-01-23,15411.5,15427.5,15364.25,15403.2001953125,17463500
2023-01-24,15451.2001953125,15459.2998046875,15364.2001953125,15388.5498046875,13851600
2023-01-25,15364.400390625,15368.7001953125,15146.400390625,15171.9501953125,17964600
2023-01-27,15160.150390625,15165.400390625,14779.099609375,14874.75,23619800
2023-01-30,14807.5,14955.150390625,14675.0498046875,14854.2001953125,21766700
2023-01-31,14906.4501953125,14962.9501953125,14787.849609375,14935.5,21357100
2023-02-01,15054.7998046875,15154.099609375,14622.650390625,14847.650390625,26382500
2023-02-02,14760.349609375,14887.4501953125,14698.400390625,14839.400390625,20569100
2023-02-03,14904.099609375,14972.150390625,14746.4501953125,14962.349609375,20226200
2023-02-06,14939.400390625,14954.2998046875,14870.5498046875,14934.150390625,21782900
2023-02-07,14950.150390625,14970.7998046875,14845.9501953125,14902.2001953125,16800000
2023-02-08,14927.5498046875,15046.7001953125,14924.0498046875,15028.2998046875,17301500
2023-02-09,15036.849609375,15054.75,14956.900390625,15030.099609375,15692900
2023-02-10,14992.650390625,15031.099609375,14969.5498046875,15015.849609375,15674600
2023-02-13,15011.349609375,15022.5498046875,14875.849609375,14900.5,13892400
2023-02-14,14936.2001953125,14988.0,14879.349609375,14968.900390625,13173500
2023-02-15,14939.0,15053.5498046875,14923.25,15039.650390625,12612200
2023-02-16,15098.4501953125,15135.349609375,15060.0,15083.75,12628100
2023-02-17,15036.25,15077.0,14966.2998046875,15003.9501953125,11788700
2023-02-20,15023.4501953125,15036.4501953125,14920.7001953125,14938.650390625,14870400
2023-02-21,14982.0,14992.7001953125,14894.150390625,14913.9501953125,13621400
2023-02-22,14854.150390625,14861.0498046875,14674.25,14701.900390625,14453300
2023-02-23,14715.2001953125,14740.7998046875,14599.099609375,14666.75,17382800
2023-02-24,14723.400390625,14741.9501953125,14598.9501953125,14630.4501953125,14434600
2023-02-27,14600.900390625,14609.400390625,14465.7001953125,14548.7001953125,13597900
2023-02-28,14550.0,14584.4501953125,14476.0,14518.75,20385500
2023-03-01,14557.0,14675.0498046875,14550.099609375,14664.849609375,16097000
2023-03-02,14654.7998046875,14668.400390625,14575.9501953125,14587.25,15599200
2023-03-03,14686.25,14813.0498046875,14676.0498046875,14774.75,18314000
2023-03-06,14848.349609375,14942.0498046875,14843.7001953125,14881.0,16186000
2023-03-08,14843.099609375,14932.400390625,14791.25,14921.9501953125,13836400
2023-03-09,14947.0498046875,14952.849609375,14788.900390625,14803.9501953125,13376000
2023-03-10,14695.0498046875,14699.349609375,14593.400390625,14679.849609375,12540400
2023-03-13,14681.5498046875,14752.849609375,14420.5,14454.4501953125,18200100
2023-03-14,14462.0,14499.2001953125,14306.7998046875,14358.5498046875,15415200
2023-03-15,14458.150390625,14494.349609375,14298.150390625,14320.2998046875,13865700
2023-03-16,14328.5,14387.650390625,14189.0,14330.349609375,21668100
2023-03-17,14436.25,14464.900390625,14327.75,14420.849609375,23358000
2023-03-20,14389.849609375,14393.599609375,14196.5,14317.099609375,16179700
2023-03-21,14379.0498046875,14428.150390625,14339.9501953125,14411.2998046875,13293900
2023-03-22,14470.0498046875,14497.150390625,14432.2001953125,14460.0,0
2023-03-23,14422.9501953125,14490.650390625,14388.2998046875,14403.599609375,11622300
2023-03-24,14409.0,14434.099609375,14257.5,14279.0,13960500
2023-03-27,14306.599609375,14348.9501953125,14238.900390625,14262.7001953125,14815600
2023-03-28,14289.9501953125,14300.2001953125,14177.5,14211.7998046875,14615200
2023-03-29,14218.599609375,14377.2998046875,14218.599609375,14345.599609375,19557100
2023-03-31,14442.2998046875,14577.150390625,14438.7998046875,14557.849609375,17405600
2023-04-03,14621.0498046875,14621.0498046875,14541.599609375,14601.9501953125,13824900
2023-04-05,14620.7001953125,14718.900390625,14611.25,14709.400390625,13452400
2023-04-06,14701.099609375,14786.0,14673.7001953125,14759.2001953125,13016900
2023-04-10,14797.349609375,14833.4501953125,14767.0,14790.5498046875,12063200
2023-04-11,14854.650390625,14893.599609375,14814.349609375,14867.25,12444900
2023-04-12,14902.2001953125,14949.900390625,14871.900390625,14941.5498046875,11965900
2023-04-13,14946.4501953125,14965.7001953125,14885.25,14954.25,12962500
2023-04-17,14970.349609375,14970.349609375,14794.4501953125,14904.2998046875,13960200
2023-04-18,14949.099609375,14949.099609375,14852.650390625,14897.0,15883500
2023-04-19,14901.25,14905.599609375,14832.900390625,14856.900390625,14657200
2023-04-20,14878.5498046875,14905.7998046875,14835.900390625,14861.75,11133000
2023-04-21,14879.599609375,14888.650390625,14789.9501953125,14847.099609375,14464900
2023-04-24,14903.9501953125,14937.2001953125,14841.599609375,14930.150390625,15603800
2023-04-25,14945.7998046875,14981.2998046875,14916.349609375,14955.7001953125,19990300
2023-04-26,14954.2001953125,15003.099609375,14918.5498046875,14994.400390625,21127900
2023-04-27,14999.900390625,15085.849609375,14989.2001953125,15075.0498046875,19847000
2023-04-28,15111.0498046875,15235.4501953125,15077.4501953125,15219.5498046875,22144800
2023-05-02,15276.2001953125,15327.75,15261.150390625,15300.75,21880900
2023-05-03,15277.75,15305.0498046875,15239.5,15276.400390625,21733900
2023-05-04,15282.25,15414.7001953125,15272.7001953125,15405.5,22255200
2023-05-05,15330.349609375,15394.900390625,15265.849609375,15278.599609375,21111500
2023-05-08,15321.900390625,15440.849609375,15310.75,15427.099609375,17561300
2023-05-09,15462.75,15502.7001953125,15393.9501953125,15420.599609375,18148500
2023-05-10,15458.0498046875,15476.099609375,15372.4501953125,15466.0498046875,16332600
2023-05-11,15512.349609375,15526.75,15461.849609375,15484.0498046875,15978800
2023-05-12,15475.0498046875,15506.150390625,15401.650390625,15477.349609375,13497800
2023-05-15,15495.849609375,15591.9501953125,15464.650390625,15549.7001953125,13567700
2023-05-16,15584.400390625,15592.25,15476.650390625,15492.400390625,17817900
2023-05-17,15508.25,15512.849609375,15367.0,15426.349609375,17073900
2023-05-18,15506.650390625,15514.900390625,15346.849609375,15361.599609375,15928500
2023-05-19,15399.5,15418.7998046875,15278.7001953125,15407.5498046875,13957600
2023-05-22,15409.0498046875,15517.650390625,15386.900390625,15504.0,16992200
2023-05-23,15551.0498046875,15595.650390625,15528.75,15544.75,14883100
2023-05-24,15517.2001953125,15591.400390625,15493.2998046875,15515.9501953125,17595700
2023-05-25,15510.2001953125,15568.5498046875,15474.150390625,15555.25,17916200
2023-05-26,15589.5,15704.0,15567.849609375,15696.75,15551800
2023-05-29,15791.75,15805.75,15758.150390625,15772.349609375,17560100
2023-05-30,15784.25,15823.900390625,15759.349609375,15799.4501953125,16359800
2023-05-31,15773.7998046875,15789.2001953125,15706.5,15766.400390625,34527400
2023-06-01,15801.9501953125,15823.9501953125,15743.400390625,15760.349609375,17566700
2023-06-02,15816.7998046875,15838.4501953125,15774.650390625,15811.2001953125,18505700
2023-06-05,15877.4501953125,15899.150390625,15851.75,15859.5,17899700
2023-06-06,15873.75,15895.7001953125,15816.7001953125,15878.400390625,17273800
2023-06-07,15938.2998046875,16016.0,15920.25,16006.7001953125,31132700
2023-06-08,16021.7001953125,16048.7998046875,15906.150390625,15921.0498046875,23687500
2023-06-09,15947.9501953125,15961.7001953125,15866.7998046875,15877.400390625,18992700
2023-06-12,15913.2001953125,15946.150390625,15874.400390625,15929.099609375,17248900
2023-06-13,15964.7998046875,16057.5,15964.2998046875,16048.2001953125,19119800
2023-06-14,16082.150390625,16094.099609375,16035.150390625,16084.0498046875,20155200
2023-06-15,16106.849609375,16138.7001953125,16039.0498046875,16058.25,17043200
2023-06-16,16100.900390625,16211.25,16091.7998046875,16181.4501953125,20414800
2023-06-19,16231.0498046875,16244.9501953125,16117.849609375,16142.150390625,17333000
2023-06-20,16147.5498046875,16215.599609375,16080.9501953125,16199.9501953125,16932200
2023-06-21,16244.5498046875,16277.349609375,16201.400390625,16240.9501953125,18561500
2023-06-22,16252.75,16264.150390625,16128.7998046875,16140.7998046875,17972000
2023-06-23,16126.7001953125,16133.9501953125,15999.400390625,16011.7998046875,15066500
2023-06-26,16017.5,16079.0,15995.099609375,16066.150390625,13334300
2023-06-27,16118.650390625,16171.2001953125,16104.2001953125,16163.5,14832100
2023-06-28,16239.849609375,16296.0,16210.4501953125,16277.2001953125,20741900
2023-06-30,16354.9501953125,16437.44921875,16326.0,16430.0,21663000
2023-07-03,16490.94921875,16541.900390625,16485.30078125,16527.94921875,22143300
2023-07-04,16597.5,16599.25,16499.150390625,16556.05078125,28937900
2023-07-05,16580.19921875,16611.150390625,16540.19921875,16597.19921875,23384400
2023-07-06,16600.75,16703.30078125,16590.69921875,16695.05078125,24845700
2023-07-07,16653.30078125,16718.19921875,16541.599609375,16564.900390625,21794000
2023-07-10,16620.900390625,16623.94921875,16530.75,16553.75,17837500
2023-07-11,16610.94921875,16698.80078125,16597.55078125,16648.0,19751600
2023-07-12,16697.099609375,16703.25,16627.30078125,16641.05078125,21120500
2023-07-13,16726.94921875,16774.5,16596.44921875,16623.900390625,21563600
2023-07-14,16695.69921875,16786.0,16655.05078125,16765.44921875,16827100
2023-07-17,16811.650390625,16884.94921875,16784.349609375,16872.05078125,20461300
2023-07-18,16932.94921875,16940.150390625,16818.30078125,16872.0,19999200
2023-07-19,16919.05078125,16964.25,16877.44921875,16953.5,19868200
2023-07-20,16965.44921875,17051.0,16912.69921875,17042.55078125,21616500
2023-07-21,16931.94921875,16991.400390625,16874.94921875,16904.30078125,23571800
2023-07-24,16921.75,16948.400390625,16852.19921875,16865.150390625,28840000
2023-07-25,16918.80078125,16918.849609375,16832.44921875,16896.900390625,22880300
2023-07-26,16950.69921875,17011.0,16931.599609375,16975.0,23136100
2023-07-27,17038.349609375,17056.19921875,16873.0,16919.19921875,24802600
2023-07-28,16935.05078125,16960.5,16880.599609375,16948.349609375,20685400
2023-07-31,16972.5,17072.80078125,16939.0,17059.0,24434300
2023-08-01,17096.599609375,17102.099609375,17026.30078125,17051.150390625,23309200
2023-08-02,17005.599609375,17018.849609375,16755.900390625,16858.94921875,24246300
2023-08-03,16818.349609375,16878.75,16691.650390625,16772.30078125,25498600
2023-08-04,16847.400390625,16914.44921875,16836.55078125,16890.599609375,26290700
2023-08-07,16948.349609375,16970.05078125,16897.5,16956.349609375,22503500
2023-08-08,16991.849609375,16998.150390625,16889.849609375,16949.25,23945400
2023-08-09,16966.849609375,17011.94921875,16881.75,17003.849609375,21148900
2023-08-10,16999.5,17013.44921875,16901.55078125,16939.849609375,23453800
2023-08-11,16970.05078125,16972.05078125,16845.80078125,16860.150390625,22768800
2023-08-14,16827.75,16854.099609375,16661.0,16825.55078125,20268700
2023-08-16,16779.599609375,16867.80078125,16732.75,16853.05078125,0
2023-08-17,16858.849609375,16869.400390625,16781.599609375,16802.25,20478700
2023-08-18,16768.0,16803.25,16722.05078125,16757.69921875,19005500
2023-08-21,16780.75,16872.55078125,16766.69921875,16852.05078125,17652800
2023-08-22,16886.94921875,16925.44921875,16874.80078125,16905.25,22516400
2023-08-23,16950.900390625,16981.849609375,16912.150390625,16950.25,22837200
2023-08-24,17039.25,17074.25,16916.400390625,16930.150390625,24143400
2023-08-25,16871.0,16905.69921875,16785.25,16820.849609375,25050200
2023-08-28,16866.400390625,16918.25,16823.400390625,16875.30078125,24426100
2023-08-29,16933.849609375,16938.80078125,16898.05078125,16927.30078125,25140300
2023-08-30,17010.150390625,17035.599609375,16959.099609375,16968.94921875,22475100
2023-08-31,17001.349609375,17011.80078125,16904.69921875,16924.30078125,38895000
2023-09-01,16940.19921875,17088.099609375,16931.5,17074.55078125,39465900
2023-09-04,17157.900390625,17191.19921875,17074.55078125,17180.94921875,4456715100
2023-09-05,17228.19921875,17264.900390625,17180.94921875,17252.099609375,37702500
2023-09-06,17274.19921875,17298.80078125,17198.75,17284.599609375,30486500
2023-09-07,17292.349609375,17395.0,17269.099609375,17385.5,27654800
2023-09-08,17437.650390625,17519.599609375,17385.5,17487.44921875,29913900
2023-09-11,17567.19921875,17660.80078125,17550.19921875,17653.349609375,37172200
2023-09-12,17753.94921875,17754.05078125,17422.05078125,17460.55078125,44340200
2023-09-13,17458.400390625,17540.849609375,17364.349609375,17526.75,34773200
2023-09-14,17593.25,17648.55078125,17546.0,17603.5,29508800
2023-09-15,17662.80078125,17691.849609375,17620.900390625,17665.80078125,41392000
2023-09-18,17666.849609375,17671.599609375,17601.55078125,17613.599609375,44639200
2023-09-20,17513.19921875,17571.150390625,17419.75,17449.349609375,30967800
2023-09-21,17409.099609375,17422.75,17273.099609375,17303.5,28822700
2023-09-22,17314.400390625,17361.80078125,17226.05078125,17260.80078125,30348000
2023-09-25,17276.349609375,17308.19921875,17198.19921875,17272.55078125,23415700
2023-09-26,17284.900390625,17312.349609375,17250.30078125,17276.75,23871700
2023-09-27,17270.400390625,17352.099609375,17217.44921875,17341.599609375,24176400
2023-09-28,17384.05078125,17389.19921875,17147.0,17170.44921875,29247500
2023-09-29,17227.55078125,17357.150390625,17205.19921875,17292.599609375,20880800
2023-10-03,17294.5,17295.44921875,17201.69921875,17254.400390625,24738400
2023-10-04,17195.55078125,17200.69921875,17032.599609375,17123.099609375,29957400
2023-10-05,17202.25,17234.0,17154.30078125,17195.80078125,24783900
2023-10-06,17263.349609375,17310.099609375,17237.099609375,17293.599609375,22409800
2023-10-09,17170.5,17206.849609375,17096.650390625,17127.69921875,23369400
2023-10-10,17184.55078125,17319.30078125,17184.55078125,17303.349609375,20047300
2023-10-11,17380.650390625,17447.80078125,17375.5,17407.349609375,21946300
2023-10-12,17438.30078125,17457.849609375,17402.44921875,17419.69921875,21367300
2023-10-13,17323.05078125,17436.5,17306.55078125,17390.349609375,22759700
2023-10-16,17390.349609375,17431.5,17353.150390625,17393.0,21609200
2023-10-17,17490.05078125,17494.5,17437.94921875,17467.69921875,21889100
2023-10-18,17484.349609375,17492.400390625,17332.30078125,17344.0,23155700
2023-10-19,17251.19921875,17344.599609375,17202.25,17310.5,20476800
2023-10-20,17258.30078125,17295.05078125,17190.599609375,17208.75,25928300
2023-10-23,17204.75,17224.80078125,16859.849609375,16888.69921875,25439800
2023-10-25,16912.400390625,16967.099609375,16677.150390625,16760.80078125,24536000
2023-10-26,16678.69921875,16689.099609375,16466.25,16555.44921875,25590800
2023-10-27,16636.05078125,16793.099609375,16634.599609375,16765.44921875,21446600
2023-10-30,16784.94921875,16837.80078125,16661.94921875,16826.099609375,20563300
2023-10-31,16909.69921875,16910.0,16785.55078125,16801.099609375,18455500
2023-11-01,16808.5,16834.099609375,16719.099609375,16732.94921875,23946000
2023-11-02,16849.94921875,16903.75,16823.0,16890.80078125,22356100
2023-11-03,16990.349609375,17027.44921875,16983.05078125,17000.94921875,24482900
2023-11-06,17105.349609375,17168.75,17080.94921875,17159.400390625,18888700
2023-11-07,17170.349609375,17200.599609375,17120.75,17187.80078125,21619300
2023-11-08,17242.650390625,17269.25,17215.0,17259.69921875,23112000
2023-11-09,17284.94921875,17288.599609375,17209.55078125,17218.900390625,21496900
2023-11-10,17189.69921875,17274.900390625,17156.849609375,17256.599609375,16533000
2023-11-13,17335.0,17339.150390625,17278.650390625,17318.599609375,22743900
2023-11-15,17493.30078125,17518.900390625,17448.30078125,17508.05078125,27787100
2023-11-16,17518.099609375,17668.650390625,17486.5,17593.099609375,22354800
2023-11-17,17537.44921875,17649.05078125,17528.849609375,17600.5,29718400
2023-11-20,17618.55078125,17636.400390625,17556.099609375,17573.650390625,21843200
2023-11-21,17644.5,17665.0,17617.19921875,17627.599609375,20175000
2023-11-22,17637.44921875,17654.599609375,17533.75,17627.69921875,18139100
2023-11-23,17654.150390625,17693.25,17627.349609375,17639.400390625,16889200
2023-11-24,17661.30078125,17684.150390625,17631.75,17643.5,18055700
2023-11-28,17701.05078125,17760.0,17665.650390625,17741.80078125,22613200
2023-11-29,17831.650390625,17911.349609375,17823.44921875,17904.099609375,22418200
2023-11-30,17926.900390625,18007.099609375,17845.900390625,17987.94921875,46145900
2023-12-01,18061.80078125,18141.650390625,18053.150390625,18115.349609375,24790000
2023-12-04,18422.349609375,18460.0,18315.44921875,18448.5,29478500
2023-12-05,18541.30078125,18594.900390625,18453.650390625,18588.55078125,28525000
2023-12-06,18677.25,18698.80078125,18594.400390625,18680.0,27288500
2023-12-07,18696.75,18721.80078125,18619.75,18703.849609375,32793000
2023-12-08,18752.25,18785.69921875,18588.150390625,18703.5,35541800
2023-12-11,18726.349609375,18780.44921875,18710.150390625,18770.19921875,29109900
2023-12-12,18809.900390625,18819.69921875,18635.349609375,18686.80078125,33150900
2023-12-13,18723.69921875,18770.44921875,18601.5,18751.44921875,29800900
2023-12-14,18906.400390625,18996.25,18893.75,18973.849609375,39641300
2023-12-15,19071.94921875,19165.099609375,19020.55078125,19145.05078125,40267000
2023-12-18,19149.150390625,19201.55078125,19073.099609375,19155.55078125,34119200
2023-12-19,19212.55078125,19213.55078125,19067.19921875,19169.25,29523800
2023-12-20,19264.400390625,19303.599609375,18727.099609375,18779.44921875,38696000
2023-12-21,18647.849609375,18965.80078125,18582.94921875,18941.80078125,30612700
2023-12-22,19011.25,19089.94921875,18934.75,19054.69921875,26069600
2023-12-26,19095.0,19173.80078125,19059.400390625,19148.849609375,22132200
2023-12-27,19219.400390625,19312.30078125,19189.80078125,19296.94921875,20854200
2023-12-28,19358.349609375,19414.55078125,19313.099609375,19399.25,32391400
2023-12-29,19394.5,19450.099609375,19338.349609375,19429.150390625,42430900
2024-01-02,19496.80078125,19499.80078125,19271.650390625,19418.400390625,40598500
2024-01-03,19434.30078125,19442.19921875,19343.150390625,19367.150390625,36356200
2024-01-04,19451.80078125,19560.400390625,19433.5,19541.25,32459600
2024-01-05,19602.099609375,19637.099609375,19490.94921875,19590.599609375,40342900
2024-01-08,19636.0,19641.849609375,19400.599609375,19417.69921875,35203500
2024-01-09,19549.5,19596.05078125,19439.099609375,19459.55078125,37052500
2024-01-10,19463.55078125,19532.30078125,19354.099609375,19517.849609375,36103400
2024-01-11,19589.75,19626.5,19532.30078125,19584.349609375,33718400
2024-01-12,19691.25,19775.900390625,19635.75,19745.599609375,31008900
2024-01-15,19876.5,19896.900390625,19763.80078125,19885.55078125,35121900
2024-01-16,19894.30078125,19923.30078125,19736.19921875,19827.55078125,41454800
2024-01-17,19556.400390625,19707.69921875,19470.05078125,19487.599609375,41490700
2024-01-18,19388.400390625,19468.650390625,19143.5,19414.80078125,37178000
2024-01-19,19555.94921875,19618.94921875,19537.150390625,19606.400390625,37538800
2024-01-23,19743.5,19752.349609375,19158.75,19206.44921875,44759000
2024-01-24,19193.150390625,19470.650390625,19080.5,19451.0,41769400
2024-01-25,19479.650390625,19480.05078125,19289.80078125,19393.0,38563500
2024-01-29,19475.400390625,19728.900390625,19470.05078125,19711.650390625,41540400
2024-01-30,19770.25,19799.25,19558.80078125,19574.19921875,39664800
2024-01-31,19574.150390625,19813.30078125,19546.400390625,19802.099609375,35992100
2024-02-01,19869.94921875,19871.25,19703.75,19777.349609375,42128500
2024-02-02,19884.650390625,20101.150390625,19874.80078125,19910.80078125,49946000
2024-02-05,19989.650390625,20044.0,19805.75,19853.5,51778800
2024-02-06,19923.19921875,20044.44921875,19824.849609375,20033.75,45963000
2024-02-07,20157.19921875,20169.900390625,20011.44921875,20109.55078125,58018300
2024-02-08,20207.55078125,20209.05078125,19949.349609375,19987.55078125,55978000
2024-02-09,20015.0,20040.650390625,19745.44921875,19961.5,54127000
2024-02-12,19999.94921875,20015.0,19634.599609375,19675.19921875,40401200
2024-02-13,19709.80078125,19796.05078125,19508.75,19782.900390625,39268800
2024-02-14,19618.099609375,19943.75,19579.19921875,19922.30078125,34524400
2024-02-15,20011.69921875,20065.75,19952.0,20037.0,35406900
2024-02-16,20136.849609375,20191.44921875,20098.099609375,20164.900390625,31059200
2024-02-20,20242.650390625,20285.80078125,20190.69921875,20271.900390625,26832800
2024-02-21,20329.099609375,20342.30078125,20077.80078125,20128.30078125,31364400
2024-02-22,20179.25,20308.900390625,20004.099609375,20283.94921875,31743900
2024-02-23,20358.69921875,20365.650390625,20280.150390625,20313.5,39835600
2024-02-26,20299.5,20335.75,20210.349609375,20255.80078125,28150900
2024-02-27,20249.25,20329.099609375,20234.94921875,20292.849609375,28512700
2024-02-28,20323.5,20335.650390625,19987.349609375,20020.400390625,38512900
2024-02-29,20009.25,20160.05078125,19901.30078125,20090.05078125,48948700
2024-03-01,20171.900390625,20360.19921875,20171.0,20349.80078125,28202800
2024-03-04,20456.75,20482.599609375,20383.150390625,20432.05078125,25412600
2024-03-05,20422.30078125,20440.400390625,20328.0,20382.0,27107000
2024-03-06,20368.75,20396.75,20139.349609375,20379.55078125,35547900
2024-03-07,20413.650390625,20471.349609375,20384.5,20434.80078125,24346300
2024-03-11,20478.75,20483.25,20264.30078125,20288.75,22816800
2024-03-12,20299.80078125,20326.25,20135.30078125,20171.400390625,24347400
2024-03-13,20236.80078125,20247.900390625,19549.5,19646.30078125,41486300
2024-03-14,19598.400390625,19933.900390625,19514.69921875,19916.349609375,38249400
2024-03-15,19867.75,19942.400390625,19671.150390625,19825.19921875,41574600
2024-03-18,19804.30078125,19894.44921875,19709.19921875,19843.099609375,22428300
2024-03-19,19785.80078125,19798.94921875,19594.099609375,19610.55078125,21287100
2024-03-20,19651.69921875,19697.44921875,19465.849609375,19632.05078125,21521000
2024-03-21,19790.849609375,19916.44921875,19790.849609375,19897.400390625,22056500
2024-03-22,19855.0,20048.599609375,19806.69921875,19994.599609375,26015800
2024-03-26,19895.55078125,20044.5,19895.30078125,20005.25,23428500
2024-03-27,20063.0,20174.400390625,20063.0,20087.80078125,28219300
2024-03-28,20150.349609375,20380.5,20146.150390625,20255.150390625,26471400
2024-04-01,20392.25,20504.5,20387.05078125,20492.55078125,24756300
2024-04-02,20524.150390625,20579.25,20481.849609375,20569.75,28128700
2024-04-03,20528.19921875,20657.900390625,20496.55078125,20605.69921875,30258700
2024-04-04,20755.349609375,20772.400390625,20537.5,20664.650390625,33121800
2024-04-05,20654.75,20730.150390625,20609.900390625,20715.099609375,28297700
2024-04-08,20806.849609375,20866.099609375,20768.5,20819.099609375,27481500
2024-04-09,20912.75,20912.75,20741.5,20790.69921875,22792400
2024-04-10,20864.55078125,20933.849609375,20822.849609375,20915.19921875,25719500
2024-04-12,20873.19921875,20931.400390625,20735.150390625,20745.5,32597400
2024-04-15,20493.30078125,20623.80078125,20362.30078125,20478.75,31952800
2024-04-16,20361.25,20495.19921875,20326.25,20423.0,31141100
2024-04-18,20515.150390625,20617.099609375,20291.150390625,20324.69921875,29636300
2024-04-19,20178.25,20428.400390625,20038.349609375,20385.19921875,27183000
2024-04-22,20566.19921875,20604.099609375,20468.099609375,20574.849609375,36990800
2024-04-23,20687.900390625,20689.75,20621.55078125,20652.650390625,48926300
2024-04-24,20723.19921875,20772.55078125,20710.19921875,20730.650390625,36984300
2024-04-25,20690.849609375,20894.0,20686.69921875,20867.900390625,107777900
2024-04-26,20926.400390625,20941.099609375,20814.5,20839.349609375,66099300
2024-04-29,20911.099609375,21002.099609375,20847.849609375,20992.19921875,41065400
2024-04-30,21052.349609375,21146.5,20971.849609375,20997.19921875,36823500
2024-05-02,21010.44921875,21126.099609375,21009.349609375,21083.599609375,32855900
2024-05-03,21193.44921875,21208.69921875,20830.650390625,20959.55078125,40630500
2024-05-06,21044.099609375,21048.94921875,20805.05078125,20864.94921875,30888200
2024-05-07,20911.349609375,20914.900390625,20548.80078125,20636.05078125,37453900
2024-05-08,20586.80078125,20768.75,20516.25,20704.900390625,27005200
2024-05-09,20681.099609375,20736.25,20318.900390625,20344.80078125,26295900
2024-05-10,20398.0,20482.05078125,20299.099609375,20469.099609375,22511100
2024-05-13,20471.650390625,20540.25,20184.099609375,20511.0,24038600
2024-05-14,20544.349609375,20709.75,20508.0,20683.80078125,26136600
2024-05-15,20744.5,20811.25,20681.900390625,20741.849609375,21688100
2024-05-16,20846.849609375,20950.55078125,20667.80078125,20929.05078125,24680000
2024-05-17,20967.400390625,21078.650390625,20934.44921875,21064.55078125,26742600
2024-05-21,21114.650390625,21224.69921875,21068.849609375,21187.650390625,35418000
2024-05-22,21255.19921875,21261.75,21103.19921875,21237.75,29683000
2024-05-23,21280.05078125,21505.25,21249.150390625,21489.55078125,34296400
2024-05-24,21483.0,21567.44921875,21444.94921875,21483.75,52358500
2024-05-27,21573.80078125,21613.599609375,21439.150390625,21493.0,35971800
2024-05-28,21542.5,21558.150390625,21345.349609375,21387.349609375,28460800
2024-05-29,21288.349609375,21356.150390625,21243.19921875,21256.30078125,25281000
2024-05-30,21201.80078125,21262.849609375,20983.94921875,21038.55078125,35289300
2024-05-31,21129.349609375,21177.25,21003.0,21103.30078125,64228200
2024-06-03,21926.599609375,21926.599609375,21629.30078125,21797.400390625,52059200
2024-06-04,21753.349609375,21753.349609375,19624.25,20323.849609375,92929300
2024-06-05,20570.75,21092.150390625,20116.599609375,21054.400390625,55213500
2024-06-06,21253.69921875,21462.80078125,21193.19921875,21365.0,38366900
2024-06-07,21390.19921875,21781.349609375,21333.5,21764.150390625,37282200
2024-06-10,21844.30078125,21930.5,21758.30078125,21808.25,37085600
2024-06-11,21856.349609375,21961.44921875,21782.349609375,21852.0,44745100
2024-06-12,21935.19921875,22023.900390625,21904.69921875,21960.94921875,35472600
2024-06-13,22120.75,22120.80078125,21992.150390625,22074.30078125,31190000
2024-06-14,22148.25,22229.400390625,22054.150390625,22214.30078125,34231400
2024-06-18,22323.55078125,22338.150390625,22253.349609375,22329.599609375,32391200
2024-06-19,22406.30078125,22406.30078125,22127.25,22224.900390625,52210600
2024-06-20,22293.55078125,22333.599609375,22182.19921875,22305.099609375,34702700
2024-06-21,22392.599609375,22393.30078125,22186.19921875,22236.19921875,48207200
2024-06-24,22150.650390625,22309.099609375,22073.650390625,22289.099609375,32202800
2024-06-25,22349.75,22391.75,22287.099609375,22370.650390625,26474200
2024-06-26,22379.5,22464.849609375,22309.5,22436.80078125,38300800
2024-06-27,22459.900390625,22571.650390625,22395.900390625,22537.400390625,42989900
2024-06-28,22592.25,22673.650390625,22537.69921875,22559.69921875,43007900
2024-07-01,22580.400390625,22739.69921875,22570.400390625,22727.599609375,0
2024-07-02,22806.30078125,22810.650390625,22592.19921875,22677.80078125,0
2024-07-03,22820.55078125,22871.650390625,22764.099609375,22851.19921875,0
2024-07-04,22937.599609375,22962.80078125,22866.69921875,22914.19921875,30704400
2024-07-05,22878.5,23011.80078125,22838.19921875,22987.650390625,41259000
2024-07-08,23029.349609375,23040.75,22897.94921875,22971.150390625,37034300
2024-07-09,23035.05078125,23082.349609375,22974.94921875,23067.349609375,32561800
2024-07-10,23124.150390625,23125.30078125,22685.650390625,22977.650390625,32958800
2024-07-11,23059.94921875,23063.099609375,22904.30078125,23005.25,33766300
2024-07-12,23086.25,23189.400390625,23021.400390625,23095.44921875,35369700
2024-07-15,23188.80078125,23234.30078125,23081.30078125,23209.849609375,34314300
2024-07-16,23258.19921875,23288.05078125,23181.349609375,23204.25,34335200
2024-07-18,23167.650390625,23233.849609375,22993.55078125,23210.05078125,35622300
2024-07-19,23232.5,23232.5,22833.0,22853.599609375,30218600
2024-07-22,22761.5,23001.05078125,22667.75,22942.650390625,29609000
2024-07-23,23022.80078125,23031.94921875,22307.19921875,22865.19921875,45631600
2024-07-24,22856.849609375,22965.44921875,22816.75,22921.44921875,31512400
2024-07-25,22753.19921875,22938.650390625,22732.19921875,22917.25,34439400
2024-07-26,22970.400390625,23306.75,22965.5,23292.05078125,34525200
2024-07-29,23423.150390625,23496.400390625,23326.05078125,23394.19921875,36107300
2024-07-30,23421.19921875,23530.0,23381.349609375,23440.900390625,29987100
2024-07-31,23495.849609375,23556.0,23459.599609375,23530.80078125,32149100
2024-08-01,23608.849609375,23637.75,23429.55078125,23506.599609375,29214900
2024-08-02,23296.099609375,23395.099609375,23225.650390625,23259.44921875,30923600
2024-08-05,22772.55078125,22868.349609375,22397.69921875,22542.44921875,40193400
2024-08-06,22696.94921875,22910.75,22406.05078125,22443.30078125,27000600
2024-08-07,22773.44921875,22870.849609375,22650.80078125,22848.900390625,24591600
2024-08-08,22842.0,22905.599609375,22676.0,22705.69921875,24382600
2024-08-09,22948.150390625,22982.44921875,22869.400390625,22923.5,21118900
2024-08-12,22862.900390625,22993.25,22753.75,22915.849609375,25324300
2024-08-13,22952.69921875,22962.75,22684.44921875,22705.80078125,27582500
2024-08-14,22765.650390625,22778.94921875,22599.94921875,22672.650390625,23576200
2024-08-16,22846.099609375,23071.75,22750.30078125,23056.5,20454900
2024-08-19,23174.19921875,23195.599609375,23104.099609375,23139.75,21337100
2024-08-20,23223.599609375,23292.69921875,23175.400390625,23280.349609375,21727000
2024-08-21,23283.75,23383.19921875,23256.25,23368.650390625,22340700
2024-08-22,23467.150390625,23474.849609375,23408.94921875,23440.69921875,21863200
2024-08-23,23485.30078125,23496.849609375,23401.0,23418.650390625,23411800
2024-08-26,23514.30078125,23579.75,23466.75,23561.75,19994300
2024-08-27,23592.0,23633.19921875,23555.55078125,23604.849609375,22130300
2024-08-28,23646.80078125,23679.349609375,23547.25,23615.94921875,24488600
2024-08-29,23618.25,23664.349609375,23494.44921875,23631.400390625,29804300
2024-08-30,23728.55078125,23766.400390625,23673.94921875,23734.55078125,70150200
2024-09-02,23835.19921875,23835.19921875,23693.650390625,23760.69921875,25228700
2024-09-03,23817.0,23817.55078125,23771.19921875,23788.44921875,18146200
2024-09-04,23611.80078125,23761.400390625,23605.349609375,23748.900390625,20620200
2024-09-05,23821.0,23836.349609375,23749.05078125,23762.80078125,23179400
2024-09-06,23746.0,23794.349609375,23434.900390625,23477.69921875,38704200
2024-09-09,23452.849609375,23526.55078125,23294.44921875,23502.150390625,23648800
2024-09-10,23591.849609375,23712.94921875,23531.650390625,23643.650390625,22265300
2024-09-11,23665.099609375,23723.05078125,23498.150390625,23531.25,23090100
2024-09-12,23680.0,23934.599609375,23593.599609375,23907.349609375,23740100
2024-09-13,23966.5,23966.55078125,23885.19921875,23928.19921875,20577800
2024-09-16,24006.150390625,24026.0,23917.5,23968.19921875,17209800
2024-09-17,24008.25,24008.25,23912.55078125,23969.900390625,16183800
2024-09-18,23972.55078125,24000.30078125,23800.849609375,23898.650390625,18564600
2024-09-19,24012.30078125,24078.0,23702.0,23853.94921875,45138100
2024-09-20,23956.55078125,24243.150390625,23885.0,24193.80078125,42372300
2024-09-23,24294.80078125,24393.69921875,24262.30078125,24379.19921875,35691300
2024-09-24,24390.05078125,24429.0,24353.75,24389.69921875,26025400
2024-09-25,24377.25,24394.349609375,24268.5,24371.25,29281600
2024-09-26,24399.150390625,24512.650390625,24338.400390625,24496.900390625,30998100
2024-09-27,24529.55078125,24573.400390625,24469.0,24489.55078125,41993700
2024-09-30,24410.0,24456.099609375,24217.400390625,24245.19921875,26120900
2024-10-01,24248.5,24329.44921875,24191.05078125,24271.30078125,22116800
2024-10-03,23931.849609375,24122.0,23713.0,23755.44921875,27320600
2024-10-04,23704.94921875,23920.30078125,23483.400390625,23534.94921875,26223100
2024-10-07,23616.349609375,23659.650390625,23089.5,23181.94921875,30375500
2024-10-08,23175.19921875,23544.80078125,23106.5,23512.55078125,25631100
2024-10-09,23600.099609375,23797.44921875,23570.69921875,23599.599609375,25890900
2024-10-10,23695.55078125,23755.5,23580.599609375,23598.150390625,19427900
2024-10-11,23608.30078125,23654.0,23546.30078125,23611.25,17121900
2024-10-14,23670.5,23740.19921875,23646.099609375,23727.05078125,16763300
2024-10-15,23800.400390625,23814.94921875,23662.30078125,23735.69921875,17789200
2024-10-16,23702.849609375,23768.150390625,23588.80078125,23673.150390625,17373100
2024-10-17,23717.30078125,23720.150390625,23366.0,23377.0,17807000
2024-10-18,23285.650390625,23471.19921875,23120.94921875,23440.69921875,19475900
2024-10-21,23527.599609375,23559.05078125,23224.55078125,23263.25,20166200
2024-10-22,23277.099609375,23306.19921875,22789.69921875,22814.44921875,24168100
2024-10-23,22751.80078125,22989.05078125,22673.30078125,22841.099609375,26061900
2024-10-24,22841.849609375,22893.19921875,22747.55078125,22787.849609375,19531500
2024-10-25,22819.80078125,22839.19921875,22362.80078125,22499.05078125,26167800
2024-10-28,22548.69921875,22756.05078125,22407.0,22649.94921875,29092800
2024-10-29,22670.80078125,22808.80078125,22450.0,22795.05078125,23194400
2024-10-30,22731.150390625,22896.55078125,22685.400390625,22749.80078125,27854400
2024-10-31,22758.599609375,22779.5,22621.099609375,22689.349609375,24362900
2024-11-01,22806.94921875,22881.5,22799.69921875,22823.55078125,6042900
2024-11-04,22831.80078125,22832.650390625,22362.650390625,22518.30078125,22594400
2024-11-05,22458.30078125,22697.5,22343.94921875,22679.849609375,21434200
2024-11-06,22782.19921875,23052.19921875,22720.30078125,23031.19921875,21578000
2024-11-07,23067.150390625,23073.55078125,22793.900390625,22806.25,20350800
2024-11-08,22821.900390625,22857.099609375,22600.25,22645.650390625,19203600
2024-11-11,22590.099609375,22770.55078125,22478.69921875,22591.400390625,20059500
2024-11-12,22664.19921875,22721.900390625,22286.849609375,22331.05078125,17128100
2024-11-13,22263.0,22309.80078125,21867.69921875,21914.94921875,23256700
2024-11-14,21924.099609375,22096.849609375,21907.55078125,21963.099609375,19082200
2024-11-18,22045.900390625,22049.150390625,21787.349609375,21899.400390625,20564200
2024-11-19,21977.650390625,22233.400390625,21948.44921875,22004.349609375,19033700
2024-11-21,21947.75,21954.19921875,21692.80078125,21820.849609375,26353500
2024-11-22,21864.650390625,22260.150390625,21819.19921875,22225.55078125,23049700
2024-11-25,22578.650390625,22676.25,22510.80078125,22553.5,37062000
2024-11-26,22649.30078125,22675.69921875,22523.0,22562.44921875,32509700
2024-11-27,22594.19921875,22732.099609375,22526.099609375,22691.69921875,27765700
2024-11-28,22722.30078125,22821.75,22472.25,22514.349609375,30300900
2024-11-29,22537.80078125,22733.75,22531.900390625,22687.0,24656200
2024-12-02,22695.400390625,22843.5,22603.099609375,22835.849609375,18255400
2024-12-03,22922.599609375,23029.55078125,22876.80078125,23020.849609375,21659200
2024-12-04,23075.94921875,23149.900390625,22978.849609375,23099.5,26977000
2024-12-05,23183.30078125,23357.099609375,22993.849609375,23277.94921875,27902600
2024-12-06,23315.80078125,23358.19921875,23221.69921875,23312.099609375,24696700
2024-12-09,23289.400390625,23351.900390625,23243.30078125,23292.0,22821900
2024-12-10,23328.80078125,23341.349609375,23216.25,23314.900390625,21731600
2024-12-11,23326.69921875,23394.19921875,23301.150390625,23358.150390625,17613100
2024-12-12,23348.69921875,23386.25,23242.75,23256.400390625,19632100
2024-12-13,23208.349609375,23378.55078125,22879.900390625,23358.94921875,21518400
2024-12-16,23370.55078125,23417.650390625,23281.19921875,23352.44921875,14889800
2024-12-17,23308.900390625,23349.099609375,23067.30078125,23095.75,19211800
2024-12-18,23076.94921875,23125.55078125,22876.69921875,22934.400390625,17807500
2024-12-19,22594.94921875,22782.25,22590.0,22752.150390625,17201400
2024-12-20,22783.650390625,22855.0,22279.900390625,22319.400390625,25841100
2024-12-23,22446.599609375,22535.19921875,22331.5,22412.30078125,15840200
2024-12-24,22431.599609375,22516.30078125,22340.099609375,22402.69921875,13500400
2024-12-26,22444.69921875,22492.30078125,22324.599609375,22430.349609375,14200
2024-12-27,22473.900390625,22555.44921875,22435.55078125,22445.19921875,11665400
2024-12-30,22438.150390625,22522.400390625,22266.150390625,22357.150390625,30031300
2024-12-31,22273.69921875,22414.44921875,22160.150390625,22375.400390625,20703900
2025-01-02,22521.75,22833.349609375,22482.69921875,22819.75,18525200
2025-01-03,22850.099609375,22867.849609375,22681.30078125,22708.150390625,22010400
2025-01-06,22753.650390625,22757.400390625,22163.55078125,22225.400390625,24961500
2025-01-07,22278.150390625,22435.5,22247.75,22341.650390625,19294300
2025-01-08,22378.150390625,22384.25,22065.19921875,22231.80078125,19023200
2025-01-09,22231.05078125,22239.19921875,22028.5,22046.55078125,16939500
2025-01-10,22049.400390625,22075.400390625,21738.44921875,21799.0,19746200
2025-01-13,21557.0,21630.55078125,21194.44921875,21243.44921875,26118000
2025-01-14,21328.0,21528.69921875,21325.0,21481.05078125,25453100
2025-01-15,21572.44921875,21634.599609375,21445.400390625,21551.19921875,30942300
2025-01-16,21734.400390625,21776.349609375,21687.44921875,21714.55078125,22356500
2025-01-17,21699.44921875,21730.849609375,21563.80078125,21680.25,20140800
2025-01-20,21769.94921875,21848.94921875,21628.5,21809.0,35051300
2025-01-21,21855.099609375,21863.05078125,21411.30078125,21433.19921875,23319600
2025-01-22,21484.44921875,21500.30078125,21178.80078125,21396.55078125,20884100
2025-01-23,21377.80078125,21595.0,21338.94921875,21538.05078125,18373700
2025-01-24,21533.05078125,21611.19921875,21279.0,21318.900390625,17534800
2025-01-27,21158.849609375,21163.0,20861.150390625,20910.94921875,23045500
2025-01-28,21009.19921875,21100.44921875,20757.900390625,20924.75,24931900
2025-01-29,20971.400390625,21259.849609375,20968.349609375,21245.5,18562800
2025-01-30,21282.099609375,21404.19921875,21209.599609375,21297.5,19976300
2025-01-31,21339.349609375,21613.0,21310.30078125,21580.900390625,22528800
2025-02-03,21422.849609375,21445.94921875,21286.69921875,21402.55078125,22552300
2025-02-04,21551.400390625,21743.55078125,21474.44921875,21727.44921875,21541600
2025-02-05,21797.69921875,21870.400390625,21763.69921875,21784.25,19686800
2025-02-06,21860.099609375,21870.900390625,21620.150390625,21672.44921875,15731100
2025-02-07,21703.75,21765.150390625,21521.75,21646.150390625,21144700
2025-02-10,21636.19921875,21659.25,21301.849609375,21371.30078125,14732900
2025-02-11,21366.25,21376.44921875,20860.599609375,20950.44921875,17841200
2025-02-12,20924.150390625,21002.0,20545.75,20907.849609375,25437300
2025-02-13,20926.0,21122.0,20866.5,20904.349609375,21300900
2025-02-14,20964.599609375,20984.69921875,20476.650390625,20633.099609375,20478700
2025-02-17,20511.05078125,20667.55078125,20339.0,20652.349609375,20032500
2025-02-18,20663.599609375,20692.30078125,20466.75,20611.400390625,17246500
2025-02-19,20511.19921875,20802.55078125,20459.19921875,20731.44921875,17911800
2025-02-20,20645.69921875,20840.349609375,20630.19921875,20831.099609375,16457500
2025-02-21,20792.05078125,20903.349609375,20616.599609375,20690.25,18388600
2025-02-24,20510.94921875,20546.05078125,20429.30078125,20468.44921875,14421900
2025-02-25,20445.55078125,20548.900390625,20388.75,20418.75,14456600
2025-02-27,20436.5,20471.849609375,20278.650390625,20315.55078125,19186000
2025-02-28,20185.400390625,20197.849609375,19816.0,19880.900390625,30278900
2025-03-03,19935.55078125,19997.05078125,19658.30078125,19896.94921875,23646800
2025-03-04,19736.05078125,19957.5,19681.650390625,19917.849609375,20948400
2025-03-05,19901.599609375,20265.05078125,19901.599609375,20256.5,21587800
2025-03-06,20411.44921875,20467.150390625,20262.75,20447.099609375,20745100
2025-03-07,20428.150390625,20549.19921875,20377.599609375,20443.400390625,20185700
2025-03-10,20434.94921875,20543.69921875,20230.650390625,20266.5,19956800
2025-03-11,20122.55078125,20333.75,20073.400390625,20302.5,20069200
2025-03-12,20351.900390625,20397.94921875,20108.69921875,20264.349609375,21523800
2025-03-13,20337.849609375,20357.30078125,20157.5,20176.05078125,17909600
2025-03-17,20166.599609375,20358.25,20166.5,20288.30078125,16660700
2025-03-18,20418.55078125,20676.94921875,20370.19921875,20657.19921875,19459200
2025-03-19,20713.25,20895.25,20664.0,20864.5,27508900
2025-03-20,20989.349609375,21092.19921875,20873.55078125,21070.05078125,23160400
2025-03-21,21065.25,21297.0,21031.44921875,21273.900390625,35583500
2025-03-24,21427.19921875,21595.849609375,21346.80078125,21538.099609375,26092800
2025-03-25,21652.849609375,21674.05078125,21385.80078125,21437.75,24379900
2025-03-26,21464.94921875,21525.599609375,21255.69921875,21275.44921875,24408400
2025-03-27,21218.400390625,21447.900390625,21195.69921875,21407.94921875,43467600
2025-03-28,21439.19921875,21514.099609375,21277.900390625,21339.55078125,27734100
2025-04-01,21227.099609375,21398.349609375,21042.44921875,21070.75,38874700
2025-04-02,21101.849609375,21279.099609375,21007.150390625,21265.650390625,25689200
2025-04-03,21100.55078125,21263.44921875,21096.75,21243.400390625,24356500
2025-04-04,21199.19921875,21212.099609375,20736.80078125,20805.349609375,25372000
2025-04-07,19524.25,20189.349609375,19519.849609375,20105.69921875,31899200
2025-04-08,20430.099609375,20588.400390625,20227.150390625,20480.80078125,24101600
2025-04-09,20422.94921875,20423.25,20252.349609375,20356.75,20686300
2025-04-11,20684.849609375,20817.5,20629.0,20752.849609375,22159500
2025-04-15,21199.05078125,21302.75,21067.599609375,21279.400390625,23092700
2025-04-16,21302.75,21414.849609375,21246.400390625,21404.349609375,23069300
2025-04-17,21379.349609375,21704.099609375,21296.349609375,21681.55078125,24530900
2025-04-21,21787.05078125,22033.75,21732.44921875,22005.75,33200
2025-04-22,22072.0,22157.94921875,21953.400390625,22085.150390625,28400500
2025-04-23,22238.599609375,22263.849609375,21988.349609375,22237.599609375,26262000
2025-04-24,22217.650390625,22270.150390625,22155.400390625,22180.650390625,24349800
2025-04-25,22220.30078125,22271.849609375,21661.599609375,21848.150390625,40982400
2025-04-28,21843.44921875,22125.44921875,21841.400390625,22101.849609375,20254000
2025-04-29,22160.75,22255.900390625,22084.55078125,22112.400390625,21891800
2025-04-30,22119.19921875,22175.0,21920.55078125,22030.05078125,21908500
2025-05-02,22009.94921875,22238.900390625,21920.849609375,22006.0,21060500
2025-05-05,22086.25,22209.94921875,22070.94921875,22195.150390625,18176200
2025-05-06,22235.599609375,22244.5,21916.900390625,21956.599609375,23813700
2025-05-07,21756.80078125,22084.69921875,21752.900390625,22072.44921875,23862400
2025-05-08,22109.349609375,22145.19921875,21730.55078125,21843.05078125,24556600
2025-05-09,21463.75,21716.05078125,21463.75,21675.55078125,28601400
2025-05-12,22149.400390625,22525.0,22126.400390625,22511.400390625,29453500
2025-05-13,22491.5,22575.69921875,22317.5,22349.400390625,25880300
2025-05-14,22402.650390625,22544.900390625,22366.400390625,22499.5,25396000
2025-05-15,22547.05078125,22814.099609375,22408.650390625,22788.80078125,28758400
2025-05-16,22825.55078125,22885.349609375,22750.349609375,22870.900390625,32136800
2025-05-19,22896.25,22965.05078125,22827.650390625,22865.80078125,38611100
2025-05-20,22942.650390625,22958.599609375,22565.55078125,22585.599609375,28729600
2025-05-21,22632.400390625,22811.94921875,22577.400390625,22730.650390625,24227900
2025-05-22,22674.0,22675.349609375,22464.44921875,22595.0,24519900
2025-05-23,22628.75,22813.25,22580.80078125,22781.05078125,25499400
2025-05-26,22852.69921875,22970.69921875,22845.400390625,22908.30078125,24898200
2025-05-27,22895.05078125,22963.099609375,22721.80078125,22816.5,24659100
2025-05-28,22843.25,22871.19921875,22765.69921875,22779.400390625,32991400
2025-05-29,22859.44921875,22899.150390625,22750.150390625,22861.349609375,26181000
2025-05-30,22868.25,22912.30078125,22759.150390625,22801.94921875,52128200
2025-06-02,22758.599609375,22863.349609375,22664.150390625,22834.5,38899400
2025-06-03,22906.19921875,22946.150390625,22691.25,22711.30078125,45435500
2025-06-04,22742.19921875,22823.94921875,22667.900390625,22807.849609375,31514700
2025-06-05,22879.19921875,23026.30078125,22828.849609375,22934.5,25523800
2025-06-06,22962.0,23180.349609375,22891.599609375,23165.099609375,29178900
2025-06-09,23308.650390625,23335.349609375,23254.55078125,23330.55078125,31805600
2025-06-10,23422.30078125,23423.80078125,23287.349609375,23339.94921875,30820100
2025-06-11,23376.599609375,23423.599609375,23271.400390625,23337.849609375,35796300
2025-06-12,23363.5,23370.30078125,23009.650390625,23046.44921875,25762100
2025-06-13,22631.69921875,22932.25,22631.69921875,22906.19921875,25533300
2025-06-16,22914.849609375,23106.69921875,22789.400390625,23095.05078125,23518500
2025-06-17,23126.80078125,23128.5,22959.150390625,22981.5,29479900
2025-06-18,22937.75,23066.849609375,22868.349609375,22925.19921875,19507700
2025-06-19,22921.599609375,22973.150390625,22712.55078125,22763.5,23853000
2025-06-20,22760.650390625,23064.69921875,22760.599609375,23041.099609375,32449300
2025-06-23,22880.349609375,23063.349609375,22837.80078125,23001.5,20840000
2025-06-24,23212.30078125,23307.94921875,23074.25,23113.19921875,31040600
2025-06-25,23216.150390625,23303.650390625,23190.849609375,23296.849609375,30406900
2025-06-26,23341.19921875,23529.650390625,23319.849609375,23517.55078125,29163000
2025-06-27,23566.69921875,23644.349609375,23538.55078125,23620.150390625,34232800
2025-06-30,23672.349609375,23677.55078125,23563.0,23617.19921875,24613500
2025-07-01,23659.75,23669.94921875,23558.900390625,23615.44921875,25642800
2025-07-02,23653.05078125,23669.30078125,23463.849609375,23547.25,26194600
2025-07-03,23591.80078125,23647.099609375,23503.55078125,23521.849609375,23572100
2025-07-04,23553.44921875,23570.900390625,23448.900390625,23562.44921875,18787000
2025-07-07,23561.599609375,23595.30078125,23506.5,23551.19921875,24223800
2025-07-08,23540.599609375,23600.349609375,23469.94921875,23572.55078125,29300500
2025-07-09,23576.44921875,23613.900390625,23513.849609375,23557.44921875,23483000
2025-07-10,23595.849609375,23605.5,23444.94921875,23471.400390625,20223100
2025-07-11,23408.80078125,23462.349609375,23256.30078125,23282.69921875,22318700
2025-07-14,23290.150390625,23329.19921875,23200.099609375,23309.05078125,39977700
2025-07-15,23334.55078125,23469.44921875,23332.80078125,23449.150390625,27090700
2025-07-16,23458.900390625,23502.900390625,23403.5,23472.5,28588900
2025-07-17,23507.650390625,23514.69921875,23409.05078125,23419.69921875,21951000
2025-07-18,23430.0,23449.44921875,23240.849609375,23275.150390625,19710600
2025-07-21,23296.75,23394.5,23184.900390625,23378.44921875,17595400
2025-07-22,23449.75,23456.0,23306.400390625,23320.900390625,20318100
2025-07-23,23382.400390625,23435.55078125,23296.0,23428.400390625,19959600
2025-07-24,23447.349609375,23449.400390625,23257.599609375,23301.099609375,19690700
2025-07-25,23255.25,23255.25,22993.0,23014.80078125,21958300
2025-07-28,22967.400390625,23094.849609375,22818.150390625,22846.94921875,20263600
2025-07-29,22793.0,23024.150390625,22777.69921875,23007.349609375,17358000
2025-07-30,23064.25,23070.349609375,22959.44921875,23033.55078125,16971600
2025-07-31,22804.19921875,23071.25,22802.150390625,22914.94921875,22141000
2025-08-01,22901.599609375,22917.849609375,22646.75,22673.650390625,22209200
2025-08-04,22699.69921875,22871.599609375,22648.599609375,22860.400390625,18958000
2025-08-05,22869.5,22878.099609375,22736.05078125,22798.5,17350900
2025-08-06,22807.55078125,22818.19921875,22622.349609375,22666.849609375,15763400
2025-08-07,22563.400390625,22726.900390625,22425.849609375,22694.099609375,20517000
2025-08-08,22680.900390625,22690.349609375,22419.69921875,22443.150390625,17064600
2025-08-11,22447.55078125,22650.099609375,22406.0,22633.44921875,15385700
2025-08-12,22633.650390625,22730.25,22554.30078125,22568.599609375,15129600
2025-08-13,22655.150390625,22733.80078125,22624.44921875,22698.099609375,20941400
2025-08-14,22713.650390625,22754.150390625,22646.69921875,22680.25,20569500
2025-08-18,22958.30078125,23040.849609375,22913.05078125,22931.5,23896800
2025-08-19,22959.5,23077.099609375,22908.150390625,23066.599609375,23250400
2025-08-20,23067.69921875,23171.150390625,23025.849609375,23143.150390625,29253300
2025-08-21,23221.75,23230.94921875,23126.75,23137.150390625,23429200
2025-08-22,23133.849609375,23144.55078125,22980.849609375,22991.30078125,32235300
2025-08-25,23069.30078125,23106.900390625,23022.099609375,23052.0,27455000
2025-08-26,22994.849609375,23013.05078125,22746.75,22768.650390625,44479200
2025-08-28,22762.25,22762.25,22529.599609375,22541.650390625,29189400
2025-08-29,22524.150390625,22624.69921875,22443.80078125,22462.94921875,28764200
2025-09-01,22491.900390625,22720.55078125,22491.900390625,22713.55078125,27115300
2025-09-02,22758.19921875,22858.19921875,22678.44921875,22724.400390625,27193100
2025-09-03,22764.0,22877.349609375,22709.19921875,22864.650390625,30994300
2025-09-04,23116.900390625,23116.900390625,22795.0,22819.650390625,30118100
2025-09-05,22891.75,22916.0,22718.5,22829.150390625,34473200
2025-09-08,22892.80078125,22974.849609375,22835.900390625,22878.650390625,22996300
2025-09-09,22949.55078125,22964.05078125,22893.05078125,22949.099609375,20109300
2025-09-10,23056.80078125,23121.75,23027.05078125,23074.150390625,23676100
2025-09-11,23073.44921875,23128.55078125,23065.69921875,23102.650390625,21459700
2025-09-12,23171.55078125,23210.400390625,23129.900390625,23190.25,25960500
2025-09-15,23213.150390625,23249.19921875,23182.05078125,23215.849609375,33099500
2025-09-16,23240.25,23386.650390625,23217.30078125,23369.30078125,23720000
2025-09-17,23419.099609375,23464.400390625,23395.75,23445.19921875,22655400
2025-09-18,23534.150390625,23538.900390625,23434.44921875,23518.900390625,21229100
2025-09-19,23530.599609375,23541.30078125,23451.599609375,23486.650390625,49270900
2025-09-22,23434.75,23523.55078125,23335.099609375,23381.44921875,26249700
2025-09-23,23408.19921875,23434.30078125,23253.099609375,23325.25,29750900
2025-09-24,23293.400390625,23317.19921875,23165.94921875,23178.25,22385600
2025-09-25,23169.44921875,23235.55078125,23009.55078125,23022.400390625,23143600
2025-09-26,22965.900390625,22994.150390625,22692.69921875,22713.150390625,30633900
2025-09-29,22783.900390625,22865.099609375,22677.0,22739.099609375,27084600
2025-09-30,22793.650390625,22829.19921875,22669.30078125,22734.099609375,21800300
2025-10-01,22745.94921875,22943.19921875,22726.25,22928.30078125,23002400
2025-10-03,22905.099609375,23037.5,22874.150390625,23027.69921875,24935400
2025-10-06,23055.150390625,23177.25,23008.30078125,23169.650390625,26990400
2025-10-07,23191.349609375,23275.099609375,23170.849609375,23209.5,29565400
2025-10-08,23197.94921875,23265.19921875,23087.900390625,23109.349609375,25463900
2025-10-09,23144.30078125,23251.650390625,23101.849609375,23241.75,21819900
2025-10-10,23247.44921875,23374.25,23220.05078125,23337.55078125,28175300
2025-10-13,23245.05078125,23315.650390625,23201.55078125,23294.80078125,26231000
2025-10-14,23349.75,23374.0,23121.5,23184.05078125,23464300
2025-10-15,23227.55078125,23400.94921875,23224.150390625,23377.349609375,23139300
2025-10-16,23443.30078125,23592.849609375,23428.150390625,23563.80078125,22457600
2025-10-17,23547.0,23679.05078125,23515.849609375,23598.05078125,24249000
2025-10-20,23699.349609375,23766.55078125,23654.75,23716.099609375,23663900
2025-10-21,23791.900390625,23818.349609375,23723.400390625,23759.19921875,5545000
2025-10-23,23899.75,23926.099609375,23727.599609375,23755.900390625,33809000
2025-10-24,23796.19921875,23802.75,23622.80078125,23686.599609375,23861200
2025-10-27,23742.69921875,23856.30078125,23723.400390625,23840.900390625,47146700
2025-10-28,23844.75,23907.55078125,23717.05078125,23812.55078125,33996800
2025-10-29,23851.55078125,23971.55078125,23821.30078125,23952.400390625,30359000
2025-10-30,23933.650390625,23949.75,23804.44921875,23841.30078125,47770900
2025-10-31,23847.599609375,23913.44921875,23698.05078125,23710.400390625,32133500
2025-11-03,23711.94921875,23840.099609375,23695.150390625,23810.69921875,3860300
2025-11-04,23811.30078125,23829.69921875,23660.19921875,23675.44921875,31284700
2025-11-06,23683.349609375,23713.400390625,23501.05078125,23513.150390625,26246000
2025-11-07,23441.05078125,23570.099609375,23291.19921875,23521.5,28762600
2025-11-10,23545.349609375,23658.849609375,23542.099609375,23596.900390625,20824200
2025-11-11,23634.650390625,23693.80078125,23476.30078125,23682.650390625,36093900
2025-11-12,23796.94921875,23874.849609375,23766.19921875,23836.900390625,27828600
2025-11-13,23867.650390625,23935.099609375,23793.650390625,23816.0,30243400
2025-11-14,23751.25,23858.30078125,23717.0,23836.349609375,39640500
2025-11-17,23889.55078125,23964.75,23863.55078125,23954.55078125,26483000
2025-11-18,23970.44921875,23973.05078125,23800.94921875,23824.650390625,21125900
2025-11-19,23832.55078125,23924.30078125,23766.599609375,23906.30078125,25934900
2025-11-20,23984.400390625,24032.099609375,23918.80078125,23975.44921875,29557000
2025-11-21,23917.5,23938.30078125,23776.30078125,23790.25,22985900
2025-11-24,23827.25,23835.19921875,23642.55078125,23674.55078125,29594500
2025-11-25,23700.55078125,23745.5,23635.80078125,23655.05078125,20539800
2025-11-26,23654.75,23965.349609375,23654.75,23955.19921875,18996600
2025-11-27,24011.900390625,24026.25,23879.599609375,23947.75,19974200
2025-11-28,23968.80078125,23979.69921875,23907.75,23933.19921875,19209800
2025-12-01,24034.94921875,24035.0,23871.75,23922.44921875,21160800
2025-12-02,23870.599609375,23925.849609375,23782.75,23822.25,27952000
2025-12-03,23813.44921875,23845.80078125,23641.75,23716.30078125,28046000
2025-12-04,23718.099609375,23820.44921875,23680.25,23741.099609375,26417400
2025-12-05,23720.69921875,23848.44921875,23672.349609375,23835.25,23079200
2025-12-08,23821.75,23833.150390625,23460.69921875,23526.19921875,24509100
2025-12-09,23447.05078125,23556.349609375,23259.69921875,23516.25,26228000
2025-12-10,23540.150390625,23628.30078125,23386.80078125,23408.80078125,19928500
2025-12-11,23421.900390625,23562.150390625,23344.25,23550.849609375,24370000
2025-12-12,23620.349609375,23737.69921875,23613.0,23726.19921875,26020800
2025-12-15,23654.0,23735.69921875,23591.30078125,23725.19921875,24287600
2025-12-16,23676.80078125,23687.349609375,23542.55078125,23570.150390625,20919100
2025-12-17,23597.599609375,23635.05078125,23449.5,23496.05078125,20646900
2025-12-18,23469.80078125,23553.25,23363.5,23491.5,23446500
2025-12-19,23562.650390625,23688.349609375,23548.94921875,23677.55078125,31695900
2025-12-22,23760.94921875,23878.650390625,23743.25,23867.650390625,25155300
2025-12-23,23906.099609375,23929.25,23825.150390625,23895.150390625,26039700
2025-12-24,23903.099609375,23956.80078125,23836.55078125,23850.25,19661100
2025-12-26,23841.94921875,23885.349609375,23752.55078125,23780.25,22264400
2025-12-29,23804.400390625,23826.75,23660.30078125,23682.099609375,24245800
2025-12-30,23675.30078125,23704.19921875,23599.900390625,23668.80078125,33582300
2025-12-31,23710.44921875,23921.44921875,23709.55078125,23871.55078125,52722700
2026-01-02,23935.94921875,24107.69921875,23921.44921875,24099.0,37097600
2026-01-05,24123.099609375,24144.19921875,23999.150390625,24058.44921875,31394300
2026-01-06,24042.900390625,24089.75,23941.400390625,24010.5,26802900
2026-01-07,23995.849609375,24050.55078125,23942.25,24016.599609375,22658700
2026-01-08,23996.19921875,24010.44921875,23657.349609375,23680.099609375,27493200
2026-01-09,23646.75,23741.75,23407.69921875,23467.349609375,44599100
2026-01-12,23459.400390625,23533.44921875,23199.5,23510.44921875,31293100
2026-01-13,23603.44921875,23627.05078125,23336.05078125,23480.650390625,27943100
2026-01-14,23422.099609375,23558.69921875,23399.900390625,23475.849609375,27359900
2026-01-16,23502.849609375,23652.69921875,23455.5,23485.30078125,29366800
2026-01-19,23443.30078125,23443.349609375,23324.849609375,23373.75,27220400
2026-01-20,23365.650390625,23368.150390625,22888.650390625,22946.650390625,30410100
2026-01-21,22864.5,22981.80078125,22586.80078125,22835.150390625,35043900
2026-01-22,23013.44921875,23144.55078125,22888.5,23008.75,24924100
2026-01-23,23072.30078125,23073.349609375,22679.69921875,22706.19921875,24687600
2026-01-27,22752.69921875,22886.94921875,22562.94921875,22819.25,29981800
2026-01-28,22899.599609375,23101.75,22884.5,23082.099609375,29783700
2026-01-29,23107.5,23158.599609375,22922.599609375,23134.80078125,34203300
2026-01-30,22994.30078125,23110.19921875,22916.0,23079.5,41570300
2026-02-02,22595.44921875,22869.69921875,22408.5,22837.0,27016400
2026-02-03,23870.19921875,23912.349609375,23355.5,23446.30078125,38335700
2026-02-04,23414.099609375,23562.69921875,23284.44921875,23534.94921875,28918200
2026-02-05,23509.75,23509.94921875,23337.349609375,23411.69921875,25100
2026-02-06,23366.5,23447.0,23211.400390625,23434.0,22813300
2026-02-09,23600.849609375,23693.05078125,23535.400390625,23683.400390625,27270100
2026-02-10,23752.599609375,23796.400390625,23691.5,23753.75,23665500
2026-02-11,23808.099609375,23811.150390625,23707.150390625,23783.05078125,26368100
2026-02-12,23753.80078125,23753.80078125,23589.05078125,23651.55078125,22693700
