Date,Open,High,Low,Close,Volume
2020-10-16,5000.0,5000.0,5000.0,5000.0,0
2020-10-19,5019.000053405762,5019.000053405762,5019.000053405762,5019.000053405762,0
2020-10-20,5031.650066375732,5031.650066375732,5031.650066375732,5031.650066375732,0
2020-10-21,5031.400203704834,5031.400203704834,5031.400203704834,5031.400203704834,0
2020-10-22,5070.099830627441,5070.099830627441,5070.099830627441,5070.099830627441,0
2020-10-23,5105.500221252441,5105.500221252441,5105.500221252441,5105.500221252441,0
2020-10-26,5050.600051879883,5050.600051879883,5050.600051879883,5050.600051879883,0
2020-10-27,5060.150146484375,5060.150146484375,5060.150146484375,5060.150146484375,0
2020-10-28,5018.94998550415,5018.94998550415,5018.94998550415,5018.94998550415,0
2020-10-29,4977.449893951416,4977.449893951416,4977.449893951416,4977.449893951416,0
2020-10-30,4978.449821472168,4978.449821472168,4978.449821472168,4978.449821472168,0
2020-11-02,4914.400100708008,4914.400100708008,4914.400100708008,4914.400100708008,0
2020-11-03,4926.449775695801,4926.449775695801,4926.449775695801,4926.449775695801,0
2020-11-04,4927.350044250488,4927.350044250488,4927.350044250488,4927.350044250488,0
2020-11-05,5007.24983215332,5007.24983215332,5007.24983215332,5007.24983215332,0
2020-11-06,5031.650066375732,5031.650066375732,5031.650066375732,5031.650066375732,0
2020-11-09,5051.750183105469,5051.750183105469,5051.750183105469,5051.750183105469,0
2020-11-10,5042.349815368652,5042.349815368652,5042.349815368652,5042.349815368652,0
2020-11-11,5069.799900054932,5069.799900054932,5069.799900054932,5069.799900054932,0
2020-11-12,5128.950119018555,5128.950119018555,5128.950119018555,5128.950119018555,0
2020-11-13,5176.700115203857,5176.700115203857,5176.700115203857,5176.700115203857,0
2020-11-17,5249.499797821045,5249.499797821045,5249.499797821045,5249.499797821045,0
2020-11-18,5282.450199127197,5282.450199127197,5282.450199127197,5282.450199127197,0
2020-11-19,5282.400131225586,5282.400131225586,5282.400131225586,5282.400131225586,0
2020-11-20,5338.04988861084,5338.04988861084,5338.04988861084,5338.04988861084,0
2020-11-23,5425.849914550781,5425.849914550781,5425.849914550781,5425.849914550781,0
2020-11-24,5473.700046539307,5473.700046539307,5473.700046539307,5473.700046539307,0
2020-11-25,5423.099994659424,5423.099994659424,5423.099994659424,5423.099994659424,0
2020-11-26,5464.250087738037,5464.250087738037,5464.250087738037,5464.250087738037,0
2020-11-27,5600.8501052856445,5600.8501052856445,5600.8501052856445,5600.8501052856445,0
2020-12-01,5664.3500328063965,5664.3500328063965,5664.3500328063965,5664.3500328063965,0
2020-12-02,5680.3998947143555,5680.3998947143555,5680.3998947143555,5680.3998947143555,0
2020-12-03,5728.700160980225,5728.700160980225,5728.700160980225,5728.700160980225,0
2020-12-04,5756.249904632568,5756.249904632568,5756.249904632568,5756.249904632568,0
2020-12-07,5832.600116729736,5832.600116729736,5832.600116729736,5832.600116729736,0
2020-12-08,5815.9499168396,5815.9499168396,5815.9499168396,5815.9499168396,0
2020-12-09,5857.649803161621,5857.649803161621,5857.649803161621,5857.649803161621,0
2020-12-10,5820.7502365112305,5820.7502365112305,5820.7502365112305,5820.7502365112305,0
2020-12-11,5849.800109863281,5849.800109863281,5849.800109863281,5849.800109863281,0
2020-12-14,5895.85018157959,5895.85018157959,5895.85018157959,5895.85018157959,0
2020-12-15,5907.8497886657715,5907.8497886657715,5907.8497886657715,5907.8497886657715,0
2020-12-16,5963.449954986572,5963.449954986572,5963.449954986572,5963.449954986572,0
2020-12-17,5961.349964141846,5961.349964141846,5961.349964141846,5961.349964141846,0
2020-12-18,5939.400196075439,5939.400196075439,5939.400196075439,5939.400196075439,0
2020-12-21,5652.050018310547,5652.050018310547,5652.050018310547,5652.050018310547,0
2020-12-22,5705.2001953125,5705.2001953125,5705.2001953125,5705.2001953125,0
2020-12-23,5866.950035095215,5866.950035095215,5866.950035095215,5866.950035095215,0
2020-12-24,5910.449981689453,5910.449981689453,5910.449981689453,5910.449981689453,0
2020-12-28,6009.6001625061035,6009.6001625061035,6009.6001625061035,6009.6001625061035,0
2020-12-29,6009.399890899658,6009.399890899658,6009.399890899658,6009.399890899658,0
2020-12-30,6044.600009918213,6044.600009918213,6044.600009918213,6044.600009918213,0
2020-12-31,6057.549953460693,6057.549953460693,6057.549953460693,6057.549953460693,0
2021-01-01,6115.049839019775,6115.049839019775,6115.049839019775,6115.049839019775,0
2021-01-04,6190.100193023682,6190.100193023682,6190.100193023682,6190.100193023682,0
2021-01-05,6225.900173187256,6225.900173187256,6225.900173187256,6225.900173187256,0
2021-01-06,6209.650039672852,6209.650039672852,6209.650039672852,6209.650039672852,0
2021-01-07,6279.049873352051,6279.049873352051,6279.049873352051,6279.049873352051,0
2021-01-08,6323.349952697754,6323.349952697754,6323.349952697754,6323.349952697754,0
2021-01-11,6318.150043487549,6318.150043487549,6318.150043487549,6318.150043487549,0
2021-01-12,6335.899829864502,6335.899829864502,6335.899829864502,6335.899829864502,0
2021-01-13,6318.299770355225,6318.299770355225,6318.299770355225,6318.299770355225,0
2021-01-14,6345.650196075439,6345.650196075439,6345.650196075439,6345.650196075439,0
2021-01-15,6278.299808502197,6278.299808502197,6278.299808502197,6278.299808502197,0
2021-01-18,6162.54997253418,6162.54997253418,6162.54997253418,6162.54997253418,0
2021-01-19,6264.4500732421875,6264.4500732421875,6264.4500732421875,6264.4500732421875,0
2021-01-20,6289.599895477295,6289.599895477295,6289.599895477295,6289.599895477295,0
2021-01-21,6262.599945068359,6262.599945068359,6262.599945068359,6262.599945068359,0
2021-01-22,6219.04993057251,6219.04993057251,6219.04993057251,6219.04993057251,0
2021-01-25,6158.100128173828,6158.100128173828,6158.100128173828,6158.100128173828,0
2021-01-27,6144.400119781494,6144.400119781494,6144.400119781494,6144.400119781494,0
2021-01-28,6118.949890136719,6118.949890136719,6118.949890136719,6118.949890136719,0
2021-01-29,6098.700046539307,6098.700046539307,6098.700046539307,6098.700046539307,0
2021-02-01,6220.200061798096,6220.200061798096,6220.200061798096,6220.200061798096,0
2021-02-02,6297.34992980957,6297.34992980957,6297.34992980957,6297.34992980957,0
2021-02-03,6385.799884796143,6385.799884796143,6385.799884796143,6385.799884796143,0
2021-02-04,6473.350048065186,6473.350048065186,6473.350048065186,6473.350048065186,0
2021-02-05,6488.450050354004,6488.450050354004,6488.450050354004,6488.450050354004,0
2021-02-08,6586.599826812744,6586.599826812744,6586.599826812744,6586.599826812744,0
2021-02-09,6558.499813079834,6558.499813079834,6558.499813079834,6558.499813079834,0
2021-02-10,6585.149765014648,6585.149765014648,6585.149765014648,6585.149765014648,0
2021-02-11,6678.100109100342,6678.100109100342,6678.100109100342,6678.100109100342,0
2021-02-12,6668.55001449585,6668.55001449585,6668.55001449585,6668.55001449585,0
2021-02-15,6686.9001388549805,6686.9001388549805,6686.9001388549805,6686.9001388549805,0
2021-02-16,6702.05020904541,6702.05020904541,6702.05020904541,6702.05020904541,0
2021-02-17,6729.899883270264,6729.899883270264,6729.899883270264,6729.899883270264,0
2021-02-18,6787.54997253418,6787.54997253418,6787.54997253418,6787.54997253418,0
2021-02-19,6731.450080871582,6731.450080871582,6731.450080871582,6731.450080871582,0
2021-02-22,6665.349960327148,6665.349960327148,6665.349960327148,6665.349960327148,0
2021-02-23,6724.400043487549,6724.400043487549,6724.400043487549,6724.400043487549,0
2021-02-24,6809.549808502197,6809.549808502197,6809.549808502197,6809.549808502197,0
2021-02-25,6919.449806213379,6919.449806213379,6919.449806213379,6919.449806213379,0
2021-02-26,6842.050075531006,6842.050075531006,6842.050075531006,6842.050075531006,0
2021-03-01,6962.950229644775,6962.950229644775,6962.950229644775,6962.950229644775,0
2021-03-02,7047.699928283691,7047.699928283691,7047.699928283691,7047.699928283691,0
2021-03-03,7112.99991607666,7112.99991607666,7112.99991607666,7112.99991607666,0
2021-03-04,7181.600093841553,7181.600093841553,7181.600093841553,7181.600093841553,0
2021-03-05,7072.500228881836,7072.500228881836,7072.500228881836,7072.500228881836,0
2021-03-08,7115.699768066406,7115.699768066406,7115.699768066406,7115.699768066406,0
2021-03-09,7055.600166320801,7055.600166320801,7055.600166320801,7055.600166320801,0
2021-03-10,7130.350112915039,7130.350112915039,7130.350112915039,7130.350112915039,0
2021-03-12,7154.600143432617,7154.600143432617,7154.600143432617,7154.600143432617,0
2021-03-15,7101.449966430664,7101.449966430664,7101.449966430664,7101.449966430664,0
2021-03-16,7119.949817657471,7119.949817657471,7119.949817657471,7119.949817657471,0
2021-03-17,6961.599826812744,6961.599826812744,6961.599826812744,6961.599826812744,0
2021-03-18,6862.800121307373,6862.800121307373,6862.800121307373,6862.800121307373,0
2021-03-19,6892.799854278564,6892.799854278564,6892.799854278564,6892.799854278564,0
2021-03-22,6909.599781036377,6909.599781036377,6909.599781036377,6909.599781036377,0
2021-03-23,6956.850051879883,6956.850051879883,6956.850051879883,6956.850051879883,0
2021-03-24,6824.699878692627,6824.699878692627,6824.699878692627,6824.699878692627,0
2021-03-25,6694.449901580811,6694.449901580811,6694.449901580811,6694.449901580811,0
2021-03-26,6771.999835968018,6771.999835968018,6771.999835968018,6771.999835968018,0
2021-03-30,6856.150150299072,6856.150150299072,6856.150150299072,6856.150150299072,0
2021-03-31,6891.69979095459,6891.69979095459,6891.69979095459,6891.69979095459,0
2021-04-01,7026.450157165527,7026.450157165527,7026.450157165527,7026.450157165527,0
2021-04-05,6914.3500328063965,6914.3500328063965,6914.3500328063965,6914.3500328063965,0
2021-04-06,6988.349914550781,6988.349914550781,6988.349914550781,6988.349914550781,0
2021-04-07,7085.249900817871,7085.249900817871,7085.249900817871,7085.249900817871,0
2021-04-08,7160.900115966797,7160.900115966797,7160.900115966797,7160.900115966797,0
2021-04-09,7198.800086975098,7198.800086975098,7198.800086975098,7198.800086975098,0
2021-04-12,6809.850215911865,6809.850215911865,6809.850215911865,6809.850215911865,0
2021-04-13,6923.399925231934,6923.399925231934,6923.399925231934,6923.399925231934,0
2021-04-15,6901.199817657471,6901.199817657471,6901.199817657471,6901.199817657471,0
2021-04-16,6959.3000411987305,6959.3000411987305,6959.3000411987305,6959.3000411987305,0
2021-04-19,6819.300174713135,6819.300174713135,6819.300174713135,6819.300174713135,0
2021-04-20,6870.649814605713,6870.649814605713,6870.649814605713,6870.649814605713,0
2021-04-22,6920.849800109863,6920.849800109863,6920.849800109863,6920.849800109863,0
2021-04-23,6948.850154876709,6948.850154876709,6948.850154876709,6948.850154876709,0
2021-04-26,7024.00016784668,7024.00016784668,7024.00016784668,7024.00016784668,0
2021-04-27,7143.199920654297,7143.199920654297,7143.199920654297,7143.199920654297,0
2021-04-28,7198.999881744385,7198.999881744385,7198.999881744385,7198.999881744385,0
2021-04-29,7220.950126647949,7220.950126647949,7220.950126647949,7220.950126647949,0
2021-04-30,7199.100017547607,7199.100017547607,7199.100017547607,7199.100017547607,0
2021-05-03,7290.900230407715,7290.900230407715,7290.900230407715,7290.900230407715,0
2021-05-04,7244.100093841553,7244.100093841553,7244.100093841553,7244.100093841553,0
2021-05-05,7291.250228881836,7291.250228881836,7291.250228881836,7291.250228881836,0
2021-05-06,7346.549987792969,7346.549987792969,7346.549987792969,7346.549987792969,0
2021-05-07,7397.799968719482,7397.799968719482,7397.799968719482,7397.799968719482,0
2021-05-10,7509.099960327148,7509.099960327148,7509.099960327148,7509.099960327148,0
2021-05-11,7570.950031280518,7570.950031280518,7570.950031280518,7570.950031280518,0
2021-05-12,7518.549919128418,7518.549919128418,7518.549919128418,7518.549919128418,0
2021-05-14,7442.649841308594,7442.649841308594,7442.649841308594,7442.649841308594,0
2021-05-17,7537.54997253418,7537.54997253418,7537.54997253418,7537.54997253418,0
2021-05-18,7630.650043487549,7630.650043487549,7630.650043487549,7630.650043487549,0
2021-05-19,7674.300193786621,7674.300193786621,7674.300193786621,7674.300193786621,0
2021-05-20,7688.899993896484,7688.899993896484,7688.899993896484,7688.899993896484,0
2021-05-21,7746.399879455566,7746.399879455566,7746.399879455566,7746.399879455566,0
2021-05-24,7805.25016784668,7805.25016784668,7805.25016784668,7805.25016784668,0
2021-05-25,7817.500114440918,7817.500114440918,7817.500114440918,7817.500114440918,0
2021-05-26,7868.899822235107,7868.899822235107,7868.899822235107,7868.899822235107,0
2021-05-27,7920.849800109863,7920.849800109863,7920.849800109863,7920.849800109863,0
2021-05-28,7880.199909210205,7880.199909210205,7880.199909210205,7880.199909210205,0
2021-05-31,7912.0001792907715,7912.0001792907715,7912.0001792907715,7912.0001792907715,0
2021-06-01,7859.250068664551,7859.250068664551,7859.250068664551,7859.250068664551,0
2021-06-02,7954.599857330322,7954.599857330322,7954.599857330322,7954.599857330322,0
2021-06-03,8044.249534606934,8044.249534606934,8044.249534606934,8044.249534606934,0
2021-06-04,8084.699630737305,8084.699630737305,8084.699630737305,8084.699630737305,0
2021-06-07,8201.199531555176,8201.199531555176,8201.199531555176,8201.199531555176,0
2021-06-08,8241.999626159668,8241.999626159668,8241.999626159668,8241.999626159668,0
2021-06-09,8141.300201416016,8141.300201416016,8141.300201416016,8141.300201416016,0
2021-06-10,8270.400047302246,8270.400047302246,8270.400047302246,8270.400047302246,0
2021-06-11,8299.750328063965,8299.750328063965,8299.750328063965,8299.750328063965,0
2021-06-14,8259.550094604492,8259.550094604492,8259.550094604492,8259.550094604492,0
2021-06-15,8300.100326538086,8300.100326538086,8300.100326538086,8300.100326538086,0
2021-06-16,8249.500274658203,8249.500274658203,8249.500274658203,8249.500274658203,0
2021-06-17,8198.650360107422,8198.650360107422,8198.650360107422,8198.650360107422,0
2021-06-18,8139.699935913086,8139.699935913086,8139.699935913086,8139.699935913086,0
2021-06-21,8202.750205993652,8202.750205993652,8202.750205993652,8202.750205993652,0
2021-06-22,8275.250434875488,8275.250434875488,8275.250434875488,8275.250434875488,0
2021-06-23,8246.100425720215,8246.100425720215,8246.100425720215,8246.100425720215,0
2021-06-24,8228.54995727539,8228.54995727539,8228.54995727539,8228.54995727539,0
2021-06-25,8258.399963378906,8258.399963378906,8258.399963378906,8258.399963378906,0
2021-06-28,8300.399780273438,8300.399780273438,8300.399780273438,8300.399780273438,0
2021-06-29,8292.0503616333,8292.0503616333,8292.0503616333,8292.0503616333,0
2021-06-30,8343.999862670898,8343.999862670898,8343.999862670898,8343.999862670898,0
2021-07-01,8392.7001953125,8392.7001953125,8392.7001953125,8392.7001953125,0
2021-07-02,8470.100402832031,8470.100402832031,8470.100402832031,8470.100402832031,0
2021-07-05,8564.399719238281,8564.399719238281,8564.399719238281,8564.399719238281,0
2021-07-06,8519.450187683105,8519.450187683105,8519.450187683105,8519.450187683105,0
2021-07-07,8575.550079345703,8575.550079345703,8575.550079345703,8575.550079345703,0
2021-07-08,8572.099685668945,8572.099685668945,8572.099685668945,8572.099685668945,0
2021-07-09,8618.599891662598,8618.599891662598,8618.599891662598,8618.599891662598,0
2021-07-12,8710.800170898438,8710.800170898438,8710.800170898438,8710.800170898438,0
2021-07-13,8783.699989318848,8783.699989318848,8783.699989318848,8783.699989318848,0
2021-07-14,8798.800468444824,8798.800468444824,8798.800468444824,8798.800468444824,0
2021-07-15,8859.749794006348,8859.749794006348,8859.749794006348,8859.749794006348,0
2021-07-16,8936.450004577637,8936.450004577637,8936.450004577637,8936.450004577637,0
2021-07-19,8935.199737548828,8935.199737548828,8935.199737548828,8935.199737548828,0
2021-07-20,8790.10009765625,8790.10009765625,8790.10009765625,8790.10009765625,0
2021-07-22,8929.65030670166,8929.65030670166,8929.65030670166,8929.65030670166,0
2021-07-23,8910.249710083008,8910.249710083008,8910.249710083008,8910.249710083008,0
2021-07-26,8942.150115966797,8942.150115966797,8942.150115966797,8942.150115966797,0
2021-07-27,8935.54973602295,8935.54973602295,8935.54973602295,8935.54973602295,0
2021-07-28,8890.299797058105,8890.299797058105,8890.299797058105,8890.299797058105,0
2021-07-29,8970.35026550293,8970.35026550293,8970.35026550293,8970.35026550293,0
2021-07-30,9013.349533081055,9013.349533081055,9013.349533081055,9013.349533081055,0
2021-08-02,9086.549758911133,9086.549758911133,9086.549758911133,9086.549758911133,0
2021-08-03,9064.000129699707,9064.000129699707,9064.000129699707,9064.000129699707,0
2021-08-04,8962.300300598145,8962.300300598145,8962.300300598145,8962.300300598145,0
2021-08-05,8916.899681091309,8916.899681091309,8916.899681091309,8916.899681091309,0
2021-08-06,8929.400444030762,8929.400444030762,8929.400444030762,8929.400444030762,0
2021-08-09,8836.649894714355,8836.649894714355,8836.649894714355,8836.649894714355,0
2021-08-10,8608.449935913086,8608.449935913086,8608.449935913086,8608.449935913086,0
2021-08-11,8561.849594116211,8561.849594116211,8561.849594116211,8561.849594116211,0
2021-08-12,8757.30037689209,8757.30037689209,8757.30037689209,8757.30037689209,0
2021-08-13,8751.049995422363,8751.049995422363,8751.049995422363,8751.049995422363,0
2021-08-16,8675.250053405762,8675.250053405762,8675.250053405762,8675.250053405762,0
2021-08-17,8651.399612426758,8651.399612426758,8651.399612426758,8651.399612426758,0
2021-08-18,8617.799758911133,8617.799758911133,8617.799758911133,8617.799758911133,0
2021-08-20,8414.600372314453,8414.600372314453,8414.600372314453,8414.600372314453,0
2021-08-23,8250.200271606445,8250.200271606445,8250.200271606445,8250.200271606445,0
2021-08-24,8419.150352478027,8419.150352478027,8419.150352478027,8419.150352478027,0
2021-08-25,8482.70034790039,8482.70034790039,8482.70034790039,8482.70034790039,0
2021-08-26,8503.250122070312,8503.250122070312,8503.250122070312,8503.250122070312,0
2021-08-27,8569.80037689209,8569.80037689209,8569.80037689209,8569.80037689209,0
2021-08-30,8687.849998474121,8687.849998474121,8687.849998474121,8687.849998474121,0
2021-08-31,8746.899604797363,8746.899604797363,8746.899604797363,8746.899604797363,0
2021-09-01,8764.49966430664,8764.49966430664,8764.49966430664,8764.49966430664,0
2021-09-02,8848.099708557129,8848.099708557129,8848.099708557129,8848.099708557129,0
2021-09-03,8895.350456237793,8895.350456237793,8895.350456237793,8895.350456237793,0
2021-09-06,8965.749740600586,8965.749740600586,8965.749740600586,8965.749740600586,0
2021-09-07,8944.100379943848,8944.100379943848,8944.100379943848,8944.100379943848,0
2021-09-08,9000.900268554688,9000.900268554688,9000.900268554688,9000.900268554688,0
2021-09-09,9072.500228881836,9072.500228881836,9072.500228881836,9072.500228881836,0
2021-09-13,9141.949653625488,9141.949653625488,9141.949653625488,9141.949653625488,0
2021-09-14,9189.000129699707,9189.000129699707,9189.000129699707,9189.000129699707,0
2021-09-15,9251.199722290039,9251.199722290039,9251.199722290039,9251.199722290039,0
2021-09-16,9251.60026550293,9251.60026550293,9251.60026550293,9251.60026550293,0
2021-09-17,9186.800003051758,9186.800003051758,9186.800003051758,9186.800003051758,0
2021-09-20,9010.100364685059,9010.100364685059,9010.100364685059,9010.100364685059,0
2021-09-21,9014.650344848633,9014.650344848633,9014.650344848633,9014.650344848633,0
2021-09-22,9133.899688720703,9133.899688720703,9133.899688720703,9133.899688720703,0
2021-09-23,9212.349891662598,9212.349891662598,9212.349891662598,9212.349891662598,0
2021-09-24,9206.250190734863,9206.250190734863,9206.250190734863,9206.250190734863,0
2021-09-27,9219.69985961914,9219.69985961914,9219.69985961914,9219.69985961914,0
2021-09-28,9176.199913024902,9176.199913024902,9176.199913024902,9176.199913024902,0
2021-09-29,9196.550369262695,9196.550369262695,9196.550369262695,9196.550369262695,0
2021-09-30,9253.399848937988,9253.399848937988,9253.399848937988,9253.399848937988,0
2021-10-01,9278.900146484375,9278.900146484375,9278.900146484375,9278.900146484375,0
2021-10-04,9410.849571228027,9410.849571228027,9410.849571228027,9410.849571228027,0
2021-10-05,9462.550163269043,9462.550163269043,9462.550163269043,9462.550163269043,0
2021-10-06,9379.300117492676,9379.300117492676,9379.300117492676,9379.300117492676,0
2021-10-07,9489.350318908691,9489.350318908691,9489.350318908691,9489.350318908691,0
2021-10-08,9564.900398254395,9564.900398254395,9564.900398254395,9564.900398254395,0
2021-10-11,9666.600227355957,9666.600227355957,9666.600227355957,9666.600227355957,0
2021-10-12,9727.100372314453,9727.100372314453,9727.100372314453,9727.100372314453,0
2021-10-13,9753.74984741211,9753.74984741211,9753.74984741211,9753.74984741211,0
2021-10-14,9805.049896240234,9805.049896240234,9805.049896240234,9805.049896240234,0
2021-10-18,9885.549545288086,9885.549545288086,9885.549545288086,9885.549545288086,0
2021-10-19,9703.700065612793,9703.700065612793,9703.700065612793,9703.700065612793,0
2021-10-20,9505.499839782715,9505.499839782715,9505.499839782715,9505.499839782715,0
2021-10-21,9439.800262451172,9439.800262451172,9439.800262451172,9439.800262451172,0
2021-10-22,9337.45002746582,9337.45002746582,9337.45002746582,9337.45002746582,0
2021-10-25,9167.099952697754,9167.099952697754,9167.099952697754,9167.099952697754,0
2021-10-26,9387.900352478027,9387.900352478027,9387.900352478027,9387.900352478027,0
2021-10-27,9435.999870300293,9435.999870300293,9435.999870300293,9435.999870300293,0
2021-10-28,9288.100242614746,9288.100242614746,9288.100242614746,9288.100242614746,0
2021-10-29,9257.949829101562,9257.949829101562,9257.949829101562,9257.949829101562,0
2021-11-01,9353.300094604492,9353.300094604492,9353.300094604492,9353.300094604492,0
2021-11-02,9465.849876403809,9465.849876403809,9465.849876403809,9465.849876403809,0
2021-11-03,9434.700012207031,9434.700012207031,9434.700012207031,9434.700012207031,0
2021-11-08,9634.44995880127,9634.44995880127,9634.44995880127,9634.44995880127,0
2021-11-09,9673.450469970703,9673.450469970703,9673.450469970703,9673.450469970703,0
2021-11-10,9668.700218200684,9668.700218200684,9668.700218200684,9668.700218200684,0
2021-11-11,9619.600296020508,9619.600296020508,9619.600296020508,9619.600296020508,0
2021-11-12,9651.900291442871,9651.900291442871,9651.900291442871,9651.900291442871,0
2021-11-15,9629.09984588623,9629.09984588623,9629.09984588623,9629.09984588623,0
2021-11-16,9656.399726867676,9656.399726867676,9656.399726867676,9656.399726867676,0
2021-11-17,9649.049758911133,9649.049758911133,9649.049758911133,9649.049758911133,0
2021-11-18,9495.24974822998,9495.24974822998,9495.24974822998,9495.24974822998,0
2021-11-22,9241.700172424316,9241.700172424316,9241.700172424316,9241.700172424316,0
2021-11-23,9417.900085449219,9417.900085449219,9417.900085449219,9417.900085449219,0
2021-11-24,9464.200019836426,9464.200019836426,9464.200019836426,9464.200019836426,0
2021-11-25,9544.549942016602,9544.549942016602,9544.549942016602,9544.549942016602,0
2021-11-26,9268.799781799316,9268.799781799316,9268.799781799316,9268.799781799316,0
2021-11-29,9036.100387573242,9036.100387573242,9036.100387573242,9036.100387573242,0
2021-11-30,9214.099884033203,9214.099884033203,9214.099884033203,9214.099884033203,0
2021-12-01,9241.250038146973,9241.250038146973,9241.250038146973,9241.250038146973,0
2021-12-02,9340.499877929688,9340.499877929688,9340.499877929688,9340.499877929688,0
2021-12-03,9392.399787902832,9392.399787902832,9392.399787902832,9392.399787902832,0
2021-12-06,9275.850296020508,9275.850296020508,9275.850296020508,9275.850296020508,0
2021-12-07,9389.349937438965,9389.349937438965,9389.349937438965,9389.349937438965,0
2021-12-08,9527.549743652344,9527.549743652344,9527.549743652344,9527.549743652344,0
2021-12-09,9613.900184631348,9613.900184631348,9613.900184631348,9613.900184631348,0
2021-12-10,9700.849533081055,9700.849533081055,9700.849533081055,9700.849533081055,0
2021-12-13,9701.749801635742,9701.749801635742,9701.749801635742,9701.749801635742,0
2021-12-14,9731.100082397461,9731.100082397461,9731.100082397461,9731.100082397461,0
2021-12-15,9697.099685668945,9697.099685668945,9697.099685668945,9697.099685668945,0
2021-12-16,9602.60009765625,9602.60009765625,9602.60009765625,9602.60009765625,0
2021-12-17,9384.050369262695,9384.050369262695,9384.050369262695,9384.050369262695,0
2021-12-20,9057.999610900879,9057.999610900879,9057.999610900879,9057.999610900879,0
2021-12-21,9170.450210571289,9170.450210571289,9170.450210571289,9170.450210571289,0
2021-12-22,9321.149826049805,9321.149826049805,9321.149826049805,9321.149826049805,0
2021-12-23,9394.30046081543,9394.30046081543,9394.30046081543,9394.30046081543,0
2021-12-24,9333.29963684082,9333.29963684082,9333.29963684082,9333.29963684082,0
2021-12-27,9368.1001663208,9368.1001663208,9368.1001663208,9368.1001663208,0
2021-12-28,9506.6499710083,9506.6499710083,9506.6499710083,9506.6499710083,0
2021-12-29,9574.150085449219,9574.150085449219,9574.150085449219,9574.150085449219,0
2021-12-30,9587.699890136719,9587.699890136719,9587.699890136719,9587.699890136719,0
2021-12-31,9698.650360107422,9698.650360107422,9698.650360107422,9698.650360107422,0
2022-01-03,9823.5502243042,9823.5502243042,9823.5502243042,9823.5502243042,0
2022-01-04,9875.349998474121,9875.349998474121,9875.349998474121,9875.349998474121,0
2022-01-05,9880.849838256836,9880.849838256836,9880.849838256836,9880.849838256836,0
2022-01-06,9890.649795532227,9890.649795532227,9890.649795532227,9890.649795532227,0
2022-01-07,9931.150436401367,9931.150436401367,9931.150436401367,9931.150436401367,0
2022-01-10,10069.499969482422,10069.499969482422,10069.499969482422,10069.499969482422,0
2022-01-11,10079.350471496582,10079.350471496582,10079.350471496582,10079.350471496582,0
2022-01-12,10141.349792480469,10141.349792480469,10141.349792480469,10141.349792480469,0
2022-01-13,10200.44994354248,10200.44994354248,10200.44994354248,10200.44994354248,0
2022-01-14,10270.79963684082,10270.79963684082,10270.79963684082,10270.79963684082,0
2022-01-17,10317.999839782715,10317.999839782715,10317.999839782715,10317.999839782715,0
2022-01-18,10108.24966430664,10108.24966430664,10108.24966430664,10108.24966430664,0
2022-01-19,10130.749702453613,10130.749702453613,10130.749702453613,10130.749702453613,0
2022-01-20,10118.800163269043,10118.800163269043,10118.800163269043,10118.800163269043,0
2022-01-21,9929.849624633789,9929.849624633789,9929.849624633789,9929.849624633789,0
2022-01-24,9475.600242614746,9475.600242614746,9475.600242614746,9475.600242614746,0
2022-01-25,9574.150085449219,9574.150085449219,9574.150085449219,9574.150085449219,0
2022-01-27,9529.70027923584,9529.70027923584,9529.70027923584,9529.70027923584,0
2022-01-28,9579.150199890137,9579.150199890137,9579.150199890137,9579.150199890137,0
2022-01-31,9670.20034790039,9670.20034790039,9670.20034790039,9670.20034790039,0
2022-02-01,9742.69962310791,9742.69962310791,9742.69962310791,9742.69962310791,0
2022-02-02,9903.900146484375,9903.900146484375,9903.900146484375,9903.900146484375,0
2022-02-03,9903.800010681152,9903.800010681152,9903.800010681152,9903.800010681152,0
2022-02-04,9846.449851989746,9846.449851989746,9846.449851989746,9846.449851989746,0
2022-02-07,9738.750457763672,9738.750457763672,9738.750457763672,9738.750457763672,0
2022-02-08,9591.699600219727,9591.699600219727,9591.699600219727,9591.699600219727,0
2022-02-09,9623.99959564209,9623.99959564209,9623.99959564209,9623.99959564209,0
2022-02-10,9639.450073242188,9639.450073242188,9639.450073242188,9639.450073242188,0
2022-02-11,9458.049774169922,9458.049774169922,9458.049774169922,9458.049774169922,0
2022-02-14,9056.150436401367,9056.150436401367,9056.150436401367,9056.150436401367,0
2022-02-15,9234.700202941895,9234.700202941895,9234.700202941895,9234.700202941895,0
2022-02-16,9304.100036621094,9304.100036621094,9304.100036621094,9304.100036621094,0
2022-02-17,9236.749649047852,9236.749649047852,9236.749649047852,9236.749649047852,0
2022-02-18,9161.149978637695,9161.149978637695,9161.149978637695,9161.149978637695,0
2022-02-21,8925.450325012207,8925.450325012207,8925.450325012207,8925.450325012207,0
2022-02-22,8753.000259399414,8753.000259399414,8753.000259399414,8753.000259399414,0
2022-02-23,8856.949806213379,8856.949806213379,8856.949806213379,8856.949806213379,0
2022-02-24,8338.45043182373,8338.45043182373,8338.45043182373,8338.45043182373,0
2022-02-25,8690.299987792969,8690.299987792969,8690.299987792969,8690.299987792969,0
2022-02-28,8760.149955749512,8760.149955749512,8760.149955749512,8760.149955749512,0
2022-03-02,8782.85026550293,8782.85026550293,8782.85026550293,8782.85026550293,0
2022-03-03,8816.100120544434,8816.100120544434,8816.100120544434,8816.100120544434,0
2022-03-04,8677.04963684082,8677.04963684082,8677.04963684082,8677.04963684082,0
2022-03-07,8475.3999710083,8475.3999710083,8475.3999710083,8475.3999710083,0
2022-03-08,8590.550422668457,8590.550422668457,8590.550422668457,8590.550422668457,0
2022-03-09,8769.700050354004,8769.700050354004,8769.700050354004,8769.700050354004,0
2022-03-10,8893.449783325195,8893.449783325195,8893.449783325195,8893.449783325195,0
2022-03-11,8971.799850463867,8971.799850463867,8971.799850463867,8971.799850463867,0
2022-03-14,9008.399963378906,9008.399963378906,9008.399963378906,9008.399963378906,0
2022-03-15,8933.650016784668,8933.650016784668,8933.650016784668,8933.650016784668,0
2022-03-16,9032.899856567383,9032.899856567383,9032.899856567383,9032.899856567383,0
2022-03-17,9139.249801635742,9139.249801635742,9139.249801635742,9139.249801635742,0
2022-03-21,9162.300109863281,9162.300109863281,9162.300109863281,9162.300109863281,0
2022-03-22,9190.349578857422,9190.349578857422,9190.349578857422,9190.349578857422,0
2022-03-23,9176.4497756958,9176.4497756958,9176.4497756958,9176.4497756958,0
2022-03-24,9206.850051879883,9206.850051879883,9206.850051879883,9206.850051879883,0
2022-03-25,9170.299530029297,9170.299530029297,9170.299530029297,9170.299530029297,0
2022-03-28,9116.299629211426,9116.299629211426,9116.299629211426,9116.299629211426,0
2022-03-29,9171.500205993652,9171.500205993652,9171.500205993652,9171.500205993652,0
2022-03-30,9241.350173950195,9241.350173950195,9241.350173950195,9241.350173950195,0
2022-03-31,9274.3501663208,9274.3501663208,9274.3501663208,9274.3501663208,0
2022-04-01,9446.700096130371,9446.700096130371,9446.700096130371,9446.700096130371,0
2022-04-04,9587.949752807617,9587.949752807617,9587.949752807617,9587.949752807617,0
2022-04-05,9678.999900817871,9678.999900817871,9678.999900817871,9678.999900817871,0
2022-04-06,9719.300270080566,9719.300270080566,9719.300270080566,9719.300270080566,0
2022-04-07,9677.249908447266,9677.249908447266,9677.249908447266,9677.249908447266,0
2022-04-08,9751.399993896484,9751.399993896484,9751.399993896484,9751.399993896484,0
2022-04-11,9781.000137329102,9781.000137329102,9781.000137329102,9781.000137329102,0
2022-04-12,9642.499923706055,9642.499923706055,9642.499923706055,9642.499923706055,0
2022-04-13,9674.349784851074,9674.349784851074,9674.349784851074,9674.349784851074,0
2022-04-18,9588.199615478516,9588.199615478516,9588.199615478516,9588.199615478516,0
2022-04-19,9442.549705505371,9442.549705505371,9442.549705505371,9442.549705505371,0
2022-04-20,9444.299697875977,9444.299697875977,9444.299697875977,9444.299697875977,0
2022-04-21,9563.349723815918,9563.349723815918,9563.349723815918,9563.349723815918,0
2022-04-22,9539.09969329834,9539.09969329834,9539.09969329834,9539.09969329834,0
2022-04-25,9347.999572753906,9347.999572753906,9347.999572753906,9347.999572753906,0
2022-04-26,9443.449974060059,9443.449974060059,9443.449974060059,9443.449974060059,0
2022-04-27,9389.14966583252,9389.14966583252,9389.14966583252,9389.14966583252,0
2022-04-28,9413.55037689209,9413.55037689209,9413.55037689209,9413.55037689209,0
2022-04-29,9314.900398254395,9314.900398254395,9314.900398254395,9314.900398254395,0
2022-05-02,9220.499992370605,9220.499992370605,9220.499992370605,9220.499992370605,0
2022-05-04,9010.299682617188,9010.299682617188,9010.299682617188,9010.299682617188,0
2022-05-05,8954.500198364258,8954.500198364258,8954.500198364258,8954.500198364258,0
2022-05-06,8751.500129699707,8751.500129699707,8751.500129699707,8751.500129699707,0
2022-05-09,8584.349632263184,8584.349632263184,8584.349632263184,8584.349632263184,0
2022-05-10,8408.349990844727,8408.349990844727,8408.349990844727,8408.349990844727,0
2022-05-11,8184.94987487793,8184.94987487793,8184.94987487793,8184.94987487793,0
2022-05-12,8049.300193786621,8049.300193786621,8049.300193786621,8049.300193786621,0
2022-05-13,8131.400108337402,8131.400108337402,8131.400108337402,8131.400108337402,0
2022-05-16,8238.849639892578,8238.849639892578,8238.849639892578,8238.849639892578,0
2022-05-17,8474.949836730957,8474.949836730957,8474.949836730957,8474.949836730957,0
2022-05-18,8502.900123596191,8502.900123596191,8502.900123596191,8502.900123596191,0
2022-05-19,8313.249588012695,8313.249588012695,8313.249588012695,8313.249588012695,0
2022-05-20,8489.749908447266,8489.749908447266,8489.749908447266,8489.749908447266,0
2022-05-23,8431.249618530273,8431.249618530273,8431.249618530273,8431.249618530273,0
2022-05-24,8327.750205993652,8327.750205993652,8327.750205993652,8327.750205993652,0
2022-05-25,8078.000068664551,8078.000068664551,8078.000068664551,8078.000068664551,0
2022-05-26,8154.199600219727,8154.199600219727,8154.199600219727,8154.199600219727,0
2022-05-27,8237.700462341309,8237.700462341309,8237.700462341309,8237.700462341309,0
2022-05-30,8421.40007019043,8421.40007019043,8421.40007019043,8421.40007019043,0
2022-05-31,8506.349563598633,8506.349563598633,8506.349563598633,8506.349563598633,0
2022-06-01,8563.150405883789,8563.150405883789,8563.150405883789,8563.150405883789,0
2022-06-02,8606.949806213379,8606.949806213379,8606.949806213379,8606.949806213379,0
2022-06-03,8531.800270080566,8531.800270080566,8531.800270080566,8531.800270080566,0
2022-06-06,8477.00023651123,8477.00023651123,8477.00023651123,8477.00023651123,0
2022-06-07,8429.349899291992,8429.349899291992,8429.349899291992,8429.349899291992,0
2022-06-08,8414.549827575684,8414.549827575684,8414.549827575684,8414.549827575684,0
2022-06-09,8419.7998046875,8419.7998046875,8419.7998046875,8419.7998046875,0
2022-06-10,8345.95012664795,8345.95012664795,8345.95012664795,8345.95012664795,0
2022-06-13,8050.49991607666,8050.49991607666,8050.49991607666,8050.49991607666,0
2022-06-14,8017.399787902832,8017.399787902832,8017.399787902832,8017.399787902832,0
2022-06-15,8063.50040435791,8063.50040435791,8063.50040435791,8063.50040435791,0
2022-06-16,7816.699981689453,7816.699981689453,7816.699981689453,7816.699981689453,0
2022-06-17,7754.749774932861,7754.749774932861,7754.749774932861,7754.749774932861,0
2022-06-20,7514.349937438965,7514.349937438965,7514.349937438965,7514.349937438965,0
2022-06-21,7745.399951934814,7745.399951934814,7745.399951934814,7745.399951934814,0
2022-06-22,7664.400100708008,7664.400100708008,7664.400100708008,7664.400100708008,0
2022-06-23,7753.749847412109,7753.749847412109,7753.749847412109,7753.749847412109,0
2022-06-24,7887.249946594238,7887.249946594238,7887.249946594238,7887.249946594238,0
2022-06-27,8012.550354003906,8012.550354003906,8012.550354003906,8012.550354003906,0
2022-06-28,8005.999565124512,8005.999565124512,8005.999565124512,8005.999565124512,0
2022-06-29,7962.049961090088,7962.049961090088,7962.049961090088,7962.049961090088,0
2022-06-30,7936.999797821045,7936.999797821045,7936.999797821045,7936.999797821045,0
2022-07-01,7953.59992980957,7953.59992980957,7953.59992980957,7953.59992980957,0
2022-07-04,7992.249965667725,7992.249965667725,7992.249965667725,7992.249965667725,0
2022-07-05,8012.599945068359,8012.599945068359,8012.599945068359,8012.599945068359,0
2022-07-06,8054.949760437012,8054.949760437012,8054.949760437012,8054.949760437012,0
2022-07-07,8160.599708557129,8160.599708557129,8160.599708557129,8160.599708557129,0
2022-07-08,8179.2497634887695,8179.2497634887695,8179.2497634887695,8179.2497634887695,0
2022-07-11,8263.199806213379,8263.199806213379,8263.199806213379,8263.199806213379,0
2022-07-12,8232.649803161621,8232.649803161621,8232.649803161621,8232.649803161621,0
2022-07-13,8250.149726867676,8250.149726867676,8250.149726867676,8250.149726867676,0
2022-07-14,8195.94955444336,8195.94955444336,8195.94955444336,8195.94955444336,0
2022-07-15,8237.449645996094,8237.449645996094,8237.449645996094,8237.449645996094,0
2022-07-18,8356.650352478027,8356.650352478027,8356.650352478027,8356.650352478027,0
2022-07-19,8427.849769592285,8427.849769592285,8427.849769592285,8427.849769592285,0
2022-07-20,8478.799819946289,8478.799819946289,8478.799819946289,8478.799819946289,0
2022-07-21,8547.849655151367,8547.849655151367,8547.849655151367,8547.849655151367,0
2022-07-22,8571.35009765625,8571.35009765625,8571.35009765625,8571.35009765625,0
2022-07-25,8536.600112915039,8536.600112915039,8536.600112915039,8536.600112915039,0
2022-07-26,8449.950218200684,8449.950218200684,8449.950218200684,8449.950218200684,0
2022-07-27,8450.599670410156,8450.599670410156,8450.599670410156,8450.599670410156,0
2022-07-28,8514.650344848633,8514.650344848633,8514.650344848633,8514.650344848633,0
2022-07-29,8630.999565124512,8630.999565124512,8630.999565124512,8630.999565124512,0
2022-08-01,8773.150444030762,8773.150444030762,8773.150444030762,8773.150444030762,0
2022-08-02,8826.299667358398,8826.299667358398,8826.299667358398,8826.299667358398,0
2022-08-03,8789.349555969238,8789.349555969238,8789.349555969238,8789.349555969238,0
2022-08-04,8766.850471496582,8766.850471496582,8766.850471496582,8766.850471496582,0
2022-08-05,8758.44955444336,8758.44955444336,8758.44955444336,8758.44955444336,0
2022-08-08,8779.350280761719,8779.350280761719,8779.350280761719,8779.350280761719,0
2022-08-10,8755.64956665039,8755.64956665039,8755.64956665039,8755.64956665039,0
2022-08-11,8812.350273132324,8812.350273132324,8812.350273132324,8812.350273132324,0
2022-08-12,8832.500457763672,8832.500457763672,8832.500457763672,8832.500457763672,0
2022-08-16,8908.699989318848,8908.699989318848,8908.699989318848,8908.699989318848,0
2022-08-17,8951.10034942627,8951.10034942627,8951.10034942627,8951.10034942627,0
2022-08-18,8975.749969482422,8975.749969482422,8975.749969482422,8975.749969482422,0
2022-08-19,8880.149841308594,8880.149841308594,8880.149841308594,8880.149841308594,0
2022-08-22,8801.300048828125,8801.300048828125,8801.300048828125,8801.300048828125,0
2022-08-23,8889.249801635742,8889.249801635742,8889.249801635742,8889.249801635742,0
2022-08-24,8967.450141906738,8967.450141906738,8967.450141906738,8967.450141906738,0
2022-08-25,8998.299598693848,8998.299598693848,8998.299598693848,8998.299598693848,0
2022-08-26,9063.09986114502,9063.09986114502,9063.09986114502,9063.09986114502,0
2022-08-29,9008.600234985352,9008.600234985352,9008.600234985352,9008.600234985352,0
2022-08-30,9119.750022888184,9119.750022888184,9119.750022888184,9119.750022888184,0
2022-09-01,9147.100448608398,9147.100448608398,9147.100448608398,9147.100448608398,0
2022-09-02,9166.70036315918,9166.70036315918,9166.70036315918,9166.70036315918,0
2022-09-05,9257.550239562988,9257.550239562988,9257.550239562988,9257.550239562988,0
2022-09-06,9286.499977111816,9286.499977111816,9286.499977111816,9286.499977111816,0
2022-09-07,9362.500190734863,9362.500190734863,9362.500190734863,9362.500190734863,0
2022-09-08,9429.200172424316,9429.200172424316,9429.200172424316,9429.200172424316,0
2022-09-09,9411.499977111816,9411.499977111816,9411.499977111816,9411.499977111816,0
2022-09-12,9499.799728393555,9499.799728393555,9499.799728393555,9499.799728393555,0
2022-09-13,9510.149955749512,9510.149955749512,9510.149955749512,9510.149955749512,0
2022-09-14,9518.950462341309,9518.950462341309,9518.950462341309,9518.950462341309,0
2022-09-15,9517.499923706055,9517.499923706055,9517.499923706055,9517.499923706055,0
2022-09-16,9298.399925231934,9298.399925231934,9298.399925231934,9298.399925231934,0
2022-09-19,9228.850364685059,9228.850364685059,9228.850364685059,9228.850364685059,0
2022-09-20,9335.100173950195,9335.100173950195,9335.100173950195,9335.100173950195,0
2022-09-21,9277.950286865234,9277.950286865234,9277.950286865234,9277.950286865234,0
2022-09-22,9331.600189208984,9331.600189208984,9331.600189208984,9331.600189208984,0
2022-09-23,9147.850036621094,9147.850036621094,9147.850036621094,9147.850036621094,0
2022-09-26,8842.000007629395,8842.000007629395,8842.000007629395,8842.000007629395,0
2022-09-27,8888.500213623047,8888.500213623047,8888.500213623047,8888.500213623047,0
2022-09-28,8849.200248718262,8849.200248718262,8849.200248718262,8849.200248718262,0
2022-09-29,8898.500442504883,8898.500442504883,8898.500442504883,8898.500442504883,0
2022-09-30,9032.750129699707,9032.750129699707,9032.750129699707,9032.750129699707,0
2022-10-03,8997.85041809082,8997.85041809082,8997.85041809082,8997.85041809082,0
2022-10-04,9116.14990234375,9116.14990234375,9116.14990234375,9116.14990234375,0
2022-10-06,9214.949607849121,9214.949607849121,9214.949607849121,9214.949607849121,0
2022-10-07,9244.35043334961,9244.35043334961,9244.35043334961,9244.35043334961,0
2022-10-10,9192.999839782715,9192.999839782715,9192.999839782715,9192.999839782715,0
2022-10-11,9049.90005493164,9049.90005493164,9049.90005493164,9049.90005493164,0
2022-10-12,9089.099884033203,9089.099884033203,9089.099884033203,9089.099884033203,0
2022-10-13,9040.399551391602,9040.399551391602,9040.399551391602,9040.399551391602,0
2022-10-14,9043.700218200684,9043.700218200684,9043.700218200684,9043.700218200684,0
2022-10-17,9066.049575805664,9066.049575805664,9066.049575805664,9066.049575805664,0
2022-10-18,9138.5498046875,9138.5498046875,9138.5498046875,9138.5498046875,0
2022-10-19,9140.999794006348,9140.999794006348,9140.999794006348,9140.999794006348,0
2022-10-20,9151.450157165527,9151.450157165527,9151.450157165527,9151.450157165527,0
2022-10-21,9112.350463867188,9112.350463867188,9112.350463867188,9112.350463867188,0
2022-10-25,9180.800437927246,9180.800437927246,9180.800437927246,9180.800437927246,0
2022-10-27,9216.750144958496,9216.750144958496,9216.750144958496,9216.750144958496,0
2022-10-28,9160.799980163574,9160.799980163574,9160.799980163574,9160.799980163574,0
2022-10-31,9195.34969329834,9195.34969329834,9195.34969329834,9195.34969329834,0
2022-11-01,9208.450317382812,9208.450317382812,9208.450317382812,9208.450317382812,0
2022-11-02,9209.750175476074,9209.750175476074,9209.750175476074,9209.750175476074,0
2022-11-03,9221.400260925293,9221.400260925293,9221.400260925293,9221.400260925293,0
2022-11-04,9263.699531555176,9263.699531555176,9263.699531555176,9263.699531555176,0
2022-11-07,9331.80046081543,9331.80046081543,9331.80046081543,9331.80046081543,0
2022-11-09,9295.20034790039,9295.20034790039,9295.20034790039,9295.20034790039,0
2022-11-10,9180.999755859375,9180.999755859375,9180.999755859375,9180.999755859375,0
2022-11-11,9211.700439453125,9211.700439453125,9211.700439453125,9211.700439453125,0
2022-11-14,9253.100395202637,9253.100395202637,9253.100395202637,9253.100395202637,0
2022-11-15,9258.649826049805,9258.649826049805,9258.649826049805,9258.649826049805,0
2022-11-16,9227.999687194824,9227.999687194824,9227.999687194824,9227.999687194824,0
2022-11-17,9217.000007629395,9217.000007629395,9217.000007629395,9217.000007629395,0
2022-11-18,9175.250053405762,9175.250053405762,9175.250053405762,9175.250053405762,0
2022-11-21,9185.050010681152,9185.050010681152,9185.050010681152,9185.050010681152,0
2022-11-22,9178.400039672852,9178.400039672852,9178.400039672852,9178.400039672852,0
2022-11-23,9231.69994354248,9231.69994354248,9231.69994354248,9231.69994354248,0
2022-11-24,9282.150268554688,9282.150268554688,9282.150268554688,9282.150268554688,0
2022-11-25,9353.599548339844,9353.599548339844,9353.599548339844,9353.599548339844,0
2022-11-28,9452.799797058105,9452.799797058105,9452.799797058105,9452.799797058105,0
2022-11-29,9418.899536132812,9418.899536132812,9418.899536132812,9418.899536132812,0
2022-11-30,9466.449737548828,9466.449737548828,9466.449737548828,9466.449737548828,0
2022-12-01,9508.099555969238,9508.099555969238,9508.099555969238,9508.099555969238,0
2022-12-02,9570.549964904785,9570.549964904785,9570.549964904785,9570.549964904785,0
2022-12-05,9601.400375366211,9601.400375366211,9601.400375366211,9601.400375366211,0
2022-12-06,9578.65047454834,9578.65047454834,9578.65047454834,9578.65047454834,0
2022-12-07,9541.399955749512,9541.399955749512,9541.399955749512,9541.399955749512,0
2022-12-08,9593.799591064453,9593.799591064453,9593.799591064453,9593.799591064453,0
2022-12-09,9494.35043334961,9494.35043334961,9494.35043334961,9494.35043334961,0
2022-12-12,9543.84994506836,9543.84994506836,9543.84994506836,9543.84994506836,0
2022-12-13,9597.700119018555,9597.700119018555,9597.700119018555,9597.700119018555,0
2022-12-14,9659.99984741211,9659.99984741211,9659.99984741211,9659.99984741211,0
2022-12-15,9618.3500289917,9618.3500289917,9618.3500289917,9618.3500289917,0
2022-12-16,9541.850090026855,9541.850090026855,9541.850090026855,9541.850090026855,0
2022-12-19,9569.549560546875,9569.549560546875,9569.549560546875,9569.549560546875,0
2022-12-20,9549.500465393066,9549.500465393066,9549.500465393066,9549.500465393066,0
2022-12-21,9352.450370788574,9352.450370788574,9352.450370788574,9352.450370788574,0
2022-12-22,9189.64958190918,9189.64958190918,9189.64958190918,9189.64958190918,0
2022-12-23,8786.89956665039,8786.89956665039,8786.89956665039,8786.89956665039,0
2022-12-26,9079.60033416748,9079.60033416748,9079.60033416748,9079.60033416748,0
2022-12-27,9190.899848937988,9190.899848937988,9190.899848937988,9190.899848937988,0
2022-12-28,9210.200309753418,9210.200309753418,9210.200309753418,9210.200309753418,0
2022-12-29,9221.199989318848,9221.199989318848,9221.199989318848,9221.199989318848,0
2022-12-30,9292.24967956543,9292.24967956543,9292.24967956543,9292.24967956543,0
2023-01-02,9361.499786376953,9361.499786376953,9361.499786376953,9361.499786376953,0
2023-01-03,9374.650001525879,9374.650001525879,9374.650001525879,9374.650001525879,0
2023-01-04,9290.599822998047,9290.599822998047,9290.599822998047,9290.599822998047,0
2023-01-05,9288.949966430664,9288.949966430664,9288.949966430664,9288.949966430664,0
2023-01-06,9217.499732971191,9217.499732971191,9217.499732971191,9217.499732971191,0
2023-01-09,9253.250122070312,9253.250122070312,9253.250122070312,9253.250122070312,0
2023-01-10,9207.6997756958,9207.6997756958,9207.6997756958,9207.6997756958,0
2023-01-11,9212.550163269043,9212.550163269043,9212.550163269043,9212.550163269043,0
2023-01-12,9218.299865722656,9218.299865722656,9218.299865722656,9218.299865722656,0
2023-01-13,9244.400024414062,9244.400024414062,9244.400024414062,9244.400024414062,0
2023-01-16,9238.750457763672,9238.750457763672,9238.750457763672,9238.750457763672,0
2023-01-17,9225.3999710083,9225.3999710083,9225.3999710083,9225.3999710083,0
2023-01-18,9231.100082397461,9231.100082397461,9231.100082397461,9231.100082397461,0
2023-01-19,9204.19979095459,9204.19979095459,9204.19979095459,9204.19979095459,0
2023-01-20,9153.050422668457,9153.050422668457,9153.050422668457,9153.050422668457,0
2023-01-23,9139.450073242188,9139.450073242188,9139.450073242188,9139.450073242188,0
2023-01-24,9102.999687194824,9102.999687194824,9102.999687194824,9102.999687194824,0
2023-01-25,9022.000312805176,9022.000312805176,9022.000312805176,9022.000312805176,0
2023-01-27,8857.099533081055,8857.099533081055,8857.099533081055,8857.099533081055,0
2023-01-30,8838.500022888184,8838.500022888184,8838.500022888184,8838.500022888184,0
2023-01-31,9070.249557495117,9070.249557495117,9070.249557495117,9070.249557495117,0
2023-02-01,8966.650009155273,8966.650009155273,8966.650009155273,8966.650009155273,0
2023-02-02,9005.599975585938,9005.599975585938,9005.599975585938,9005.599975585938,0
2023-02-03,8972.700119018555,8972.700119018555,8972.700119018555,8972.700119018555,0
2023-02-06,8995.050430297852,8995.050430297852,8995.050430297852,8995.050430297852,0
2023-02-07,8962.800025939941,8962.800025939941,8962.800025939941,8962.800025939941,0
2023-02-08,9031.999588012695,9031.999588012695,9031.999588012695,9031.999588012695,0
2023-02-09,9009.149551391602,9009.149551391602,9009.149551391602,9009.149551391602,0
2023-02-10,9054.05044555664,9054.05044555664,9054.05044555664,9054.05044555664,0
2023-02-13,8946.599960327148,8946.599960327148,8946.599960327148,8946.599960327148,0
2023-02-14,8899.900436401367,8899.900436401367,8899.900436401367,8899.900436401367,0
2023-02-15,8935.649871826172,8935.649871826172,8935.649871826172,8935.649871826172,0
2023-02-16,9007.049560546875,9007.049560546875,9007.049560546875,9007.049560546875,0
2023-02-17,8976.65023803711,8976.65023803711,8976.65023803711,8976.65023803711,0
2023-02-20,8947.95036315918,8947.95036315918,8947.95036315918,8947.95036315918,0
2023-02-21,8916.600227355957,8916.600227355957,8916.600227355957,8916.600227355957,0
2023-02-22,8816.550254821777,8816.550254821777,8816.550254821777,8816.550254821777,0
2023-02-23,8832.6997756958,8832.6997756958,8832.6997756958,8832.6997756958,0
2023-02-24,8817.999839782715,8817.999839782715,8817.999839782715,8817.999839782715,0
2023-02-27,8713.350296020508,8713.350296020508,8713.350296020508,8713.350296020508,0
2023-02-28,8743.749618530273,8743.749618530273,8743.749618530273,8743.749618530273,0
2023-03-01,8851.65023803711,8851.65023803711,8851.65023803711,8851.65023803711,0
2023-03-02,8843.549728393555,8843.549728393555,8843.549728393555,8843.549728393555,0
2023-03-03,8905.30014038086,8905.30014038086,8905.30014038086,8905.30014038086,0
2023-03-06,8996.100425720215,8996.100425720215,8996.100425720215,8996.100425720215,0
2023-03-08,9020.150184631348,9020.150184631348,9020.150184631348,9020.150184631348,0
2023-03-09,8989.999771118164,8989.999771118164,8989.999771118164,8989.999771118164,0
2023-03-10,8925.49991607666,8925.49991607666,8925.49991607666,8925.49991607666,0
2023-03-13,8739.60018157959,8739.60018157959,8739.60018157959,8739.60018157959,0
2023-03-14,8661.35025024414,8661.35025024414,8661.35025024414,8661.35025024414,0
2023-03-15,8677.000045776367,8677.000045776367,8677.000045776367,8677.000045776367,0
2023-03-16,8616.20044708252,8616.20044708252,8616.20044708252,8616.20044708252,0
2023-03-17,8672.800064086914,8672.800064086914,8672.800064086914,8672.800064086914,0
2023-03-20,8597.949981689453,8597.949981689453,8597.949981689453,8597.949981689453,0
2023-03-21,8637.499809265137,8637.499809265137,8637.499809265137,8637.499809265137,0
2023-03-22,8685.400009155273,8685.400009155273,8685.400009155273,8685.400009155273,0
2023-03-23,8658.599853515625,8658.599853515625,8658.599853515625,8658.599853515625,0
2023-03-24,8527.250289916992,8527.250289916992,8527.250289916992,8527.250289916992,0
2023-03-27,8399.200439453125,8399.200439453125,8399.200439453125,8399.200439453125,0
2023-03-28,8332.500457763672,8332.500457763672,8332.500457763672,8332.500457763672,0
2023-03-29,8471.099853515625,8471.099853515625,8471.099853515625,8471.099853515625,0
2023-03-31,8601.400375366211,8601.400375366211,8601.400375366211,8601.400375366211,0
2023-04-03,8668.450355529785,8668.450355529785,8668.450355529785,8668.450355529785,0
2023-04-05,8726.200103759766,8726.200103759766,8726.200103759766,8726.200103759766,0
2023-04-06,8790.599822998047,8790.599822998047,8790.599822998047,8790.599822998047,0
2023-04-10,8804.900169372559,8804.900169372559,8804.900169372559,8804.900169372559,0
2023-04-11,8845.000267028809,8845.000267028809,8845.000267028809,8845.000267028809,0
2023-04-12,8878.299713134766,8878.299713134766,8878.299713134766,8878.299713134766,0
2023-04-13,8905.400276184082,8905.400276184082,8905.400276184082,8905.400276184082,0
2023-04-17,8918.25008392334,8918.25008392334,8918.25008392334,8918.25008392334,0
2023-04-18,8924.300193786621,8924.300193786621,8924.300193786621,8924.300193786621,0
2023-04-19,8923.999786376953,8923.999786376953,8923.999786376953,8923.999786376953,0
2023-04-20,8948.049545288086,8948.049545288086,8948.049545288086,8948.049545288086,0
2023-04-21,8931.249618530273,8931.249618530273,8931.249618530273,8931.249618530273,0
2023-04-24,8973.099708557129,8973.099708557129,8973.099708557129,8973.099708557129,0
2023-04-25,9003.250122070312,9003.250122070312,9003.250122070312,9003.250122070312,0
2023-04-26,9052.300453186035,9052.300453186035,9052.300453186035,9052.300453186035,0
2023-04-27,9096.650123596191,9096.650123596191,9096.650123596191,9096.650123596191,0
2023-04-28,9186.400413513184,9186.400413513184,9186.400413513184,9186.400413513184,0
2023-05-02,9244.199752807617,9244.199752807617,9244.199752807617,9244.199752807617,0
2023-05-03,9256.500244140625,9256.500244140625,9256.500244140625,9256.500244140625,0
2023-05-04,9335.450172424316,9335.450172424316,9335.450172424316,9335.450172424316,0
2023-05-05,9283.7495803833,9283.7495803833,9283.7495803833,9283.7495803833,0
2023-05-08,9351.550102233887,9351.550102233887,9351.550102233887,9351.550102233887,0
2023-05-09,9311.849594116211,9311.849594116211,9311.849594116211,9311.849594116211,0
2023-05-10,9358.799934387207,9358.799934387207,9358.799934387207,9358.799934387207,0
2023-05-11,9425.450325012207,9425.450325012207,9425.450325012207,9425.450325012207,0
2023-05-12,9389.849662780762,9389.849662780762,9389.849662780762,9389.849662780762,0
2023-05-15,9457.40032196045,9457.40032196045,9457.40032196045,9457.40032196045,0
2023-05-16,9460.700035095215,9460.700035095215,9460.700035095215,9460.700035095215,0
2023-05-17,9500.800132751465,9500.800132751465,9500.800132751465,9500.800132751465,0
2023-05-18,9461.750030517578,9461.750030517578,9461.750030517578,9461.750030517578,0
2023-05-19,9458.499908447266,9458.499908447266,9458.499908447266,9458.499908447266,0
2023-05-22,9495.499610900879,9495.499610900879,9495.499610900879,9495.499610900879,0
2023-05-23,9506.799697875977,9506.799697875977,9506.799697875977,9506.799697875977,0
2023-05-24,9511.799812316895,9511.799812316895,9511.799812316895,9511.799812316895,0
2023-05-25,9540.550231933594,9540.550231933594,9540.550231933594,9540.550231933594,0
2023-05-26,9584.199905395508,9584.199905395508,9584.199905395508,9584.199905395508,0
2023-05-29,9610.44979095459,9610.44979095459,9610.44979095459,9610.44979095459,0
2023-05-30,9615.300178527832,9615.300178527832,9615.300178527832,9615.300178527832,0
2023-05-31,9689.399719238281,9689.399719238281,9689.399719238281,9689.399719238281,0
2023-06-01,9768.899917602539,9768.899917602539,9768.899917602539,9768.899917602539,0
2023-06-02,9815.64998626709,9815.64998626709,9815.64998626709,9815.64998626709,0
2023-06-05,9842.000007629395,9842.000007629395,9842.000007629395,9842.000007629395,0
2023-06-06,9894.550323486328,9894.550323486328,9894.550323486328,9894.550323486328,0
2023-06-07,10004.449844360352,10004.449844360352,10004.449844360352,10004.449844360352,0
2023-06-08,9937.5,9937.5,9937.5,9937.5,0
2023-06-09,9930.8500289917,9930.8500289917,9930.8500289917,9930.8500289917,0
2023-06-12,9995.24974822998,9995.24974822998,9995.24974822998,9995.24974822998,0
2023-06-13,10067.700386047363,10067.700386047363,10067.700386047363,10067.700386047363,0
2023-06-14,10096.050262451172,10096.050262451172,10096.050262451172,10096.050262451172,0
2023-06-15,10126.95026397705,10126.95026397705,10126.95026397705,10126.95026397705,0
2023-06-16,10208.049774169922,10208.049774169922,10208.049774169922,10208.049774169922,0
2023-06-19,10238.800048828125,10238.800048828125,10238.800048828125,10238.800048828125,0
2023-06-20,10280.24959564209,10280.24959564209,10280.24959564209,10280.24959564209,0
2023-06-21,10286.499977111816,10286.499977111816,10286.499977111816,10286.499977111816,0
2023-06-22,10211.150169372559,10211.150169372559,10211.150169372559,10211.150169372559,0
2023-06-23,10104.5503616333,10104.5503616333,10104.5503616333,10104.5503616333,0
2023-06-26,10172.849655151367,10172.849655151367,10172.849655151367,10172.849655151367,0
2023-06-27,10228.54995727539,10228.54995727539,10228.54995727539,10228.54995727539,0
2023-06-28,10246.299743652344,10246.299743652344,10246.299743652344,10246.299743652344,0
2023-06-30,10295.849800109863,10295.849800109863,10295.849800109863,10295.849800109863,0
2023-07-03,10386.500358581543,10386.500358581543,10386.500358581543,10386.500358581543,0
2023-07-04,10400.54988861084,10400.54988861084,10400.54988861084,10400.54988861084,0
2023-07-05,10465.100288391113,10465.100288391113,10465.100288391113,10465.100288391113,0
2023-07-06,10553.64990234375,10553.64990234375,10553.64990234375,10553.64990234375,0
2023-07-07,10522.99976348877,10522.99976348877,10522.99976348877,10522.99976348877,0
2023-07-10,10488.100051879883,10488.100051879883,10488.100051879883,10488.100051879883,0
2023-07-11,10583.100318908691,10583.100318908691,10583.100318908691,10583.100318908691,0
2023-07-12,10634.44995880127,10634.44995880127,10634.44995880127,10634.44995880127,0
2023-07-13,10559.049606323242,10559.049606323242,10559.049606323242,10559.049606323242,0
2023-07-14,10697.850227355957,10697.850227355957,10697.850227355957,10697.850227355957,0
2023-07-17,10780.799865722656,10780.799865722656,10780.799865722656,10780.799865722656,0
2023-07-18,10703.300476074219,10703.300476074219,10703.300476074219,10703.300476074219,0
2023-07-19,10781.25,10781.25,10781.25,10781.25,0
2023-07-20,10810.050010681152,10810.050010681152,10810.050010681152,10810.050010681152,0
2023-07-21,10843.500137329102,10843.500137329102,10843.500137329102,10843.500137329102,0
2023-07-24,10869.099617004395,10869.099617004395,10869.099617004395,10869.099617004395,0
2023-07-25,10874.150276184082,10874.150276184082,10874.150276184082,10874.150276184082,0
2023-07-26,10909.799575805664,10909.799575805664,10909.799575805664,10909.799575805664,0
2023-07-27,10924.449920654297,10924.449920654297,10924.449920654297,10924.449920654297,0
2023-07-28,10970.399856567383,10970.399856567383,10970.399856567383,10970.399856567383,0
2023-07-31,11082.449913024902,11082.449913024902,11082.449913024902,11082.449913024902,0
2023-08-01,11104.999542236328,11104.999542236328,11104.999542236328,11104.999542236328,0
2023-08-02,10963.350296020508,10963.350296020508,10963.350296020508,10963.350296020508,0
2023-08-03,10978.799819946289,10978.799819946289,10978.799819946289,10978.799819946289,0
2023-08-04,11047.650337219238,11047.650337219238,11047.650337219238,11047.650337219238,0
2023-08-07,11081.399917602539,11081.399917602539,11081.399917602539,11081.399917602539,0
2023-08-08,11099.100112915039,11099.100112915039,11099.100112915039,11099.100112915039,0
2023-08-09,11161.399841308594,11161.399841308594,11161.399841308594,11161.399841308594,0
2023-08-10,11133.500099182129,11133.500099182129,11133.500099182129,11133.500099182129,0
2023-08-11,11104.849815368652,11104.849815368652,11104.849815368652,11104.849815368652,0
2023-08-14,11035.599708557129,11035.599708557129,11035.599708557129,11035.599708557129,0
2023-08-16,11081.049919128418,11081.049919128418,11081.049919128418,11081.049919128418,0
2023-08-17,11101.349830627441,11101.349830627441,11101.349830627441,11101.349830627441,0
2023-08-18,11070.199966430664,11070.199966430664,11070.199966430664,11070.199966430664,0
2023-08-21,11162.349700927734,11162.349700927734,11162.349700927734,11162.349700927734,0
2023-08-22,11237.500190734863,11237.500190734863,11237.500190734863,11237.500190734863,0
2023-08-23,11317.649841308594,11317.649841308594,11317.649841308594,11317.649841308594,0
2023-08-24,11303.099632263184,11303.099632263184,11303.099632263184,11303.099632263184,0
2023-08-25,11278.949737548828,11278.949737548828,11278.949737548828,11278.949737548828,0
2023-08-28,11354.249954223633,11354.249954223633,11354.249954223633,11354.249954223633,0
2023-08-29,11430.19962310791,11430.19962310791,11430.19962310791,11430.19962310791,0
2023-08-30,11529.899597167969,11529.899597167969,11529.899597167969,11529.899597167969,0
2023-08-31,11651.900291442871,11651.900291442871,11651.900291442871,11651.900291442871,0
2023-09-01,11737.299919128418,11737.299919128418,11737.299919128418,11737.299919128418,0
2023-09-04,11855.449676513672,11855.449676513672,11855.449676513672,11855.449676513672,0
2023-09-05,11929.200172424316,11929.200172424316,11929.200172424316,11929.200172424316,0
2023-09-06,11935.600280761719,11935.600280761719,11935.600280761719,11935.600280761719,0
2023-09-07,12001.749992370605,12001.749992370605,12001.749992370605,12001.749992370605,0
2023-09-08,12075.09994506836,12075.09994506836,12075.09994506836,12075.09994506836,0
2023-09-11,12191.699981689453,12191.699981689453,12191.699981689453,12191.699981689453,0
2023-09-12,11719.75040435791,11719.75040435791,11719.75040435791,11719.75040435791,0
2023-09-13,11834.549903869629,11834.549903869629,11834.549903869629,11834.549903869629,0
2023-09-14,11979.350090026855,11979.350090026855,11979.350090026855,11979.350090026855,0
2023-09-15,12012.849807739258,12012.849807739258,12012.849807739258,12012.849807739258,0
2023-09-18,11954.000473022461,11954.000473022461,11954.000473022461,11954.000473022461,0
2023-09-20,11887.550354003906,11887.550354003906,11887.550354003906,11887.550354003906,0
2023-09-21,11752.55012512207,11752.55012512207,11752.55012512207,11752.55012512207,0
2023-09-22,11755.10025024414,11755.10025024414,11755.10025024414,11755.10025024414,0
2023-09-25,11764.49966430664,11764.49966430664,11764.49966430664,11764.49966430664,0
2023-09-26,11814.599990844727,11814.599990844727,11814.599990844727,11814.599990844727,0
2023-09-27,11899.749755859375,11899.749755859375,11899.749755859375,11899.749755859375,0
2023-09-29,11936.200141906738,11936.200141906738,11936.200141906738,11936.200141906738,0
2023-10-03,12009.550094604492,12009.550094604492,12009.550094604492,12009.550094604492,0
2023-10-04,11873.800277709961,11873.800277709961,11873.800277709961,11873.800277709961,0
2023-10-05,11941.499710083008,11941.499710083008,11941.499710083008,11941.499710083008,0
2023-10-06,12017.600059509277,12017.600059509277,12017.600059509277,12017.600059509277,0
2023-10-09,11820.650100708008,11820.650100708008,11820.650100708008,11820.650100708008,0
2023-10-10,11952.549934387207,11952.549934387207,11952.549934387207,11952.549934387207,0
2023-10-11,12032.950401306152,12032.950401306152,12032.950401306152,12032.950401306152,0
2023-10-12,12114.500045776367,12114.500045776367,12114.500045776367,12114.500045776367,0
2023-10-13,12094.400405883789,12094.400405883789,12094.400405883789,12094.400405883789,0
2023-10-16,12133.150100708008,12133.150100708008,12133.150100708008,12133.150100708008,0
2023-10-17,12215.250015258789,12215.250015258789,12215.250015258789,12215.250015258789,0
2023-10-18,12169.500350952148,12169.500350952148,12169.500350952148,12169.500350952148,0
2023-10-19,12187.999725341797,12187.999725341797,12187.999725341797,12187.999725341797,0
2023-10-20,12089.750289916992,12089.750289916992,12089.750289916992,12089.750289916992,0
2023-10-23,11631.600379943848,11631.600379943848,11631.600379943848,11631.600379943848,0
2023-10-25,11555.649757385254,11555.649757385254,11555.649757385254,11555.649757385254,0
2023-10-26,11500.349998474121,11500.349998474121,11500.349998474121,11500.349998474121,0
2023-10-27,11720.250129699707,11720.250129699707,11720.250129699707,11720.250129699707,0
2023-10-30,11728.500366210938,11728.500366210938,11728.500366210938,11728.500366210938,0
2023-10-31,11715.049743652344,11715.049743652344,11715.049743652344,11715.049743652344,0
2023-11-01,11694.250106811523,11694.250106811523,11694.250106811523,11694.250106811523,0
2023-11-02,11821.000099182129,11821.000099182129,11821.000099182129,11821.000099182129,0
2023-11-03,11940.099716186523,11940.099716186523,11940.099716186523,11940.099716186523,0
2023-11-06,12065.750122070312,12065.750122070312,12065.750122070312,12065.750122070312,0
2023-11-07,12135.749816894531,12135.749816894531,12135.749816894531,12135.749816894531,0
2023-11-08,12209.850311279297,12209.850311279297,12209.850311279297,12209.850311279297,0
2023-11-09,12174.650192260742,12174.650192260742,12174.650192260742,12174.650192260742,0
2023-11-10,12227.399826049805,12227.399826049805,12227.399826049805,12227.399826049805,0
2023-11-13,12411.049842834473,12411.049842834473,12411.049842834473,12411.049842834473,0
2023-11-15,12548.850059509277,12548.850059509277,12548.850059509277,12548.850059509277,0
2023-11-16,12601.149559020996,12601.149559020996,12601.149559020996,12601.149559020996,0
2023-11-17,12642.999649047852,12642.999649047852,12642.999649047852,12642.999649047852,0
2023-11-20,12647.850036621094,12647.850036621094,12647.850036621094,12647.850036621094,0
2023-11-21,12673.9501953125,12673.9501953125,12673.9501953125,12673.9501953125,0
2023-11-22,12567.449569702148,12567.449569702148,12567.449569702148,12567.449569702148,0
2023-11-23,12630.849838256836,12630.849838256836,12630.849838256836,12630.849838256836,0
2023-11-24,12655.099868774414,12655.099868774414,12655.099868774414,12655.099868774414,0
2023-11-28,12682.39974975586,12682.39974975586,12682.39974975586,12682.39974975586,0
2023-11-29,12777.250289916992,12777.250289916992,12777.250289916992,12777.250289916992,0
2023-11-30,12912.8999710083,12912.8999710083,12912.8999710083,12912.8999710083,0
2023-12-01,12983.799934387207,12983.799934387207,12983.799934387207,12983.799934387207,0
2023-12-04,13139.049530029297,13139.049530029297,13139.049530029297,13139.049530029297,0
2023-12-05,13157.549858093262,13157.549858093262,13157.549858093262,13157.549858093262,0
2023-12-06,13190.64998626709,13190.64998626709,13190.64998626709,13190.64998626709,0
2023-12-07,13231.599807739258,13231.599807739258,13231.599807739258,13231.599807739258,0
2023-12-08,13119.799613952637,13119.799613952637,13119.799613952637,13119.799613952637,0
2023-12-11,13191.849708557129,13191.849708557129,13191.849708557129,13191.849708557129,0
2023-12-12,13174.500465393066,13174.500465393066,13174.500465393066,13174.500465393066,0
2023-12-13,13256.549835205078,13256.549835205078,13256.549835205078,13256.549835205078,0
2023-12-14,13362.899780273438,13362.899780273438,13362.899780273438,13362.899780273438,0
2023-12-15,13457.099914550781,13457.099914550781,13457.099914550781,13457.099914550781,0
2023-12-18,13512.350082397461,13512.350082397461,13512.350082397461,13512.350082397461,0
2023-12-19,13522.199630737305,13522.199630737305,13522.199630737305,13522.199630737305,0
2023-12-20,13066.399574279785,13066.399574279785,13066.399574279785,13066.399574279785,0
2023-12-21,13288.350105285645,13288.350105285645,13288.350105285645,13288.350105285645,0
2023-12-22,13423.850059509277,13423.850059509277,13423.850059509277,13423.850059509277,0
2023-12-26,13464.750289916992,13464.750289916992,13464.750289916992,13464.750289916992,0
2023-12-27,13505.550384521484,13505.550384521484,13505.550384521484,13505.550384521484,0
2023-12-28,13585.550308227539,13585.550308227539,13585.550308227539,13585.550308227539,0
2023-12-29,13666.150093078613,13666.150093078613,13666.150093078613,13666.150093078613,0
2024-01-01,13750.349998474121,13750.349998474121,13750.349998474121,13750.349998474121,0
2024-01-02,13742.950439453125,13742.950439453125,13742.950439453125,13742.950439453125,0
2024-01-03,13759.750366210938,13759.750366210938,13759.750366210938,13759.750366210938,0
2024-01-04,13899.95002746582,13899.95002746582,13899.95002746582,13899.95002746582,0
2024-01-05,13992.250442504883,13992.250442504883,13992.250442504883,13992.250442504883,0
2024-01-08,13910.650253295898,13910.650253295898,13910.650253295898,13910.650253295898,0
2024-01-09,13958.499908447266,13958.499908447266,13958.499908447266,13958.499908447266,0
2024-01-10,13987.649917602539,13987.649917602539,13987.649917602539,13987.649917602539,0
2024-01-11,14100.950241088867,14100.950241088867,14100.950241088867,14100.950241088867,0
2024-01-12,14151.249885559082,14151.249885559082,14151.249885559082,14151.249885559082,0
2024-01-15,14186.650276184082,14186.650276184082,14186.650276184082,14186.650276184082,0
2024-01-16,14148.40030670166,14148.40030670166,14148.40030670166,14148.40030670166,0
2024-01-17,14001.60026550293,14001.60026550293,14001.60026550293,14001.60026550293,0
2024-01-18,13995.750427246094,13995.750427246094,13995.750427246094,13995.750427246094,0
2024-01-19,14147.649765014648,14147.649765014648,14147.649765014648,14147.649765014648,0
2024-01-23,13825.200080871582,13825.200080871582,13825.200080871582,13825.200080871582,0
2024-01-24,14066.59984588623,14066.59984588623,14066.59984588623,14066.59984588623,0
2024-01-25,14138.649940490723,14138.649940490723,14138.649940490723,14138.649940490723,0
2024-01-29,14319.450378417969,14319.450378417969,14319.450378417969,14319.450378417969,0
2024-01-30,14338.800430297852,14338.800430297852,14338.800430297852,14338.800430297852,0
2024-01-31,14644.30046081543,14644.30046081543,14644.30046081543,14644.30046081543,0
2024-02-01,14666.399955749512,14666.399955749512,14666.399955749512,14666.399955749512,0
2024-02-02,14756.8998336792,14756.8998336792,14756.8998336792,14756.8998336792,0
2024-02-05,14751.95026397705,14751.95026397705,14751.95026397705,14751.95026397705,0
2024-02-06,14887.200355529785,14887.200355529785,14887.200355529785,14887.200355529785,0
2024-02-07,14967.249870300293,14967.249870300293,14967.249870300293,14967.249870300293,0
2024-02-08,14902.649879455566,14902.649879455566,14902.649879455566,14902.649879455566,0
2024-02-09,14715.250015258789,14715.250015258789,14715.250015258789,14715.250015258789,0
2024-02-12,14191.200256347656,14191.200256347656,14191.200256347656,14191.200256347656,0
2024-02-13,14242.050170898438,14242.050170898438,14242.050170898438,14242.050170898438,0
2024-02-14,14422.94979095459,14422.94979095459,14422.94979095459,14422.94979095459,0
2024-02-15,14591.60041809082,14591.60041809082,14591.60041809082,14591.60041809082,0
2024-02-16,14688.599586486816,14688.599586486816,14688.599586486816,14688.599586486816,0
2024-02-19,14755.499839782715,14755.499839782715,14755.499839782715,14755.499839782715,0
2024-02-20,14697.549819946289,14697.549819946289,14697.549819946289,14697.549819946289,0
2024-02-21,14581.549644470215,14581.549644470215,14581.549644470215,14581.549644470215,0
2024-02-22,14671.199798583984,14671.199798583984,14671.199798583984,14671.199798583984,0
2024-02-23,14756.150245666504,14756.150245666504,14756.150245666504,14756.150245666504,0
2024-02-26,14727.049827575684,14727.049827575684,14727.049827575684,14727.049827575684,0
2024-02-27,14763.099670410156,14763.099670410156,14763.099670410156,14763.099670410156,0
2024-02-28,14482.600212097168,14482.600212097168,14482.600212097168,14482.600212097168,0
2024-02-29,14552.350044250488,14552.350044250488,14552.350044250488,14552.350044250488,0
2024-03-01,14645.750045776367,14645.750045776367,14645.750045776367,14645.750045776367,0
2024-03-04,14660.449981689453,14660.449981689453,14660.449981689453,14660.449981689453,0
2024-03-05,14564.64958190918,14564.64958190918,14564.64958190918,14564.64958190918,0
2024-03-06,14277.250289916992,14277.250289916992,14277.250289916992,14277.250289916992,0
2024-03-07,14396.100044250488,14396.100044250488,14396.100044250488,14396.100044250488,0
2024-03-11,14103.750228881836,14103.750228881836,14103.750228881836,14103.750228881836,0
2024-03-12,13811.849594116211,13811.849594116211,13811.849594116211,13811.849594116211,0
2024-03-13,13102.999687194824,13102.999687194824,13102.999687194824,13102.999687194824,0
2024-03-14,13508.299827575684,13508.299827575684,13508.299827575684,13508.299827575684,0
2024-03-15,13537.799835205078,13537.799835205078,13537.799835205078,13537.799835205078,0
2024-03-18,13500.249862670898,13500.249862670898,13500.249862670898,13500.249862670898,0
2024-03-19,13342.20027923584,13342.20027923584,13342.20027923584,13342.20027923584,0
2024-03-20,13355.250358581543,13355.250358581543,13355.250358581543,13355.250358581543,0
2024-03-21,13659.549713134766,13659.549713134766,13659.549713134766,13659.549713134766,0
2024-03-22,13769.100189208984,13769.100189208984,13769.100189208984,13769.100189208984,0
2024-03-26,13773.050308227539,13773.050308227539,13773.050308227539,13773.050308227539,0
2024-03-27,13873.749732971191,13873.749732971191,13873.749732971191,13873.749732971191,0
2024-03-28,13918.100357055664,13918.100357055664,13918.100357055664,13918.100357055664,0
2024-04-01,14334.099769592285,14334.099769592285,14334.099769592285,14334.099769592285,0
2024-04-02,14476.05037689209,14476.05037689209,14476.05037689209,14476.05037689209,0
2024-04-03,14625.0,14625.0,14625.0,14625.0,0
2024-04-04,14713.399887084961,14713.399887084961,14713.399887084961,14713.399887084961,0
2024-04-05,14797.699928283691,14797.699928283691,14797.699928283691,14797.699928283691,0
2024-04-08,14836.150169372559,14836.150169372559,14836.150169372559,14836.150169372559,0
2024-04-09,14841.150283813477,14841.150283813477,14841.150283813477,14841.150283813477,0
2024-04-10,14926.400184631348,14926.400184631348,14926.400184631348,14926.400184631348,0
2024-04-12,14865.400314331055,14865.400314331055,14865.400314331055,14865.400314331055,0
2024-04-15,14636.0502243042,14636.0502243042,14636.0502243042,14636.0502243042,0
2024-04-16,14727.399826049805,14727.399826049805,14727.399826049805,14727.399826049805,0
2024-04-18,14723.600387573242,14723.600387573242,14723.600387573242,14723.600387573242,0
2024-04-19,14704.000473022461,14704.000473022461,14704.000473022461,14704.000473022461,0
2024-04-22,14871.800422668457,14871.800422668457,14871.800422668457,14871.800422668457,0
2024-04-23,15017.64965057373,15017.64965057373,15017.64965057373,15017.64965057373,0
2024-04-24,15133.85009765625,15133.85009765625,15133.85009765625,15133.85009765625,0
2024-04-25,15260.8003616333,15260.8003616333,15260.8003616333,15260.8003616333,0
2024-04-26,15334.099769592285,15334.099769592285,15334.099769592285,15334.099769592285,0
2024-04-29,15341.650009155273,15341.650009155273,15341.650009155273,15341.650009155273,0
2024-04-30,15349.349975585938,15349.349975585938,15349.349975585938,15349.349975585938,0
2024-05-02,15364.54963684082,15364.54963684082,15364.54963684082,15364.54963684082,0
2024-05-03,15309.200286865234,15309.200286865234,15309.200286865234,15309.200286865234,0
2024-05-06,15138.999938964844,15138.999938964844,15138.999938964844,15138.999938964844,0
2024-05-07,14869.89974975586,14869.89974975586,14869.89974975586,14869.89974975586,0
2024-05-08,14942.399978637695,14942.399978637695,14942.399978637695,14942.399978637695,0
2024-05-09,14546.299934387207,14546.299934387207,14546.299934387207,14546.299934387207,0
2024-05-10,14642.29965209961,14642.29965209961,14642.29965209961,14642.29965209961,0
2024-05-13,14590.100288391113,14590.100288391113,14590.100288391113,14590.100288391113,0
2024-05-14,14847.299575805664,14847.299575805664,14847.299575805664,14847.299575805664,0
2024-05-15,14959.750175476074,14959.750175476074,14959.750175476074,14959.750175476074,0
2024-05-16,15068.14956665039,15068.14956665039,15068.14956665039,15068.14956665039,0
2024-05-17,15306.249618530273,15306.249618530273,15306.249618530273,15306.249618530273,0
2024-05-21,15376.54972076416,15376.54972076416,15376.54972076416,15376.54972076416,0
2024-05-22,15358.050346374512,15358.050346374512,15358.050346374512,15358.050346374512,0
2024-05-23,15391.200065612793,15391.200065612793,15391.200065612793,15391.200065612793,0
2024-05-24,15372.599601745605,15372.599601745605,15372.599601745605,15372.599601745605,0
2024-05-27,15440.150260925293,15440.150260925293,15440.150260925293,15440.150260925293,0
2024-05-28,15281.949996948242,15281.949996948242,15281.949996948242,15281.949996948242,0
2024-05-29,15293.549537658691,15293.549537658691,15293.549537658691,15293.549537658691,0
2024-05-30,15066.399574279785,15066.399574279785,15066.399574279785,15066.399574279785,0
2024-05-31,15140.15007019043,15140.15007019043,15140.15007019043,15140.15007019043,0
2024-06-03,15448.349952697754,15448.349952697754,15448.349952697754,15448.349952697754,0
2024-06-04,14307.100296020508,14307.100296020508,14307.100296020508,14307.100296020508,0
2024-06-05,14782.600402832031,14782.600402832031,14782.600402832031,14782.600402832031,0
2024-06-06,15252.799987792969,15252.799987792969,15252.799987792969,15252.799987792969,0
2024-06-07,15599.04956817627,15599.04956817627,15599.04956817627,15599.04956817627,0
2024-06-10,15806.249618530273,15806.249618530273,15806.249618530273,15806.249618530273,0
2024-06-11,15902.899742126465,15902.899742126465,15902.899742126465,15902.899742126465,0
2024-06-12,16046.449661254883,16046.449661254883,16046.449661254883,16046.449661254883,0
2024-06-13,16178.800582885742,16178.800582885742,16178.800582885742,16178.800582885742,0
2024-06-14,16317.850112915039,16317.850112915039,16317.850112915039,16317.850112915039,0
2024-06-18,16473.30093383789,16473.30093383789,16473.30093383789,16473.30093383789,0
2024-06-19,16410.350799560547,16410.350799560547,16410.350799560547,16410.350799560547,0
2024-06-20,16518.10073852539,16518.10073852539,16518.10073852539,16518.10073852539,0
2024-06-21,16510.20050048828,16510.20050048828,16510.20050048828,16510.20050048828,0
2024-06-24,16512.300491333008,16512.300491333008,16512.300491333008,16512.300491333008,0
2024-06-25,16520.450592041016,16520.450592041016,16520.450592041016,16520.450592041016,0
2024-06-26,16557.199478149414,16557.199478149414,16557.199478149414,16557.199478149414,0
2024-06-27,16462.099075317383,16462.099075317383,16462.099075317383,16462.099075317383,0
2024-06-28,16573.49967956543,16573.49967956543,16573.49967956543,16573.49967956543,0
2024-07-01,16818.950653076172,16818.950653076172,16818.950653076172,16818.950653076172,0
2024-07-02,16792.949676513672,16792.949676513672,16792.949676513672,16792.949676513672,0
2024-07-03,16942.699432373047,16942.699432373047,16942.699432373047,16942.699432373047,0
2024-07-04,17038.299560546875,17038.299560546875,17038.299560546875,17038.299560546875,0
2024-07-05,17154.150009155273,17154.150009155273,17154.150009155273,17154.150009155273,0
2024-07-08,17106.700897216797,17106.700897216797,17106.700897216797,17106.700897216797,0
2024-07-09,17147.750854492188,17147.750854492188,17147.750854492188,17147.750854492188,0
2024-07-10,17029.699325561523,17029.699325561523,17029.699325561523,17029.699325561523,0
2024-07-11,17133.44955444336,17133.44955444336,17133.44955444336,17133.44955444336,0
2024-07-12,17121.79946899414,17121.79946899414,17121.79946899414,17121.79946899414,0
2024-07-15,17182.050704956055,17182.050704956055,17182.050704956055,17182.050704956055,0
2024-07-16,17216.999053955078,17216.999053955078,17216.999053955078,17216.999053955078,0
2024-07-18,17028.200149536133,17028.200149536133,17028.200149536133,17028.200149536133,0
2024-07-19,16630.149841308594,16630.149841308594,16630.149841308594,16630.149841308594,0
2024-07-22,16778.350830078125,16778.350830078125,16778.350830078125,16778.350830078125,0
2024-07-23,16677.8507232666,16677.8507232666,16677.8507232666,16677.8507232666,0
2024-07-24,16988.849639892578,16988.849639892578,16988.849639892578,16988.849639892578,0
2024-07-25,16940.149307250977,16940.149307250977,16940.149307250977,16940.149307250977,0
2024-07-26,17099.599838256836,17099.599838256836,17099.599838256836,17099.599838256836,0
2024-07-29,17283.000946044922,17283.000946044922,17283.000946044922,17283.000946044922,0
2024-07-30,17426.64909362793,17426.64909362793,17426.64909362793,17426.64909362793,0
2024-07-31,17392.7001953125,17392.7001953125,17392.7001953125,17392.7001953125,0
2024-08-01,17272.1004486084,17272.1004486084,17272.1004486084,17272.1004486084,0
2024-08-02,17132.049560546875,17132.049560546875,17132.049560546875,17132.049560546875,0
2024-08-05,16416.900634765625,16416.900634765625,16416.900634765625,16416.900634765625,0
2024-08-06,16352.699279785156,16352.699279785156,16352.699279785156,16352.699279785156,0
2024-08-07,16741.69921875,16741.69921875,16741.69921875,16741.69921875,0
2024-08-08,16692.60025024414,16692.60025024414,16692.60025024414,16692.60025024414,0
2024-08-09,16801.149368286133,16801.149368286133,16801.149368286133,16801.149368286133,0
2024-08-12,16858.35075378418,16858.35075378418,16858.35075378418,16858.35075378418,0
2024-08-13,16649.049758911133,16649.049758911133,16649.049758911133,16649.049758911133,0
2024-08-14,16558.149337768555,16558.149337768555,16558.149337768555,16558.149337768555,0
2024-08-16,16833.749771118164,16833.749771118164,16833.749771118164,16833.749771118164,0
2024-08-19,17087.15057373047,17087.15057373047,17087.15057373047,17087.15057373047,0
2024-08-20,17182.80029296875,17182.80029296875,17182.80029296875,17182.80029296875,0
2024-08-21,17368.549346923828,17368.549346923828,17368.549346923828,17368.549346923828,0
2024-08-22,17425.949096679688,17425.949096679688,17425.949096679688,17425.949096679688,0
2024-08-23,17450.149536132812,17450.149536132812,17450.149536132812,17450.149536132812,0
2024-08-26,17523.1990814209,17523.1990814209,17523.1990814209,17523.1990814209,0
2024-08-27,17658.050537109375,17658.050537109375,17658.050537109375,17658.050537109375,0
2024-08-28,17619.749069213867,17619.749069213867,17619.749069213867,17619.749069213867,0
2024-08-29,17521.74949645996,17521.74949645996,17521.74949645996,17521.74949645996,0
2024-08-30,17613.950729370117,17613.950729370117,17613.950729370117,17613.950729370117,0
2024-09-02,17598.55079650879,17598.55079650879,17598.55079650879,17598.55079650879,0
2024-09-03,17701.250076293945,17701.250076293945,17701.250076293945,17701.250076293945,0
2024-09-04,17756.099700927734,17756.099700927734,17756.099700927734,17756.099700927734,0
2024-09-05,17903.15055847168,17903.15055847168,17903.15055847168,17903.15055847168,0
2024-09-06,17727.550506591797,17727.550506591797,17727.550506591797,17727.550506591797,0
2024-09-09,17582.149505615234,17582.149505615234,17582.149505615234,17582.149505615234,0
2024-09-10,17802.249908447266,17802.249908447266,17802.249908447266,17802.249908447266,0
2024-09-11,17661.89956665039,17661.89956665039,17661.89956665039,17661.89956665039,0
2024-09-12,17801.050186157227,17801.050186157227,17801.050186157227,17801.050186157227,0
2024-09-13,17958.599090576172,17958.599090576172,17958.599090576172,17958.599090576172,0
2024-09-16,17988.70086669922,17988.70086669922,17988.70086669922,17988.70086669922,0
2024-09-17,17957.050323486328,17957.050323486328,17957.050323486328,17957.050323486328,0
2024-09-18,17894.100189208984,17894.100189208984,17894.100189208984,17894.100189208984,0
2024-09-19,17696.950912475586,17696.950912475586,17696.950912475586,17696.950912475586,0
2024-09-20,17886.150360107422,17886.150360107422,17886.150360107422,17886.150360107422,0
2024-09-23,18034.650802612305,18034.650802612305,18034.650802612305,18034.650802612305,0
2024-09-24,17997.249603271484,17997.249603271484,17997.249603271484,17997.249603271484,0
2024-09-25,17932.249069213867,17932.249069213867,17932.249069213867,17932.249069213867,0
2024-09-26,17853.099822998047,17853.099822998047,17853.099822998047,17853.099822998047,0
2024-09-27,17810.749053955078,17810.749053955078,17810.749053955078,17810.749053955078,0
2024-09-30,17817.19970703125,17817.19970703125,17817.19970703125,17817.19970703125,0
2024-10-01,17933.799743652344,17933.799743652344,17933.799743652344,17933.799743652344,0
2024-10-03,17592.25082397461,17592.25082397461,17592.25082397461,17592.25082397461,0
2024-10-04,17439.550399780273,17439.550399780273,17439.550399780273,17439.550399780273,0
2024-10-07,16948.200225830078,16948.200225830078,16948.200225830078,16948.200225830078,0
2024-10-08,17303.600311279297,17303.600311279297,17303.600311279297,17303.600311279297,0
2024-10-09,17517.200469970703,17517.200469970703,17517.200469970703,17517.200469970703,0
2024-10-10,17539.3009185791,17539.3009185791,17539.3009185791,17539.3009185791,0
2024-10-11,17621.549606323242,17621.549606323242,17621.549606323242,17621.549606323242,0
2024-10-14,17670.549392700195,17670.549392700195,17670.549392700195,17670.549392700195,0
2024-10-15,17865.8504486084,17865.8504486084,17865.8504486084,17865.8504486084,0
2024-10-16,17902.3494720459,17902.3494720459,17902.3494720459,17902.3494720459,0
2024-10-17,17648.75030517578,17648.75030517578,17648.75030517578,17648.75030517578,0
2024-10-18,17641.09992980957,17641.09992980957,17641.09992980957,17641.09992980957,0
2024-10-21,17349.39956665039,17349.39956665039,17349.39956665039,17349.39956665039,0
2024-10-22,16710.30044555664,16710.30044555664,16710.30044555664,16710.30044555664,0
2024-10-23,16884.000778198242,16884.000778198242,16884.000778198242,16884.000778198242,0
2024-10-24,16783.050537109375,16783.050537109375,16783.050537109375,16783.050537109375,0
2024-10-25,16399.599075317383,16399.599075317383,16399.599075317383,16399.599075317383,0
2024-10-28,16587.249755859375,16587.249755859375,16587.249755859375,16587.249755859375,0
2024-10-29,16709.24949645996,16709.24949645996,16709.24949645996,16709.24949645996,0
2024-10-30,16907.100677490234,16907.100677490234,16907.100677490234,16907.100677490234,0
2024-10-31,17165.550231933594,17165.550231933594,17165.550231933594,17165.550231933594,0
2024-11-04,17027.250289916992,17027.250289916992,17027.250289916992,17027.250289916992,0
2024-11-05,17109.050750732422,17109.050750732422,17109.050750732422,17109.050750732422,0
2024-11-06,17430.54962158203,17430.54962158203,17430.54962158203,17430.54962158203,0
2024-11-07,17322.00050354004,17322.00050354004,17322.00050354004,17322.00050354004,0
2024-11-08,17052.499771118164,17052.499771118164,17052.499771118164,17052.499771118164,0
2024-11-11,16847.999572753906,16847.999572753906,16847.999572753906,16847.999572753906,0
2024-11-12,16627.79998779297,16627.79998779297,16627.79998779297,16627.79998779297,0
2024-11-13,16119.049072265625,16119.049072265625,16119.049072265625,16119.049072265625,0
2024-11-14,16246.349334716797,16246.349334716797,16246.349334716797,16246.349334716797,0
2024-11-18,16140.649795532227,16140.649795532227,16140.649795532227,16140.649795532227,0
2024-11-19,16288.150787353516,16288.150787353516,16288.150787353516,16288.150787353516,0
2024-11-21,16193.199157714844,16193.199157714844,16193.199157714844,16193.199157714844,0
2024-11-22,16351.54914855957,16351.54914855957,16351.54914855957,16351.54914855957,0
2024-11-25,16695.80078125,16695.80078125,16695.80078125,16695.80078125,0
2024-11-26,16798.00033569336,16798.00033569336,16798.00033569336,16798.00033569336,0
2024-11-27,16968.9998626709,16968.9998626709,16968.9998626709,16968.9998626709,0
2024-11-28,16992.700576782227,16992.700576782227,16992.700576782227,16992.700576782227,0
2024-11-29,17129.499435424805,17129.499435424805,17129.499435424805,17129.499435424805,0
2024-12-02,17247.600555419922,17247.600555419922,17247.600555419922,17247.600555419922,0
2024-12-03,17408.349990844727,17408.349990844727,17408.349990844727,17408.349990844727,0
2024-12-04,17539.44969177246,17539.44969177246,17539.44969177246,17539.44969177246,0
2024-12-05,17622.800827026367,17622.800827026367,17622.800827026367,17622.800827026367,0
2024-12-06,17717.449188232422,17717.449188232422,17717.449188232422,17717.449188232422,0
2024-12-09,17781.200408935547,17781.200408935547,17781.200408935547,17781.200408935547,0
2024-12-10,17833.049774169922,17833.049774169922,17833.049774169922,17833.049774169922,0
2024-12-11,17882.79914855957,17882.79914855957,17882.79914855957,17882.79914855957,0
2024-12-12,17715.79933166504,17715.79933166504,17715.79933166504,17715.79933166504,0
2024-12-13,17650.999069213867,17650.999069213867,17650.999069213867,17650.999069213867,0
2024-12-16,17727.249145507812,17727.249145507812,17727.249145507812,17727.249145507812,0
2024-12-17,17628.299713134766,17628.299713134766,17628.299713134766,17628.299713134766,0
2024-12-18,17508.60023498535,17508.60023498535,17508.60023498535,17508.60023498535,0
2024-12-19,17448.850631713867,17448.850631713867,17448.850631713867,17448.850631713867,0
2024-12-20,17097.450256347656,17097.450256347656,17097.450256347656,17097.450256347656,0
2024-12-23,17023.149490356445,17023.149490356445,17023.149490356445,17023.149490356445,0
2024-12-24,17075.149536132812,17075.149536132812,17075.149536132812,17075.149536132812,0
2024-12-26,17069.400787353516,17069.400787353516,17069.400787353516,17069.400787353516,0
2024-12-27,17115.049362182617,17115.049362182617,17115.049362182617,17115.049362182617,0
2024-12-30,17038.150787353516,17038.150787353516,17038.150787353516,17038.150787353516,0
2024-12-31,17147.64976501465,17147.64976501465,17147.64976501465,17147.64976501465,0
2025-01-01,17298.250198364258,17298.250198364258,17298.250198364258,17298.250198364258,0
2025-01-02,17393.299102783203,17393.299102783203,17393.299102783203,17393.299102783203,0
2025-01-03,17359.149932861328,17359.149932861328,17359.149932861328,17359.149932861328,0
2025-01-06,16858.49952697754,16858.49952697754,16858.49952697754,16858.49952697754,0
2025-01-07,17096.099853515625,17096.099853515625,17096.099853515625,17096.099853515625,0
2025-01-08,16859.55047607422,16859.55047607422,16859.55047607422,16859.55047607422,0
2025-01-09,16662.54997253418,16662.54997253418,16662.54997253418,16662.54997253418,0
2025-01-10,16256.050109863281,16256.050109863281,16256.050109863281,16256.050109863281,0
2025-01-13,15605.75008392334,15605.75008392334,15605.75008392334,15605.75008392334,0
2025-01-14,15858.799934387207,15858.799934387207,15858.799934387207,15858.799934387207,0
2025-01-15,15941.499710083008,15941.499710083008,15941.499710083008,15941.499710083008,0
2025-01-16,16133.699417114258,16133.699417114258,16133.699417114258,16133.699417114258,0
2025-01-17,16126.150131225586,16126.150131225586,16126.150131225586,16126.150131225586,0
2025-01-20,16260.749816894531,16260.749816894531,16260.749816894531,16260.749816894531,0
2025-01-21,15916.350364685059,15916.350364685059,15916.350364685059,15916.350364685059,0
2025-01-22,15662.099838256836,15662.099838256836,15662.099838256836,15662.099838256836,0
2025-01-23,15788.900375366211,15788.900375366211,15788.900375366211,15788.900375366211,0
2025-01-24,15450.349807739258,15450.349807739258,15450.349807739258,15450.349807739258,0
2025-01-27,14885.149955749512,14885.149955749512,14885.149955749512,14885.149955749512,0
2025-01-28,14614.049911499023,14614.049911499023,14614.049911499023,14614.049911499023,0
2025-01-29,15074.700355529785,15074.700355529785,15074.700355529785,15074.700355529785,0
2025-01-30,15047.849655151367,15047.849655151367,15047.849655151367,15047.849655151367,0
2025-01-31,15304.849624633789,15304.849624633789,15304.849624633789,15304.849624633789,0
2025-02-03,15138.050079345703,15138.050079345703,15138.050079345703,15138.050079345703,0
2025-02-04,15309.200286865234,15309.200286865234,15309.200286865234,15309.200286865234,0
2025-02-05,15548.450469970703,15548.450469970703,15548.450469970703,15548.450469970703,0
2025-02-06,15542.550086975098,15542.550086975098,15542.550086975098,15542.550086975098,0
2025-02-07,15483.400344848633,15483.400344848633,15483.400344848633,15483.400344848633,0
2025-02-10,15153.149604797363,15153.149604797363,15153.149604797363,15153.149604797363,0
2025-02-11,14636.099815368652,14636.099815368652,14636.099815368652,14636.099815368652,0
2025-02-12,14533.249855041504,14533.249855041504,14533.249855041504,14533.249855041504,0
2025-02-13,14481.949806213379,14481.949806213379,14481.949806213379,14481.949806213379,0
2025-02-14,14004.449844360352,14004.449844360352,14004.449844360352,14004.449844360352,0
2025-02-17,13971.599578857422,13971.599578857422,13971.599578857422,13971.599578857422,0
2025-02-18,13779.250144958496,13779.250144958496,13779.250144958496,13779.250144958496,0
2025-02-19,14087.949752807617,14087.949752807617,14087.949752807617,14087.949752807617,0
2025-02-20,14259.900093078613,14259.900093078613,14259.900093078613,14259.900093078613,0
2025-02-21,14180.649757385254,14180.649757385254,14180.649757385254,14180.649757385254,0
2025-02-24,14008.999824523926,14008.999824523926,14008.999824523926,14008.999824523926,0
2025-02-25,13946.200370788574,13946.200370788574,13946.200370788574,13946.200370788574,0
2025-02-27,13712.750434875488,13712.750434875488,13712.750434875488,13712.750434875488,0
2025-02-28,13369.500160217285,13369.500160217285,13369.500160217285,13369.500160217285,0
2025-03-03,13283.100128173828,13283.100128173828,13283.100128173828,13283.100128173828,0
2025-03-04,13434.650421142578,13434.650421142578,13434.650421142578,13434.650421142578,0
2025-03-05,13797.599792480469,13797.599792480469,13797.599792480469,13797.599792480469,0
2025-03-06,14001.150131225586,14001.150131225586,14001.150131225586,14001.150131225586,0
2025-03-07,14096.500396728516,14096.500396728516,14096.500396728516,14096.500396728516,0
2025-03-10,13827.65007019043,13827.65007019043,13827.65007019043,13827.65007019043,0
2025-03-11,13737.549781799316,13737.549781799316,13737.549781799316,13737.549781799316,0
2025-03-12,13700.200080871582,13700.200080871582,13700.200080871582,13700.200080871582,0
2025-03-13,13605.549812316895,13605.549812316895,13605.549812316895,13605.549812316895,0
2025-03-17,13648.599624633789,13648.599624633789,13648.599624633789,13648.599624633789,0
2025-03-18,14010.499954223633,14010.499954223633,14010.499954223633,14010.499954223633,0
2025-03-19,14289.199829101562,14289.199829101562,14289.199829101562,14289.199829101562,0
2025-03-20,14400.400161743164,14400.400161743164,14400.400161743164,14400.400161743164,0
2025-03-21,14708.700180053711,14708.700180053711,14708.700180053711,14708.700180053711,0
2025-03-24,14852.19955444336,14852.19955444336,14852.19955444336,14852.19955444336,0
2025-03-25,14651.650428771973,14651.650428771973,14651.650428771973,14651.650428771973,0
2025-03-26,14444.600105285645,14444.600105285645,14444.600105285645,14444.600105285645,0
2025-03-27,14580.849647521973,14580.849647521973,14580.849647521973,14580.849647521973,0
2025-03-28,14485.549926757812,14485.549926757812,14485.549926757812,14485.549926757812,0
2025-04-01,14414.899826049805,14414.899826049805,14414.899826049805,14414.899826049805,0
2025-04-02,14557.299613952637,14557.299613952637,14557.299613952637,14557.299613952637,0
2025-04-03,14657.85026550293,14657.85026550293,14657.85026550293,14657.85026550293,0
2025-04-04,14173.35033416748,14173.35033416748,14173.35033416748,14173.35033416748,0
2025-04-07,13607.150077819824,13607.150077819824,13607.150077819824,13607.150077819824,0
2025-04-08,13901.599884033203,13901.599884033203,13901.599884033203,13901.599884033203,0
2025-04-09,13754.799842834473,13754.799842834473,13754.799842834473,13754.799842834473,0
2025-04-11,14175.999641418457,14175.999641418457,14175.999641418457,14175.999641418457,0
2025-04-15,14606.249809265137,14606.249809265137,14606.249809265137,14606.249809265137,0
2025-04-16,14742.400169372559,14742.400169372559,14742.400169372559,14742.400169372559,0
2025-04-17,14808.40015411377,14808.40015411377,14808.40015411377,14808.40015411377,0
2025-04-21,15094.200134277344,15094.200134277344,15094.200134277344,15094.200134277344,0
2025-04-22,15214.65015411377,15214.65015411377,15214.65015411377,15214.65015411377,0
2025-04-23,15257.450103759766,15257.450103759766,15257.450103759766,15257.450103759766,0
2025-04-24,15249.449729919434,15249.449729919434,15249.449729919434,15249.449729919434,0
2025-04-25,14874.650001525879,14874.650001525879,14874.650001525879,14874.650001525879,0
2025-04-28,14953.200340270996,14953.200340270996,14953.200340270996,14953.200340270996,0
2025-04-29,14984.049797058105,14984.049797058105,14984.049797058105,14984.049797058105,0
2025-04-30,14715.849876403809,14715.849876403809,14715.849876403809,14715.849876403809,0
2025-05-02,14710.350036621094,14710.350036621094,14710.350036621094,14710.350036621094,0
2025-05-05,14875.900268554688,14875.900268554688,14875.900268554688,14875.900268554688,0
2025-05-06,14543.749809265137,14543.749809265137,14543.749809265137,14543.749809265137,0
2025-05-07,14717.249870300293,14717.249870300293,14717.249870300293,14717.249870300293,0
2025-05-08,14542.550086975098,14542.550086975098,14542.550086975098,14542.550086975098,0
2025-05-09,14447.199821472168,14447.199821472168,14447.199821472168,14447.199821472168,0
2025-05-12,15025.899887084961,15025.899887084961,15025.899887084961,15025.899887084961,0
2025-05-13,15151.14974975586,15151.14974975586,15151.14974975586,15151.14974975586,0
2025-05-14,15364.100456237793,15364.100456237793,15364.100456237793,15364.100456237793,0
2025-05-15,15480.34954071045,15480.34954071045,15480.34954071045,15480.34954071045,0
2025-05-16,15717.550277709961,15717.550277709961,15717.550277709961,15717.550277709961,0
2025-05-19,15822.799682617188,15822.799682617188,15822.799682617188,15822.799682617188,0
2025-05-20,15680.549621582031,15680.549621582031,15680.549621582031,15680.549621582031,0
2025-05-21,15745.849609375,15745.849609375,15745.849609375,15745.849609375,0
2025-05-22,15744.89974975586,15744.89974975586,15744.89974975586,15744.89974975586,0
2025-05-23,15837.050437927246,15837.050437927246,15837.050437927246,15837.050437927246,0
2025-05-26,15918.549537658691,15918.549537658691,15918.549537658691,15918.549537658691,0
2025-05-27,15936.650276184082,15936.650276184082,15936.650276184082,15936.650276184082,0
2025-05-28,16001.850128173828,16001.850128173828,16001.850128173828,16001.850128173828,0
2025-05-29,16071.599960327148,16071.599960327148,16071.599960327148,16071.599960327148,0
2025-05-30,16124.149322509766,16124.149322509766,16124.149322509766,16124.149322509766,0
2025-06-02,16238.700866699219,16238.700866699219,16238.700866699219,16238.700866699219,0
2025-06-03,16255.899429321289,16255.899429321289,16255.899429321289,16255.899429321289,0
2025-06-04,16341.249465942383,16341.249465942383,16341.249465942383,16341.249465942383,0
2025-06-05,16449.050903320312,16449.050903320312,16449.050903320312,16449.050903320312,0
2025-06-06,16556.350708007812,16556.350708007812,16556.350708007812,16556.350708007812,0
2025-06-09,16774.499893188477,16774.499893188477,16774.499893188477,16774.499893188477,0
2025-06-10,16801.950454711914,16801.950454711914,16801.950454711914,16801.950454711914,0
2025-06-11,16786.75079345703,16786.75079345703,16786.75079345703,16786.75079345703,0
2025-06-12,16546.499252319336,16546.499252319336,16546.499252319336,16546.499252319336,0
2025-06-13,16483.800888061523,16483.800888061523,16483.800888061523,16483.800888061523,0
2025-06-16,16564.800262451172,16564.800262451172,16564.800262451172,16564.800262451172,0
2025-06-17,16450.450897216797,16450.450897216797,16450.450897216797,16450.450897216797,0
2025-06-18,16417.749404907227,16417.749404907227,16417.749404907227,16417.749404907227,0
2025-06-19,16101.150512695312,16101.150512695312,16101.150512695312,16101.150512695312,0
2025-06-20,16200.199127197266,16200.199127197266,16200.199127197266,16200.199127197266,0
2025-06-23,16325.899124145508,16325.899124145508,16325.899124145508,16325.899124145508,0
2025-06-24,16452.24952697754,16452.24952697754,16452.24952697754,16452.24952697754,0
2025-06-25,16715.200424194336,16715.200424194336,16715.200424194336,16715.200424194336,0
2025-06-26,16757.699966430664,16757.699966430664,16757.699966430664,16757.699966430664,0
2025-06-27,16892.749786376953,16892.749786376953,16892.749786376953,16892.749786376953,0
2025-06-30,17039.69955444336,17039.69955444336,17039.69955444336,17039.69955444336,0
2025-07-01,17005.300521850586,17005.300521850586,17005.300521850586,17005.300521850586,0
2025-07-02,16938.899993896484,16938.899993896484,16938.899993896484,16938.899993896484,0
2025-07-03,17000.54931640625,17000.54931640625,17000.54931640625,17000.54931640625,0
2025-07-04,17005.699157714844,17005.699157714844,17005.699157714844,17005.699157714844,0
2025-07-07,16970.050811767578,16970.050811767578,16970.050811767578,16970.050811767578,0
2025-07-08,16929.800033569336,16929.800033569336,16929.800033569336,16929.800033569336,0
2025-07-09,17022.80044555664,17022.80044555664,17022.80044555664,17022.80044555664,0
2025-07-10,17010.99967956543,17010.99967956543,17010.99967956543,17010.99967956543,0
2025-07-11,16892.749786376953,16892.749786376953,16892.749786376953,16892.749786376953,0
2025-07-14,17047.75047302246,17047.75047302246,17047.75047302246,17047.75047302246,0
2025-07-15,17185.400009155273,17185.400009155273,17185.400009155273,17185.400009155273,0
2025-07-16,17215.049743652344,17215.049743652344,17215.049743652344,17215.049743652344,0
2025-07-17,17261.350631713867,17261.350631713867,17261.350631713867,17261.350631713867,0
2025-07-18,17146.799087524414,17146.799087524414,17146.799087524414,17146.799087524414,0
2025-07-21,17127.300262451172,17127.300262451172,17127.300262451172,17127.300262451172,0
2025-07-22,17068.500518798828,17068.500518798828,17068.500518798828,17068.500518798828,0
2025-07-23,17091.449737548828,17091.449737548828,17091.449737548828,17091.449737548828,0
2025-07-24,16979.85076904297,16979.85076904297,16979.85076904297,16979.85076904297,0
2025-07-25,16642.850875854492,16642.850875854492,16642.850875854492,16642.850875854492,0
2025-07-28,16434.600830078125,16434.600830078125,16434.600830078125,16434.600830078125,0
2025-07-29,16583.599090576172,16583.599090576172,16583.599090576172,16583.599090576172,0
2025-07-30,16566.850662231445,16566.850662231445,16566.850662231445,16566.850662231445,0
2025-07-31,16418.60008239746,16418.60008239746,16418.60008239746,16418.60008239746,0
2025-08-01,16153.249740600586,16153.249740600586,16153.249740600586,16153.249740600586,0
2025-08-04,16310.89973449707,16310.89973449707,16310.89973449707,16310.89973449707,0
2025-08-05,16259.349822998047,16259.349822998047,16259.349822998047,16259.349822998047,0
2025-08-06,16064.64958190918,16064.64958190918,16064.64958190918,16064.64958190918,0
2025-08-07,16052.999496459961,16052.999496459961,16052.999496459961,16052.999496459961,0
2025-08-08,15852.950096130371,15852.950096130371,15852.950096130371,15852.950096130371,0
2025-08-11,15925.049781799316,15925.049781799316,15925.049781799316,15925.049781799316,0
2025-08-12,15928.750038146973,15928.750038146973,15928.750038146973,15928.750038146973,0
2025-08-13,16031.049728393555,16031.049728393555,16031.049728393555,16031.049728393555,0
2025-08-14,15965.700149536133,15965.700149536133,15965.700149536133,15965.700149536133,0
2025-08-18,16176.599502563477,16176.599502563477,16176.599502563477,16176.599502563477,0
2025-08-19,16298.700332641602,16298.700332641602,16298.700332641602,16298.700332641602,0
2025-08-20,16353.750228881836,16353.750228881836,16353.750228881836,16353.750228881836,0
2025-08-21,16365.900039672852,16365.900039672852,16365.900039672852,16365.900039672852,0
2025-08-22,16340.950012207031,16340.950012207031,16340.950012207031,16340.950012207031,0
2025-08-25,16349.750518798828,16349.750518798828,16349.750518798828,16349.750518798828,0
2025-08-26,16046.550750732422,16046.550750732422,16046.550750732422,16046.550750732422,0
2025-08-28,15870.349884033203,15870.349884033203,15870.349884033203,15870.349884033203,0
2025-08-29,15819.700241088867,15819.700241088867,15819.700241088867,15819.700241088867,0
2025-09-01,16041.299819946289,16041.299819946289,16041.299819946289,16041.299819946289,0
2025-09-02,16136.600494384766,16136.600494384766,16136.600494384766,16136.600494384766,0
2025-09-03,16271.799087524414,16271.799087524414,16271.799087524414,16271.799087524414,0
2025-09-04,16163.249969482422,16163.249969482422,16163.249969482422,16163.249969482422,0
2025-09-05,16200.750350952148,16200.750350952148,16200.750350952148,16200.750350952148,0
2025-09-08,16229.74967956543,16229.74967956543,16229.74967956543,16229.74967956543,0
2025-09-09,16271.99935913086,16271.99935913086,16271.99935913086,16271.99935913086,0
2025-09-10,16380.64956665039,16380.64956665039,16380.64956665039,16380.64956665039,0
2025-09-11,16378.950119018555,16378.950119018555,16378.950119018555,16378.950119018555,0
2025-09-12,16432.199478149414,16432.199478149414,16432.199478149414,16432.199478149414,0
2025-09-15,16535.749435424805,16535.749435424805,16535.749435424805,16535.749435424805,0
2025-09-16,16657.74917602539,16657.74917602539,16657.74917602539,16657.74917602539,0
2025-09-17,16742.300033569336,16742.300033569336,16742.300033569336,16742.300033569336,0
2025-09-18,16752.750396728516,16752.750396728516,16752.750396728516,16752.750396728516,0
2025-09-19,16775.74920654297,16775.74920654297,16775.74920654297,16775.74920654297,0
2025-09-22,16620.849609375,16620.849609375,16620.849609375,16620.849609375,0
2025-09-23,16534.299850463867,16534.299850463867,16534.299850463867,16534.299850463867,0
2025-09-24,16443.700790405273,16443.700790405273,16443.700790405273,16443.700790405273,0
2025-09-25,16334.550857543945,16334.550857543945,16334.550857543945,16334.550857543945,0
2025-09-26,15984.25006866455,15984.25006866455,15984.25006866455,15984.25006866455,0
2025-09-29,15960.550308227539,15960.550308227539,15960.550308227539,15960.550308227539,0
2025-09-30,15982.70034790039,15982.70034790039,15982.70034790039,15982.70034790039,0
2025-10-01,16148.45085144043,16148.45085144043,16148.45085144043,16148.45085144043,0
2025-10-03,16287.050247192383,16287.050247192383,16287.050247192383,16287.050247192383,0
2025-10-06,16299.999237060547,16299.999237060547,16299.999237060547,16299.999237060547,0
2025-10-07,16317.350387573242,16317.350387573242,16317.350387573242,16317.350387573242,0
2025-10-08,16228.599548339844,16228.599548339844,16228.599548339844,16228.599548339844,0
2025-10-09,16277.200698852539,16277.200698852539,16277.200698852539,16277.200698852539,0
2025-10-10,16377.399444580078,16377.399444580078,16377.399444580078,16377.399444580078,0
2025-10-13,16328.699111938477,16328.699111938477,16328.699111938477,16328.699111938477,0
2025-10-14,16185.100555419922,16185.100555419922,16185.100555419922,16185.100555419922,0
2025-10-15,16317.350387573242,16317.350387573242,16317.350387573242,16317.350387573242,0
2025-10-16,16379.29916381836,16379.29916381836,16379.29916381836,16379.29916381836,0
2025-10-17,16340.200424194336,16340.200424194336,16340.200424194336,16340.200424194336,0
2025-10-20,16426.000595092773,16426.000595092773,16426.000595092773,16426.000595092773,0
2025-10-23,16499.70054626465,16499.70054626465,16499.70054626465,16499.70054626465,0
2025-10-27,16581.750869750977,16581.750869750977,16581.750869750977,16581.750869750977,0
2025-10-28,16596.84944152832,16596.84944152832,16596.84944152832,16596.84944152832,0
2025-10-29,16670.34912109375,16670.34912109375,16670.34912109375,16670.34912109375,0
2025-10-30,16658.449172973633,16658.449172973633,16658.449172973633,16658.449172973633,0
2025-10-31,16564.899444580078,16564.899444580078,16564.899444580078,16564.899444580078,0
2025-11-03,16679.550170898438,16679.550170898438,16679.550170898438,16679.550170898438,0
2025-11-04,16570.15037536621,16570.15037536621,16570.15037536621,16570.15037536621,0
2025-11-06,16321.950912475586,16321.950912475586,16321.950912475586,16321.950912475586,0
2025-11-07,16283.599853515625,16283.599853515625,16283.599853515625,16283.599853515625,0
2025-11-10,16281.850814819336,16281.850814819336,16281.850814819336,16281.850814819336,0
2025-11-11,16259.349822998047,16259.349822998047,16259.349822998047,16259.349822998047,0
2025-11-12,16379.449844360352,16379.449844360352,16379.449844360352,16379.449844360352,0
2025-11-13,16314.149856567383,16314.149856567383,16314.149856567383,16314.149856567383,0
2025-11-14,16345.75080871582,16345.75080871582,16345.75080871582,16345.75080871582,0
2025-11-17,16456.350326538086,16456.350326538086,16456.350326538086,16456.350326538086,0
2025-11-18,16288.549423217773,16288.549423217773,16288.549423217773,16288.549423217773,0
2025-11-19,16219.900131225586,16219.900131225586,16219.900131225586,16219.900131225586,0
2025-11-20,16204.349517822266,16204.349517822266,16204.349517822266,16204.349517822266,0
2025-11-21,16002.700805664062,16002.700805664062,16002.700805664062,16002.700805664062,0
2025-11-24,15898.550033569336,15898.550033569336,15898.550033569336,15898.550033569336,0
2025-11-25,15914.999961853027,15914.999961853027,15914.999961853027,15914.999961853027,0
2025-11-26,16102.550506591797,16102.550506591797,16102.550506591797,16102.550506591797,0
2025-11-27,16045.049667358398,16045.049667358398,16045.049667358398,16045.049667358398,0
2025-11-28,16008.949279785156,16008.949279785156,16008.949279785156,16008.949279785156,0
2025-12-01,16044.25048828125,16044.25048828125,16044.25048828125,16044.25048828125,0
2025-12-02,15972.949981689453,15972.949981689453,15972.949981689453,15972.949981689453,0
2025-12-03,15901.949882507324,15901.949882507324,15901.949882507324,15901.949882507324,0
2025-12-04,15863.750457763672,15863.750457763672,15863.750457763672,15863.750457763672,0
2025-12-05,15779.29973602295,15779.29973602295,15779.29973602295,15779.29973602295,0
2025-12-08,15419.699668884277,15419.699668884277,15419.699668884277,15419.699668884277,0
2025-12-09,15575.699806213379,15575.699806213379,15575.699806213379,15575.699806213379,0
2025-12-10,15464.799880981445,15464.799880981445,15464.799880981445,15464.799880981445,0
2025-12-11,15553.64990234375,15553.64990234375,15553.64990234375,15553.64990234375,0
2025-12-12,15682.900428771973,15682.900428771973,15682.900428771973,15682.900428771973,0
2025-12-15,15737.799644470215,15737.799644470215,15737.799644470215,15737.799644470215,0
2025-12-16,15615.949630737305,15615.949630737305,15615.949630737305,15615.949630737305,0
2025-12-17,15503.14998626709,15503.14998626709,15503.14998626709,15503.14998626709,0
2025-12-18,15485.050201416016,15485.050201416016,15485.050201416016,15485.050201416016,0
2025-12-19,15691.24984741211,15691.24984741211,15691.24984741211,15691.24984741211,0
2025-12-22,15841.150283813477,15841.150283813477,15841.150283813477,15841.150283813477,0
2025-12-23,15906.900405883789,15906.900405883789,15906.900405883789,15906.900405883789,0
2025-12-24,15915.849685668945,15915.849685668945,15915.849685668945,15915.849685668945,0
2025-12-26,15885.649681091309,15885.649681091309,15885.649681091309,15885.649681091309,0
2025-12-29,15800.200462341309,15800.200462341309,15800.200462341309,15800.200462341309,0
2025-12-30,15766.850471496582,15766.850471496582,15766.850471496582,15766.850471496582,0
2025-12-31,15950.900077819824,15950.900077819824,15950.900077819824,15950.900077819824,0
2026-01-01,15934.499740600586,15934.499740600586,15934.499740600586,15934.499740600586,0
2026-01-02,16056.100845336914,16056.100845336914,16056.100845336914,16056.100845336914,0
2026-01-05,16100.650787353516,16100.650787353516,16100.650787353516,16100.650787353516,0
2026-01-06,16050.800323486328,16050.800323486328,16050.800323486328,16050.800323486328,0
2026-01-07,16073.850631713867,16073.850631713867,16073.850631713867,16073.850631713867,0
2026-01-08,15761.300086975098,15761.300086975098,15761.300086975098,15761.300086975098,0
2026-01-09,15493.849754333496,15493.849754333496,15493.849754333496,15493.849754333496,0
2026-01-12,15389.699935913086,15389.699935913086,15389.699935913086,15389.699935913086,0
2026-01-13,15488.59977722168,15488.59977722168,15488.59977722168,15488.59977722168,0
2026-01-14,15563.150405883789,15563.150405883789,15563.150405883789,15563.150405883789,0
2026-01-16,15489.60018157959,15489.60018157959,15489.60018157959,15489.60018157959,0
2026-01-19,15313.699722290039,15313.699722290039,15313.699722290039,15313.699722290039,0
2026-01-20,14903.599739074707,14903.599739074707,14903.599739074707,14903.599739074707,0
2026-01-21,14793.299674987793,14793.299674987793,14793.299674987793,14793.299674987793,0
2026-01-22,14926.799774169922,14926.799774169922,14926.799774169922,14926.799774169922,0
2026-01-23,14636.150360107422,14636.150360107422,14636.150360107422,14636.150360107422,0
2026-01-27,14664.649963378906,14664.649963378906,14664.649963378906,14664.649963378906,0
2026-01-28,14945.249557495117,14945.249557495117,14945.249557495117,14945.249557495117,0
2026-01-29,14937.100410461426,14937.100410461426,14937.100410461426,14937.100410461426,0
2026-01-30,15064.70012664795,15064.70012664795,15064.70012664795,15064.70012664795,0
2026-02-02,14819.1499710083,14819.1499710083,14819.1499710083,14819.1499710083,0
2026-02-03,15253.350257873535,15253.350257873535,15253.350257873535,15253.350257873535,0
2026-02-04,15370.949745178223,15370.949745178223,15370.949745178223,15370.949745178223,0
2026-02-05,15213.10043334961,15213.10043334961,15213.10043334961,15213.10043334961,0
2026-02-06,15160.94970703125,15160.94970703125,15160.94970703125,15160.94970703125,0
2026-02-09,15545.999526977539,15545.999526977539,15545.999526977539,15545.999526977539,0
2026-02-10,15623.800277709961,15623.800277709961,15623.800277709961,15623.800277709961,0
2026-02-11,15643.349647521973,15643.349647521973,15643.349647521973,15643.349647521973,0
2026-02-12,15528.7504196167,15528.7504196167,15528.7504196167,15528.7504196167,0
2026-02-13,15279.850006103516,15279.850006103516,15279.850006103516,15279.850006103516,0
2026-02-16,15271.80004119873,15271.80004119873,15271.80004119873,15271.80004119873,0
2026-02-17,15385.299682617188,15385.299682617188,15385.299682617188,15385.299682617188,0
2026-02-18,15462.800025939941,15462.800025939941,15462.800025939941,15462.800025939941,0
2026-02-19,15278.249740600586,15278.249740600586,15278.249740600586,15278.249740600586,0
2026-02-20,15251.850128173828,15251.850128173828,15251.850128173828,15251.850128173828,0
2026-02-23,15316.749572753906,15316.749572753906,15316.749572753906,15316.749572753906,0
2026-02-24,15225.700378417969,15225.700378417969,15225.700378417969,15225.700378417969,0
2026-02-25,15323.450088500977,15323.450088500977,15323.450088500977,15323.450088500977,0
2026-02-26,15334.30004119873,15334.30004119873,15334.30004119873,15334.30004119873,0
2026-02-27,15174.949645996094,15174.949645996094,15174.949645996094,15174.949645996094,0
2026-03-02,14886.59954071045,14886.59954071045,14886.59954071045,14886.59954071045,0
2026-03-04,14571.049690246582,14571.049690246582,14571.049690246582,14571.049690246582,0
2026-03-05,14776.000022888184,14776.000022888184,14776.000022888184,14776.000022888184,0
2026-03-06,14734.299659729004,14734.299659729004,14734.299659729004,14734.299659729004,0
2026-03-09,14390.700340270996,14390.700340270996,14390.700340270996,14390.700340270996,0
2026-03-10,14697.95036315918,14697.95036315918,14697.95036315918,14697.95036315918,0
2026-03-11,14640.899658203125,14640.899658203125,14640.899658203125,14640.899658203125,0
2026-03-12,14583.100318908691,14583.100318908691,14583.100318908691,14583.100318908691,0
2026-03-13,14192.150115966797,14192.150115966797,14192.150115966797,14192.150115966797,0
2026-03-16,14140.600204467773,14140.600204467773,14140.600204467773,14140.600204467773,0
2026-03-17,14221.150398254395,14221.150398254395,14221.150398254395,14221.150398254395,0
2026-03-18,14472.84984588623,14472.84984588623,14472.84984588623,14472.84984588623,0
2026-03-19,14090.250015258789,14090.250015258789,14090.250015258789,14090.250015258789,0
2026-03-20,14126.749992370605,14126.749992370605,14126.749992370605,14126.749992370605,0
2026-03-23,13592.300415039062,13592.300415039062,13592.300415039062,13592.300415039062,0
2026-03-24,13917.750358581543,13917.750358581543,13917.750358581543,13917.750358581543,0
2026-03-25,14263.95034790039,14263.95034790039,14263.95034790039,14263.95034790039,0
2026-03-27,13989.800453186035,13989.800453186035,13989.800453186035,13989.800453186035,0
2026-03-30,13637.749671936035,13637.749671936035,13637.749671936035,13637.749671936035,0
2026-04-01,14075.799942016602,14075.799942016602,14075.799942016602,14075.799942016602,0
2026-04-02,14052.70004272461,14052.70004272461,14052.70004272461,14052.70004272461,0
2026-04-06,14201.250076293945,14201.250076293945,14201.250076293945,14201.250076293945,0
2026-04-07,14218.999862670898,14218.999862670898,14218.999862670898,14218.999862670898,0
2026-04-08,14774.049758911133,14774.049758911133,14774.049758911133,14774.049758911133,0
2026-04-09,14792.949676513672,14792.949676513672,14792.949676513672,14792.949676513672,0
2026-04-10,15030.349731445312,15030.349731445312,15030.349731445312,15030.349731445312,0
2026-04-13,14967.300415039062,14967.300415039062,14967.300415039062,14967.300415039062,0
2026-04-15,15313.300132751465,15313.300132751465,15313.300132751465,15313.300132751465,0
2026-04-16,15453.900337219238,15453.900337219238,15453.900337219238,15453.900337219238,0
2026-04-17,15682.350158691406,15682.350158691406,15682.350158691406,15682.350158691406,0
2026-04-20,15624.300003051758,15624.300003051758,15624.300003051758,15624.300003051758,0
2026-04-21,15751.449584960938,15751.449584960938,15751.449584960938,15751.449584960938,0
2026-04-22,15913.450241088867,15913.450241088867,15913.450241088867,15913.450241088867,0
2026-04-23,15826.299667358398,15826.299667358398,15826.299667358398,15826.299667358398,0
2026-04-24,15656.399726867676,15656.399726867676,15656.399726867676,15656.399726867676,0
2026-04-27,15940.299987792969,15940.299987792969,15940.299987792969,15940.299987792969,0
2026-04-28,15947.850227355957,15947.850227355957,15947.850227355957,15947.850227355957,0
2026-04-29,16026.14974975586,16026.14974975586,16026.14974975586,16026.14974975586,0
2026-04-30,15955.949783325195,15955.949783325195,15955.949783325195,15955.949783325195,0
2026-05-04,16112.199783325195,16112.199783325195,16112.199783325195,16112.199783325195,0
2026-05-05,16142.549514770508,16142.549514770508,16142.549514770508,16142.549514770508,0
2026-05-06,16433.64906311035,16433.64906311035,16433.64906311035,16433.64906311035,0
2026-05-07,16600.200653076172,16600.200653076172,16600.200653076172,16600.200653076172,0
2026-05-08,16627.500534057617,16627.500534057617,16627.500534057617,16627.500534057617,0
2026-05-11,16450.550079345703,16450.550079345703,16450.550079345703,16450.550079345703,0
2026-05-12,15956.80046081543,15956.80046081543,15956.80046081543,15956.80046081543,0
2026-05-13,16002.450942993164,16002.450942993164,16002.450942993164,16002.450942993164,0
2026-05-14,16006.84928894043,16006.84928894043,16006.84928894043,16006.84928894043,0
2026-05-15,15946.649551391602,15946.649551391602,15946.649551391602,15946.649551391602,0
2026-05-18,15708.100318908691,15708.100318908691,15708.100318908691,15708.100318908691,0
2026-05-19,15889.949798583984,15889.949798583984,15889.949798583984,15889.949798583984,0
2026-05-20,15903.450012207031,15903.450012207031,15903.450012207031,15903.450012207031,0
2026-05-21,16015.850067138672,16015.850067138672,16015.850067138672,16015.850067138672,0
2026-05-22,15996.100425720215,15996.100425720215,15996.100425720215,15996.100425720215,0
2026-05-25,16186.899185180664,16186.899185180664,16186.899185180664,16186.899185180664,0
2026-05-26,16218.34945678711,16218.34945678711,16218.34945678711,16218.34945678711,0
2026-05-27,16307.649612426758,16307.649612426758,16307.649612426758,16307.649612426758,0
2026-05-29,16202.249526977539,16202.249526977539,16202.249526977539,16202.249526977539,0
2026-06-01,16072.700500488281,16072.700500488281,16072.700500488281,16072.700500488281,0
2026-06-02,16157.550811767578,16157.550811767578,16157.550811767578,16157.550811767578,0
2026-06-03,16164.600372314453,16164.600372314453,16164.600372314453,16164.600372314453,0
2026-06-04,16257.850646972656,16257.850646972656,16257.850646972656,16257.850646972656,0
2026-06-05,16259.149551391602,16259.149551391602,16259.149551391602,16259.149551391602,0
2026-06-08,15966.60041809082,15966.60041809082,15966.60041809082,15966.60041809082,0
2026-06-09,16184.000015258789,16184.000015258789,16184.000015258789,16184.000015258789,0
2026-06-10,15999.600410461426,15999.600410461426,15999.600410461426,15999.600410461426,0
2026-06-11,15865.55004119873,15865.55004119873,15865.55004119873,15865.55004119873,0
2026-06-12,16283.100128173828,16283.100128173828,16283.100128173828,16283.100128173828,0
2026-06-15,0.0,0.0,0.0,16485.349655151367,0
2026-06-16,0.0,0.0,0.0,16557.94906616211,0
2026-06-17,0.0,0.0,0.0,16678.1005859375,0
2026-06-18,0.0,0.0,0.0,16790.6494140625,0
