Date,Open,High,Low,Close,Volume
2015-01-02,18747.945911819865,18963.94182335351,18747.945911819865,18882.79296875,0
2015-01-05,18902.042015084364,19052.63876920208,18821.99275153801,18851.7421875,0
2015-01-06,18752.544370607608,18752.544370607608,18263.25287863388,18312.001953125,0
2015-01-07,18323.052458078553,18423.65015722524,18133.354888330367,18308.501953125,0
2015-01-08,18487.80017011513,18690.196726675258,18476.0992198951,18661.74609375,0
2015-01-12,18651.64572027917,18732.843396715398,18578.047508869488,18714.244140625,0
2015-01-13,18775.0452311738,18838.243254433994,18627.64762880582,18688.146484375,0
2015-01-14,18739.196199364473,18809.944860662778,18588.298664013095,18682.845703125,0
2015-01-15,18943.441079637123,19043.58761553591,18835.292742553036,18926.240234375,0
2015-01-16,18948.74035631789,19125.737000602185,18875.892128087395,19058.189453125,0
2015-01-19,19095.73701643279,19221.834231453486,19095.73701643279,19131.986328125,0
2015-01-20,19193.136267706013,19229.23519296432,19100.138030130965,19169.3359375,0
2015-01-21,19232.78679364432,19290.9360849535,19125.73803615746,19216.0859375,0
2015-01-22,19217.084702343105,19333.582492572135,19141.73652219883,19254.935546875,0
2015-01-27,19502.53021080588,19569.827761548157,19404.381683149622,19550.6796875,0
2015-01-28,19535.3797175721,19775.324388302226,19512.729756264718,19681.2265625,0
2015-01-29,19664.97656724238,19729.676511767568,19586.179233892883,19665.2265625,0
2015-02-02,19572.12993011893,19738.97638476075,19536.93137690326,19729.576171875,0
2015-02-03,19810.873993427518,19862.42379627219,19515.93037265063,19552.029296875,0
2015-02-04,19627.478383906546,19635.978223144335,19350.134020100508,19413.982421875,0
2015-02-05,19422.6832059798,19495.53143669832,19132.83712883159,19195.787109375,0
2015-02-09,18942.64072570027,18983.08917728748,18708.045565758322,18741.994140625,0
2015-02-10,18672.395798763228,19120.336520416266,18638.146448447522,18945.140625,0
2015-02-11,19036.588713918616,19323.684839544294,19036.588713918616,19286.333984375,0
2015-02-12,19417.83104017536,19595.577669948238,19386.683193265002,19571.578125,0
2015-02-13,19639.428142308734,19738.176268659612,19579.577715412048,19660.927734375,0
2015-02-18,19613.577189493364,19683.927417594095,19566.47847348423,19667.2265625,0
2015-02-19,19760.1755458795,19791.573387150962,19416.68206864049,19644.927734375,0
2015-02-20,19735.926978667576,19788.724806790673,19572.18008006806,19696.02734375,68900
2015-02-23,19826.373488364377,19836.12330321106,19493.229424293073,19541.078125,0
2015-02-24,19572.827250818696,19577.077170051944,19406.83040547297,19526.828125,0
2015-02-25,19616.679239048848,19664.87754491729,19454.432312024637,19489.880859375,0
2015-02-26,19506.530857918966,19506.530857918966,19198.93707561612,19279.634765625,0
2015-02-27,19349.133711186267,19728.876522464234,19349.133711186267,19706.126953125,0
2015-03-02,19838.87335012013,19991.520842664242,19707.47545414293,19957.720703125,0
2015-03-03,19997.07021484317,20113.16957691524,19953.471431794675,20094.96875,0
2015-03-04,20268.865302326674,20275.31439867454,19813.174732462507,19860.822265625,0
2015-03-05,19920.47172557559,19999.021016775303,19784.675473454026,19974.37109375,81400
2015-03-09,19898.72321738501,19958.37247972131,19689.127572592108,19721.876953125,0
2015-03-10,19784.524751733967,19931.42235328757,19673.927242218648,19750.875,0
2015-03-11,19800.97463475377,19822.47422761211,19643.7783928573,19699.177734375,0
2015-03-12,19774.42526179117,20069.86887002039,19774.42526179117,20055.619140625,0
2015-03-13,20176.267472871943,20193.065982184384,19725.026036812575,19759.07421875,109000
2015-03-16,19811.074288936343,19811.47467198399,19558.5790674751,19608.37890625,0
2015-03-17,19703.927710411364,19937.2221213794,19703.927710411364,19908.97265625,0
2015-03-18,19976.870684557336,20061.019477387712,19877.47218128436,19955.3203125,0
2015-03-19,20103.81803175282,20217.417440302892,19834.22353413902,19880.5234375,0
2015-03-20,19895.972459264784,19895.972459264784,19532.379742190908,19576.478515625,0
2015-03-23,19620.22833935415,19631.77890203495,19369.23308889173,19404.482421875,0
2015-03-24,19407.080683002852,19468.88029069332,19278.883898678643,19336.08203125,0
2015-03-25,19394.131854876247,19414.830680715037,19309.733066333913,19343.68359375,0
2015-03-26,19276.035955343323,19300.834314627267,19085.68994467514,19111.689453125,0
2015-03-30,19242.186719258527,19422.232140925844,19242.186719258527,19407.3828125,0
2015-03-31,19509.828777511688,19587.678861839737,19347.43342347986,19441.330078125,0
2015-04-06,19729.37670284691,19848.573666285563,19634.978098326497,19819.375,0
2015-04-07,19884.973397206864,20058.819717510272,19758.626178247996,20027.37109375,0
2015-04-08,20136.118025001324,20235.166927328868,20083.818235859726,20180.267578125,0
2015-04-09,20303.96495549335,20307.015678948104,20068.969407429213,20206.767578125,0
2015-04-15,20559.911772731808,20611.209630263947,20271.26684347928,20335.666015625,0
2015-04-16,20381.463397449945,20403.462980575987,20020.271022997607,20202.06640625,0
2015-04-20,19951.22192082269,19951.321528312063,19354.53399773161,19499.681640625,0
2015-04-21,19544.779938355885,19582.92960589109,19317.233470027586,19372.533203125,0
2015-04-22,19455.63145526448,19478.631019587625,19116.08710594565,19383.982421875,0
2015-04-23,19492.97958608574,19601.877909560582,19396.631805621633,19446.48046875,0
2015-04-27,19191.188011377497,19212.586044391766,18743.69647028318,18804.9453125,0
2015-04-28,18755.99324216581,19143.235884486698,18675.895154668724,19119.88671875,0
2015-04-29,19159.486403951363,19197.585291087667,19002.838982883673,19163.486328125,0
2015-05-04,19305.035380255187,19555.829466485633,19261.485422426947,19523.48046875,0
2015-05-05,19540.629387390578,19687.726206889416,19494.43104485024,19668.9765625,0
2015-05-06,19611.27791772722,19701.426596177236,18979.338748140635,19024.48828125,0
2015-05-07,18987.7392145217,18987.7392145217,18358.25116245566,18522.3984375,0
2015-05-11,19057.08744717486,19363.081638312367,19045.738053251887,19342.3828125,0
2015-05-12,19359.483042148797,19359.483042148797,18935.59067782532,18979.640625,0
2015-05-13,19120.188588890738,19410.831520762556,19066.539214541986,19383.8828125,0
2015-05-14,19368.28417876477,19647.077735513838,19262.235402665003,19626.478515625,0
2015-05-18,19770.225676769183,19954.1225891814,19745.27692989796,19929.923828125,0
2015-05-19,19915.32239999146,20040.421595483655,19840.024996572196,19922.423828125,0
2015-05-20,20030.51992021217,20100.717805585973,19908.62184498443,19948.171875,0
2015-05-21,19970.371352798436,19986.271441950612,19808.124429072912,19881.0234375,0
2015-05-25,19872.223169588535,19976.371587328682,19799.675715730915,19899.322265625,0
2015-05-26,19939.422576280598,20027.3193465811,19801.175198515273,19873.423828125,0
2015-05-27,19729.07438880884,19804.174524491802,19626.627116440322,19738.025390625,0
2015-05-28,19756.325007320553,19763.074879468873,19413.032681614997,19591.728515625,0
2015-05-29,19650.976904602943,19901.372546168852,19611.327265981752,19874.97265625,0
2015-06-01,19785.176294172466,19867.07318155608,19729.575784059984,19812.275390625,0
2015-06-02,19855.874319294307,19875.424730643077,19388.883154945026,19406.982421875,0
2015-06-03,19419.432483744094,19419.432483744094,18818.193886480814,19154.9375,0
2015-06-04,19194.736290269597,19235.73551423386,18977.191579843762,19192.736328125,0
2015-06-05,19132.88686472575,19333.28345189599,19082.087047637913,19243.484375,0
2015-06-08,19282.785351607472,19296.285096046184,18924.942516492236,18983.58984375,0
2015-06-09,18960.94103057195,19032.588108694013,18819.293327464264,18941.140625,0
2015-06-10,18981.1395472491,19174.085101953755,18970.29014390479,19130.0859375,0
2015-06-11,19254.035118604348,19288.884066853218,18816.893021086547,18840.2421875,0
2015-06-12,18779.343699444886,18899.34142771965,18741.44597940186,18879.841796875,0
2015-06-15,18910.29292810179,19033.140215286363,18863.793807077764,18908.142578125,0
2015-06-16,18945.89020630065,19065.08716142973,18824.042910878106,19026.689453125,0
2015-06-17,19136.4372853434,19420.730713325425,19103.687907416603,19330.783203125,0
2015-06-18,19369.633677716545,19439.731961379155,19333.833573525084,19415.3828125,0
2015-06-19,19502.580487456762,19609.279641992707,19473.08104519667,19524.23046875,58000
2015-06-22,19583.02986343214,19838.474248962168,19529.630483167777,19819.42578125,0
2015-06-23,19868.772985415304,19959.820084110437,19776.675125429265,19844.97265625,0
2015-06-24,19882.772600405893,19922.17224240294,19683.426778777357,19735.92578125,0
2015-06-25,19687.426761316674,19862.722259193833,19674.32544771423,19841.822265625,0
2015-06-26,19791.125427718325,19854.87422119113,19672.67845072838,19813.724609375,0
2015-06-29,19419.03249472843,19608.179301944514,19303.48390256035,19587.828125,0
2015-06-30,19621.47846047833,19831.824091073195,19606.328356424212,19825.07421875,0
2015-07-01,19900.42305645538,20137.018175079487,19886.071766353514,20065.568359375,0
2015-07-02,20151.367769403892,20320.014961133544,20145.967481211414,20285.015625,0
2015-07-06,20009.92145554357,20413.11303103872,19954.172512369667,20399.9140625,0
2015-07-07,20446.662995043698,20552.459816653107,20371.264034416195,20493.361328125,0
2015-07-08,20322.864115084813,20479.61113881574,20141.316781005313,20263.916015625,0
2015-07-09,20307.2154386145,20370.864625127768,20207.617713423668,20235.41796875,0
2015-07-10,20326.416018116353,20381.41497702914,20153.419292808856,20223.3671875,0
2015-07-13,20302.313597277822,20472.46075613332,20270.464592841756,20462.912109375,0
2015-07-14,20521.36102863536,20580.05913479432,20454.262691073276,20505.560546875,0
2015-07-15,20546.110568089593,20590.808939624632,20444.663272176236,20506.01171875,0
2015-07-16,20577.110908625164,20781.257439055476,20563.911939453694,20761.5078125,0
2015-07-17,20850.654851324012,20916.55203751233,20728.256784897352,20879.853515625,0
2015-07-20,20910.753485823756,20931.202316436666,20822.604768340243,20888.603515625,0
2015-07-21,20943.90477801279,20943.90477801279,20493.712118292166,20556.162109375,0
2015-07-22,20513.760805576505,20800.454579610203,20483.411772572144,20774.205078125,0
2015-07-23,20860.254512917112,20907.952826467274,20747.45587231536,20789.3046875,0
2015-07-24,20822.85584384426,20864.304278016218,20614.760173515377,20636.30859375,0
2015-07-27,20578.55868750618,20578.55868750618,20353.164527441884,20377.6640625,0
2015-07-28,20417.31271538976,20448.112913586527,20279.76649103924,20325.515625,0
2015-07-29,20387.914693071623,20484.61208065258,20354.46415465314,20421.212890625,0
2015-07-30,20516.460025884913,20676.50776801618,20511.960111333006,20571.30859375,0
2015-07-31,20626.55822084665,20881.303391886497,20626.55822084665,20812.955078125,0
2015-08-03,20892.203003741037,21050.049616646207,20864.603918291294,20988.701171875,0
2015-08-04,21076.04927402871,21335.04435926903,21008.601335188756,21305.396484375,0
2015-08-05,21440.692522658086,21567.03973312405,21428.442755240016,21499.4921875,0
2015-08-06,21552.991006486354,21608.390344839285,21439.442382013844,21593.640625,0
2015-08-07,21630.53891681428,21667.23939253112,21477.74298702048,21519.892578125,0
2015-08-10,21597.490795492344,21730.388665717113,21459.292244544667,21524.091796875,0
2015-08-11,21613.28878920715,21617.189105766367,21234.14755147977,21393.193359375,0
2015-08-12,21326.74536110909,21326.74536110909,20836.254676323446,20876.802734375,0
2015-08-13,20997.10184799446,21190.2974033247,20756.506800839583,20806.15625,0
2015-08-14,20948.40415529924,21271.14804463797,20885.553782774787,21250.3984375,0
2015-08-17,21310.545935257644,21404.344941443276,21107.25095431282,21364.095703125,0
2015-08-18,21492.292455872815,21554.992441088623,21335.945805512703,21465.193359375,0
2015-08-19,21462.092225326367,21617.839266169445,21360.69376124819,21484.642578125,0
2015-08-20,21496.441772320475,21599.189822953096,21176.998614143573,21206.8984375,0
2015-08-21,21002.602379406344,21101.35050990991,20789.506804349927,21045.751953125,0
2015-08-24,20429.61366566655,20429.61366566655,19227.437180682282,19313.833984375,0
2015-08-25,19561.978033126245,19830.27371814804,18770.293852274644,19742.224609375,0
2015-08-26,19710.026937007166,19948.522418139662,19399.732035036486,19585.478515625,0
2015-08-27,19937.122609306858,20172.118161065457,19803.27553352919,20120.369140625,0
2015-08-28,20322.915924508434,20426.712787023655,20091.568743049163,20214.966796875,0
2015-08-31,20224.366695786695,20418.962617064182,20031.9211243795,20095.369140625,0
2015-09-01,19899.97180533575,20117.817278880775,19623.326666861445,19752.275390625,0
2015-09-02,19906.02327539823,19979.37149520736,19545.780100125845,19588.1796875,0
2015-09-03,19728.075493659664,19901.173777017124,19716.376496533347,19795.375,0
2015-09-04,19788.426381507987,19788.426381507987,19267.235070644092,19407.232421875,73600
2015-09-07,19466.98036082235,19514.579067347848,18918.691932600403,18946.44140625,0
2015-09-08,18996.088314306868,19161.1359598361,18631.495631785274,19018.388671875,0
2015-09-09,19293.384870566777,19491.531511244782,19268.035740926847,19402.1328125,0
2015-09-10,19176.236623388348,19567.68038564471,18993.99007312383,19501.380859375,0
2015-09-11,19644.278599423524,19720.277161060876,19436.432923773707,19504.23046875,0
2015-09-14,19633.077570207206,19827.823883715195,19536.680957467514,19810.125,0
2015-09-15,19841.1230931763,19889.321396339554,19583.67876490168,19637.927734375,0
2015-09-18,19687.126097526343,19840.572401988473,19597.127806794797,19642.076171875,0
2015-09-21,19522.180522333467,19715.876067441448,19494.130273086274,19669.177734375,0
2015-09-22,19785.176273206464,19794.67609338704,19343.78423756731,19398.43359375,0
2015-09-23,19173.187061420613,19424.682290497472,19106.688322917187,19355.982421875,0
2015-09-28,19448.13213856176,19448.13213856176,19183.48675370447,19205.986328125,0
2015-09-29,19025.087966151845,19323.88307381394,18899.691909700032,19234.78515625,0
2015-09-30,19394.332194608272,19639.278731041773,19340.784379838133,19609.37890625,0
2015-10-05,19897.52232251064,20175.065877096215,19897.52232251064,20147.216796875,0
2015-10-06,20267.565090012205,20278.916437371478,20128.868499962093,20198.1171875,0
2015-10-07,20208.96666423263,20261.116066664585,20126.81783026797,20201.966796875,0
2015-10-08,20225.01636443622,20239.51608912005,19906.27241664509,19955.37109375,0
2015-10-09,20064.468412911625,20120.768124546896,19877.071582560813,19943.921875,0
2015-10-12,20021.62147487861,20046.820217225784,19874.823468964918,19938.47265625,0
2015-10-13,19990.621317395857,19991.720905941336,19783.275635772847,19899.322265625,0
2015-10-14,19912.822364980322,19987.172520390162,19854.624247640233,19918.072265625,0
2015-10-15,20017.319242871967,20037.270036033908,19938.02191999697,19960.970703125,0
2015-10-16,20030.520895177313,20041.81950924035,19943.32137537222,19999.421875,0
2015-10-19,20039.370904651063,20141.468582590438,20019.92205382523,20132.619140625,0
2015-10-20,20179.419159744342,20242.76757111082,20052.171566177247,20139.119140625,0
2015-10-21,20144.216824167168,20155.46661039605,19947.771338321098,20042.869140625,0
2015-10-23,20199.46582409811,20199.46582409811,19930.621322707764,19942.671875,0
2015-10-26,20000.46997232264,20011.96975404061,19825.37368652143,19859.072265625,0
2015-10-27,19852.32344486046,19937.673391817494,19821.175596941222,19914.623046875,0
2015-10-28,19883.42336212081,19957.570392191767,19765.17560665205,19858.873046875,0
2015-10-29,19881.173179266265,19881.173179266265,19709.8756514604,19744.17578125,0
2015-10-30,19782.42484627413,19907.97128857944,19701.37560524201,19733.224609375,0
2015-11-02,19781.87472967675,19784.823892479915,19610.577198011582,19767.625,0
2015-11-03,19873.972756762134,19899.372665751067,19807.024807487032,19879.2734375,0
2015-11-04,19964.22130522654,19990.720803084743,19878.722925344417,19892.923828125,0
2015-11-05,19881.323353384152,19881.323353384152,19594.879549983172,19628.9296875,0
2016-12-12,22237.729210163747,22237.729210163747,21917.934485795195,21965.033203125,0
2016-12-13,21960.484512037394,21968.833963293935,21759.03715508926,21864.5859375,0
2016-12-14,21915.235520729635,21916.784319534847,21650.789354995362,21666.240234375,0
2016-12-15,21512.842067995192,21828.986463809426,21493.742820784995,21630.140625,0
2016-12-16,21674.187910784913,21704.238121234783,21527.040315210776,21592.990234375,0
2016-12-19,21630.189946574712,21630.189946574712,21422.895044490597,21449.994140625,0
2016-12-20,21452.344260374564,21491.99390108477,21218.797896311477,21272.796875,0
2016-12-21,21349.345975777553,21359.545001516795,21224.098346017665,21260.546875,0
2016-12-22,21236.196593920224,21238.997322018677,20857.553389095316,20892.052734375,0
2016-12-23,20910.154121616288,21031.851031810762,20725.657621462044,20797.955078125,0
2016-12-27,20449.061555686487,20836.405775108844,20321.96435575652,20811.35546875,0
2016-12-28,20897.55281595438,21088.84996851509,20861.953881850648,20901.853515625,0
2016-12-29,20905.60426128305,21199.249093272785,20891.905301851486,21151.349609375,0
2016-12-30,21229.09679262963,21433.04213781557,21223.04612630083,21389.29296875,0
2017-01-03,21639.93964262156,21804.48730653054,21587.991408026297,21753.037109375,0
2017-01-04,21820.785281671793,21865.684820559163,21680.93832517293,21724.4375,0
2017-01-05,21829.137452346436,22087.33178225557,21822.5360148429,22074.181640625,0
2017-01-06,22141.529020145004,22227.17778534063,21976.88370725897,22024.03125,0
2017-01-09,22098.28005123898,22124.580333616494,22009.482907447677,22035.08203125,0
2017-01-10,22108.331000925125,22276.12860205992,22080.132316599123,22260.078125,0
2017-01-11,22345.976391263568,22559.821943067942,22318.57652053206,22542.822265625,0
2017-01-12,22583.770262505303,22646.06986043643,22500.82261926325,22622.26953125,0
2017-01-13,22695.719782948145,22704.719612193676,22499.022343029144,22647.220703125,0
2017-01-16,22678.87123538117,22801.767345185242,22616.770849084525,22789.46875,0
2017-01-17,22856.21728524538,22910.915467512543,22724.268613682605,22778.91796875,0
2017-01-18,22827.267354153362,22977.51451165684,22810.96883437686,22918.666015625,0
2017-01-19,22926.264756765082,23003.913675911677,22896.765315791414,22983.513671875,0
2017-01-20,22940.215113374677,23000.213974931146,22604.121881173443,22645.62109375,0
2017-01-23,22639.621045433254,22856.36693125351,22625.871306425048,22842.8671875,0
2017-01-24,22927.315524376132,23111.36281790588,22881.16600829049,23086.912109375,0
2017-01-25,23154.86197566888,23434.206291216393,23121.41143771183,23395.15625,0
2017-01-27,23428.75563108613,23657.452472936122,23414.45707368245,23519.85546875,0
2017-01-30,23504.703948690334,23685.649730605513,23438.205211749202,23650.900390625,0
2017-01-31,23703.650148378878,23709.15004409162,23239.610119231773,23278.859375,0
2017-02-01,23350.056546153162,23782.647939945586,23258.458676364,23756.44921875,0
2017-02-02,23794.64878631961,23978.14530972014,23727.90005096819,23916.146484375,0
2017-02-03,23984.645690484496,24054.794753510778,23858.04847701175,23942.697265625,0
2017-02-06,24088.943612446987,24229.989766033574,24073.043523321874,24205.291015625,0
2017-02-07,24266.940763619412,24311.7387432501,24009.045257653765,24129.892578125,0
2017-02-08,24224.541473663354,24320.690044371477,24041.99414770091,24248.740234375,0
2017-02-09,24253.54108753998,24336.98872733862,24042.29508462323,24257.341796875,0
2017-02-10,24324.08946986605,24325.487880844896,24140.49138934159,24201.390625,0
2017-02-13,24279.6391876324,24297.638846299724,24004.59557523809,24203.841796875,0
2017-02-14,24260.488710031026,24260.789485571753,23909.995363039718,23974.39453125,0
2017-02-15,23956.04541306933,24008.49363656838,23591.70271741589,23673.150390625,0
2017-02-16,23706.950507797304,24125.792168884276,23580.15213277882,24083.642578125,0
2017-02-17,24229.541409312355,24316.690150479757,24118.492729872265,24250.341796875,0
2017-02-20,24286.34013911322,24423.036765120734,24218.091433595197,24404.88671875,0
2017-02-21,24452.23548185102,24641.032682560155,24423.58758765863,24613.583984375,0
2017-02-22,24667.88283120945,24671.232377202643,24402.98745306888,24462.4375,0
2017-02-23,24494.5856461096,24532.133761222016,24334.83867959336,24376.38671875,0
2017-02-27,24375.288566548246,24450.236366507987,24328.34023654793,24349.08984375,0
2017-02-28,24401.387145170323,24471.385818529317,24349.038527925873,24423.88671875,0
2017-03-01,24509.135716580997,24563.484297281822,24400.987372916687,24456.1875,0
2017-03-02,24588.48296731087,24617.482417417843,24056.243059744113,24102.2421875,0
2017-03-03,24052.043702908235,24129.593012951667,23909.39601848668,24090.7421875,0
2017-03-06,24182.092664492764,24252.04055811749,24143.042623024827,24227.890625,0
2017-03-07,24275.28965122907,24290.888964783717,24173.99079097802,24203.341796875,0
2017-03-08,24239.89037576787,24239.98998325577,23953.44658380049,24123.642578125,0
2017-03-09,24125.891885649085,24184.89076630446,24043.694226377967,24089.392578125,0
2017-03-10,24147.742137083642,24212.990902019345,23975.796173020866,24041.89453125,0
2017-03-14,24394.73690993711,24462.786401569607,24247.34126575706,24425.4375,0
2017-03-15,24472.836047545443,24622.432816111133,24444.735018677722,24581.482421875,0
2017-03-16,24702.33233672269,24938.177473630793,24694.23092785436,24924.427734375,0
2017-03-17,24995.22502778365,25021.974520312015,24820.579903522084,24914.328125,0
2017-03-20,24976.776232234282,24976.776232234282,24847.3782960722,24918.177734375,0
2017-03-21,24919.028630175337,24919.028630175337,24622.383850900587,24780.53125,0
2017-03-22,24592.98355516023,24598.633838798156,24443.037175617163,24549.685546875,0
2017-03-23,24702.081849229868,24820.37843167146,24695.630799818377,24795.37890625,0
2017-03-24,24830.478032706826,24930.776910673634,24786.08043770076,24805.029296875,0
2017-03-27,24818.628635370656,24867.528098048504,24678.432077079273,24701.431640625,0
2017-03-28,24764.680148712963,24925.17710113095,24751.780003041225,24891.828125,0
2017-03-29,24940.02678780738,24949.776602814338,24809.72847883814,24910.7265625,0
2017-03-30,24935.776846918507,25062.57522218604,24920.327921309836,25012.525390625,0
2017-03-31,25065.774446787764,25161.221854689207,25025.624817890075,25118.97265625,0
2017-04-03,25146.42320805001,25247.92128200622,25106.222799024446,25216.671875,0
2017-04-05,25309.620368540825,25494.466477831575,25237.522124355117,25477.6171875,0
2017-04-06,25444.467050438034,25580.31603862287,25394.069567961735,25560.916015625,0
2017-04-07,25513.01637278904,25740.26206509767,25480.266993589445,25552.46484375,0
2017-04-10,25617.56467926895,25760.610793045413,25559.36461175998,25732.412109375,0
2017-04-11,25701.263006672365,25908.309864751805,25693.163550767684,25872.310546875,0
2017-04-12,25900.95730095727,26008.20526407575,25631.462419274936,25915.158203125,0
2017-04-13,25924.159167135724,25931.957847487563,25823.110300608456,25871.958984375,0
2017-04-17,25909.857530925103,25968.807583224272,25759.459996640995,25812.759765625,0
2017-04-18,25861.259504669397,26016.656947962292,25506.465452589946,25538.56640625,0
2017-04-19,25527.16721768858,25736.862467370305,25494.41783756207,25693.86328125,0
2017-04-20,25809.460498214572,25872.910468619146,25713.913479340496,25786.26171875,0
2017-04-21,25913.309254214008,25941.45715780089,25729.261963997054,25845.16015625,0
2017-04-24,25886.95839422618,26082.90585087842,25844.810755858092,26061.85546875,0
2017-04-25,26182.653715695975,26477.49773199273,26166.45285114518,26460.8984375,0
2017-04-26,26557.047939219305,26565.147395235887,26170.404869452665,26406.94921875,0
2017-04-27,26445.14922538724,26469.549153606233,26241.053483855445,26280.6015625,0
2017-04-28,26299.102016583984,26411.500280574932,26247.554163771372,26323.1015625,0
2017-05-02,26395.149611875313,26522.397197686045,26241.951346535676,26457.048828125,0
2017-05-03,26570.845190276726,26639.494277672173,26385.999090007386,26440.947265625,0
2017-05-04,26501.447502266314,26543.446707151503,26418.59946134254,26513.947265625,0
2017-05-05,26508.297731574185,26514.647220454524,26012.906742015948,26141.75390625,0
2017-05-08,26226.451709686666,26296.950372345116,26170.603159744336,26254.802734375,0
2017-05-09,26309.901371619177,26483.648076171332,26223.153016972272,26464.59765625,0
2017-05-10,26577.64690763796,26833.091287287658,26568.846293105493,26806.19140625,0
2017-05-11,26894.790148909808,26946.837988839317,26784.042251601728,26849.140625,0
2017-05-12,26852.292506609687,26863.542293667666,26545.5971400296,26724.693359375,0
2017-05-15,26831.340117008232,26978.487713491126,26780.141870446565,26948.587890625,0
2017-05-16,27029.388941902296,27031.13890878951,26881.54213007715,26940.439453125,0
2017-05-17,26929.39010818953,26982.838314154593,26751.692303493222,26799.04296875,0
2017-05-18,26609.045932749945,26670.69320062775,26192.852657232877,26250.552734375,0
2017-05-19,26399.000175673707,26477.299474447325,25846.360248432833,26098.806640625,0
2017-05-22,26282.10175833685,26368.699727322157,25852.510286536315,25880.009765625,0
2017-05-23,25919.00832849989,25919.00832849989,25250.370621620357,25534.365234375,0
2017-05-24,25580.01526942299,25607.91513135729,25030.275686757865,25148.97265625,0
2017-05-25,25255.07124825265,25489.066805240407,25125.122543790676,25407.216796875,0
2017-05-26,25459.867327853925,26010.90767084942,25418.368113965797,25982.80859375,0
2017-05-29,26035.255874261748,26085.05571035565,25601.51410629036,25727.3125,0
2017-05-30,25641.362674460488,25938.007431738642,25481.365712836716,25917.95703125,0
2017-05-31,26026.755868867574,26139.904111315926,25981.1571252078,26027.255859375,0
2017-06-01,26056.856195887296,26140.155399780826,25968.908642515064,26095.255859375,0
2017-06-02,26203.30370371788,26275.95076310078,26141.00410429333,26254.40234375,0
2017-06-05,26354.650373597913,26545.49636212261,26318.600276313067,26456.697265625,0
2017-06-06,26479.44708539671,26504.548171901395,26178.202797933067,26263.951171875,0
2017-06-07,26355.450479988325,26461.649642197863,26316.35161050285,26422.099609375,0
2017-06-08,26505.8476733002,26585.896938672853,26418.849320771056,26506.748046875,0
2017-06-09,26538.04816002322,26624.046531244545,26391.05094409839,26605.896484375,0
2017-06-12,26608.84472121591,26669.69317602503,26458.197189044782,26557.095703125,0
2017-06-13,26623.3957413267,26704.144210730876,26542.64727192253,26584.1953125,0
2017-06-14,26635.444831380788,26650.094944581022,26389.301055031094,26506.8984375,0
2017-06-15,26496.69684377501,26578.845676865567,26417.649514380224,26474.447265625,0
2017-06-16,26535.34597169262,26669.394208723166,26486.0480792357,26549.49609375,0
2017-06-19,26644.044992096668,26701.393512813404,26565.34531419315,26647.744140625,0
2017-06-20,26713.294356929542,26765.99257663915,26624.44447882453,26683.494140625,0
2017-06-21,26684.99417094592,26717.143952153758,26601.19497815669,26686.59375,0
2017-06-22,26720.99379590116,26819.042719706504,26426.69858979708,26496.59765625,0
2017-06-23,26543.547364022485,26555.595963637235,26031.05708376463,26157.404296875,0
2017-06-27,26208.00325796621,26229.102467430384,25774.210698746556,25967.70703125,0
2017-06-28,25944.757660214767,26078.155519419965,25806.01029314932,26039.65625,0
2017-06-29,26126.154875900298,26259.351568410875,26018.55730724579,26053.705078125,0
2017-06-30,26001.455962753796,26290.15165797845,25913.158809654236,26254.001953125,0
2017-07-03,26340.250779729402,26617.296310203856,26289.65212933813,26587.49609375,0
2017-07-04,26679.643974134997,26770.99184960116,26509.096430112928,26547.396484375,0
2017-07-05,26576.99557627809,26785.741614338403,26547.546916455172,26755.54296875,0
2017-07-06,26847.391037636644,26947.889130970776,26836.29163884121,26869.140625,0
2017-07-07,26866.189561275423,26919.639719189272,26773.992091531527,26871.890625,0
2017-07-10,26951.38967952856,27128.53671333386,26835.69070007307,27107.63671875,0
2017-07-11,27161.33544448697,27216.184015576888,26900.49077290936,26928.939453125,0
2017-07-12,26984.187229070216,27197.53474358001,26976.13855365831,27175.78515625,0
2017-07-13,27291.13301196525,27430.28076466101,27282.682000302473,27404.6796875,0
2017-07-14,27442.67913224677,27470.17861108381,27250.88393897429,27413.380859375,0
2017-07-17,27439.230703427078,27503.82909025611,27341.78332890107,27451.630859375,0
2017-07-18,27395.829771368502,27502.778913875183,27242.83267450035,27276.732421875,0
2017-07-19,27383.231495007436,27663.276973560463,27373.032469377293,27643.7265625,0
2017-07-20,27659.276943755787,27694.725491147736,27495.629652437656,27535.029296875,0
2017-07-21,27590.127232805895,27660.07512521961,27351.231372070753,27604.876953125,0
2017-07-24,27623.47676708023,27671.27664292398,27561.577548925623,27634.27734375,0
2017-07-25,27690.775776437244,27762.37402834118,27600.42592693027,27711.125,0
2017-07-26,27757.524965336368,27804.873677775977,27690.924664458147,27735.07421875,0
2017-07-27,27801.22241610341,27872.9202742429,27550.17639895457,27582.7265625,0
2017-07-28,27508.53013170862,27785.97409932111,27469.579697042256,27759.025390625,0
2017-07-31,27852.622414023506,27943.819904026383,27725.525213913486,27922.271484375,0
2017-08-01,27989.72043697161,28038.270299662512,27820.72363437613,27872.421875,0
2017-08-02,27936.419888041695,27937.970639908523,27630.07608317507,27728.474609375,0
2017-08-03,27760.072734434343,27983.918095315028,27694.474370089738,27784.7734375,0
2017-08-04,27753.374112521335,28194.86574066082,27699.974734491174,28118.56640625,0
2017-08-07,28186.214916719982,28555.508687347145,28157.315074725662,28498.708984375,0
2017-08-08,28558.5097301606,28601.008924998292,28003.969454872673,28144.267578125,0
2017-08-09,28078.66769459836,28078.66769459836,27551.47845544626,27651.4765625,0
2017-08-10,27510.77933529508,27553.977735252174,26578.797000313316,26894.541015625,0
2017-08-11,26519.147343746616,27169.23462148925,26342.94951420261,26873.33984375,0
2017-08-14,27093.885926045616,27512.37797962778,27086.98566644424,27463.578125,0
2017-08-16,27603.076694715444,27774.624226156735,27399.631330048986,27733.775390625,0
2017-08-17,27850.821697786305,27974.719739927194,27660.075313378977,27717.82421875,0
2017-08-18,27561.978351968624,27712.375896114976,27405.330926109804,27656.52734375,0
2017-08-21,27743.423622296927,27841.57215350758,27167.88569768174,27217.083984375,0
2017-08-22,27358.930130106313,27473.978728507034,27006.087215318756,27073.435546875,0
2017-08-23,27231.8340340841,27460.679310773685,27113.08628231338,27440.78125,0
2017-08-24,27520.278397252954,27725.0733380045,27458.67800403835,27678.673828125,0
2017-08-28,27762.774998309073,28000.1689399442,27734.12515026677,27948.3203125,0
2017-08-29,27917.821034443772,27917.821034443772,27576.7278830688,27646.4765625,0
2017-08-30,27849.722848885493,28100.618490453642,27826.67250394199,28066.26953125,0
2017-08-31,28120.16671328733,28131.467280540954,27974.870636602438,28053.869140625,0
2017-09-01,28168.51688067117,28369.96228126431,28130.66603558871,28337.8125,0
2017-09-05,28294.91292910142,28355.21256745793,28178.016707202292,28338.162109375,0
2017-09-06,28192.267161157826,28419.061696541125,28134.166698376914,28376.61328125,0
2017-09-07,28538.860209697563,28613.108804326974,28453.31104771425,28582.958984375,0
2017-09-08,28674.857636114077,28688.156212525104,28307.41341918228,28376.61328125,0
2017-09-11,28532.96010074894,28690.007910348104,28360.11376196376,28591.958984375,0
2017-09-12,28733.10577679928,28872.651959934166,28655.456857949557,28852.40234375,0
2017-09-13,28913.4520364097,29050.84982309158,28686.106735650188,28752.955078125,0
2017-09-14,28870.95275064554,29035.35002511767,28725.45550854801,28851.203125,0
2017-09-15,28780.804689385914,28853.652919492433,28595.858972296803,28780.904296875,0
2017-09-18,28952.051574067373,28991.60160667218,28850.95387837737,28890.75390625,0
2017-09-19,28945.252355740984,29014.549870886414,28846.652661408752,28966.501953125,0
2017-09-20,29039.649442488495,29069.35005207399,28844.653134142613,28886.40234375,0
2017-09-21,28911.45293372547,28949.70220996769,28479.211112661458,28694.90625,0
2017-09-22,28599.907550843676,28600.759097215814,27896.821257570475,27946.720703125,0
2017-09-25,27985.519705734307,27985.519705734307,27233.932405953634,27583.02734375,0
2017-09-26,27597.12790823632,27793.723795561364,27385.430744316072,27647.576171875,0
2017-09-27,27808.172749937625,27808.172749937625,27068.038324781955,27132.236328125,0
2017-09-28,27235.034795327065,27304.283483364423,26929.14020007946,27215.984375,0
2017-09-29,27346.2325300491,27735.574771940825,27321.832601141447,27558.37890625,0
2017-10-03,27836.872706593702,27917.62117590172,27733.923486254716,27818.921875,0
2017-10-04,27883.22239323157,27974.169891071597,27792.27489539154,27869.322265625,0
2017-10-05,27944.22083756337,28081.317850816973,27917.72133936799,27951.3203125,0
2017-10-06,28048.71919832743,28199.21635027796,28045.619647609183,28175.6171875,0
2017-10-09,28267.4131370647,28379.911003581685,28138.5171440325,28218.615234375,0
2017-10-10,28335.46199315255,28429.559815887435,28302.36301222957,28391.060546875,0
2017-10-11,28518.359467387825,28605.90663495807,28050.51873180255,28214.314453125,0
2017-10-12,28302.312879570596,28557.509211859586,28165.21587012626,28528.30859375,0
2017-10-13,28658.75817807321,28667.65644710014,28546.10992024483,28574.908203125,0
2017-10-16,28679.106792575407,28761.304453310076,28533.908372863447,28645.90625,0
2017-10-17,28658.35781254302,28797.40400815786,28583.00962970728,28782.154296875,0
2017-10-18,28813.902889075114,28816.402841674444,28621.357711727465,28739.654296875,0
2017-10-19,28812.804334842367,28815.804278069252,28469.16044758503,28587.759765625,0
2017-10-23,28614.2580679711,28762.604863721655,28569.208141162035,28730.705078125,0
2017-10-24,28832.803677447017,28836.104396199877,28635.65701967631,28676.306640625,0
2017-10-25,28931.300844385554,29070.198600416763,28803.50444028541,29037.599609375,0
2017-10-26,29094.048003064177,29313.094631316886,29017.4498459459,29153.546875,0
2017-10-27,29244.746233992108,29475.091475494635,29240.44553429321,29355.142578125,0
2017-10-30,29477.890439731287,29722.73736094521,29471.74211877805,29674.1875,0
2017-10-31,29774.585404890073,29784.73560291064,29494.99110093885,29643.587890625,0
2017-11-01,29833.235698946966,30034.931097310153,29825.23585047504,29903.1328125,0
2017-11-02,29955.88207012661,30115.129055135825,29890.533697979048,30019.83203125,0
2017-11-03,30116.127524336163,30171.327648347273,29950.83183401906,30043.330078125,0
2017-11-06,30145.480335018005,30356.27517424913,30134.92975341782,30241.626953125,0
2017-11-07,30389.87318158386,30407.824013202546,29694.386364470567,29778.736328125,0
2017-11-08,29839.584279405964,29924.432279059994,29450.44127153203,29546.2890625,0
2017-11-09,29738.48638031572,29855.882589775953,29378.391651983355,29741.236328125,0
2017-11-10,29706.987280674235,29823.63350555623,29516.190118583247,29654.23828125,0
2017-11-13,29713.086740567167,29720.535818009972,29404.041821824412,29446.541015625,0
2017-11-14,29482.140129972537,29554.439540162337,29319.194001274733,29353.04296875,0
2017-11-15,29281.59453336637,29358.94267442906,28889.9007970771,29014.19921875,0
2017-11-16,29106.29758964933,29422.44198439177,29028.94944723179,29349.943359375,0
2017-11-17,29690.237538406716,29845.633027954642,29686.78643200142,29754.03515625,0
2017-11-20,29763.93593440715,29851.283888423946,29643.18822273453,29784.384765625,0
2017-11-21,29877.0831309281,29951.081725957592,29698.336524691313,29832.1328125,0
2017-11-22,29937.5831579798,29951.63171992423,29652.03778700809,29790.884765625,0
2017-11-24,29867.88357947623,29931.233942244315,29785.33631463491,29908.3828125,0
2017-11-27,29905.734085578453,30019.130374286993,29802.185266516284,29993.53125,0
2017-11-28,30021.680021632073,30153.126744792597,29923.381106641893,30039.279296875,0
2017-11-29,30115.529627081287,30180.778392148968,29974.983459006708,30029.78125,0
2017-11-30,29950.682074036235,29973.781245403876,29720.635654935115,29767.53515625,0
2017-12-01,29884.283171513664,30011.931142651356,29387.542586920175,29470.44140625,0
2017-12-04,29583.388837824084,29635.48941341319,29244.795642223027,29489.041015625,0
2017-12-05,29486.492653119098,29543.190798671607,29197.248128015963,29511.091796875,0
2017-12-06,29435.741980994986,29504.28950783207,29188.195899093615,29219.095703125,0
2017-12-07,29249.545848349448,29753.536306653503,29245.997087410637,29711.13671875,0
2017-12-08,29846.834954323953,30059.680531424976,29838.53433032594,30001.130859375,0
2017-12-11,30148.627727236075,30175.578388239595,30033.081089390635,30086.4296875,0
2017-12-12,30093.330123753043,30103.529149232098,29754.436155149222,29786.53515625,0
2017-12-13,29785.53553510502,29897.48458690467,29389.84380990909,29496.140625,0
2017-12-14,29575.490907805157,29649.038343653818,29232.24740551377,29507.890625,0
2017-12-15,29780.034759831655,29850.883025399948,29717.535945271065,29759.134765625,0
2017-12-18,29614.53740576189,30166.177324031676,29034.49958909899,30041.6796875,0
2017-12-19,30187.276901691195,30495.07184350994,30176.077895406765,30472.822265625,0
2017-12-20,30507.120576897174,30586.669849301452,30413.573523119918,30479.87109375,0
2017-12-21,30539.87074212896,30655.86854493508,30462.323382881634,30624.419921875,0
2017-12-22,30690.968187322993,30805.014850547457,30661.06836427394,30764.216796875,0
2017-12-26,30860.164804886925,30951.213859591968,30786.316595880693,30899.314453125,0
2017-12-27,30944.06468268888,31008.512681569908,30640.619254416,30749.818359375,0
2017-12-28,30807.815592888895,30875.214704135695,30671.81817440858,30764.966796875,0
2017-12-29,30854.515744881155,31057.812679113667,30842.515971954606,30964.064453125,0
2018-01-02,31022.261367199935,31059.510660881162,30553.72142349997,30797.716796875,0
2018-01-03,30931.762501690588,31085.009592947677,30900.313879858644,30973.01171875,0
2018-01-04,31073.510156874403,31341.155470371054,30970.963274024212,31300.056640625,0
2018-01-05,31428.05390501815,31728.798197071927,31423.15360739786,31695.548828125,0
2018-01-08,31764.297858176258,31935.44500233542,31762.897494114564,31919.09375,0
2018-01-09,31967.394917900914,31990.19526758358,31651.150903799746,31781.44921875,0
2018-01-10,31829.296895128908,31913.69568552095,31613.500205465683,31727.34765625,0
2018-01-11,31731.3469701798,31784.345964279593,31583.451339681094,31695.19921875,0
2018-01-12,31786.146883535723,31824.396157786636,31382.10376867749,31704.248046875,0
2018-01-15,31782.548059856366,31887.59489717364,31603.401064357124,31638.951171875,0
2018-01-16,31718.449625665595,31738.048863578828,31036.011387952334,31121.609375,0
2018-01-17,31125.910446298436,31375.706496178853,30652.76901741228,31347.45703125,0
2018-01-18,31519.502528741345,31545.85163897955,30686.668695914603,30931.263671875,0
2018-01-19,30952.814563936554,31221.358309483592,30785.766944303847,31165.060546875,0
2018-01-22,31206.658040332342,31457.65327919906,31081.56080392911,31404.00390625,0
2018-01-23,31483.252738505536,31699.949802159386,31469.602606664666,31627.701171875,0
2018-01-24,31538.302825966242,31607.30151862956,31315.656653877813,31440.0546875,0
2018-01-25,31510.752273821643,31525.10161118253,30948.464104747614,31012.51171875,0
2018-01-29,31131.40949504353,31238.907456007077,30836.165095280856,30890.61328125,0
2018-01-30,30852.16530898204,30872.815308261117,30663.719661536557,30711.818359375,0
2018-01-31,30643.819534255654,30709.218685233835,30276.976878416357,30499.72265625,0
2018-02-01,30604.820740034505,30701.268132085755,29950.23352844046,30524.271484375,0
2018-02-02,30252.92617561447,30299.274905866852,29453.64055486754,29655.88671875,0
2018-02-05,29249.64452882147,29649.437728397752,28953.85131011573,29558.490234375,0
2018-02-06,28366.262691856944,29287.893646622386,28170.465624748853,29138.296875,0
2018-02-07,29526.590412183636,29604.38776486431,29250.845641745353,29350.59375,0
2018-02-08,29452.692626340537,29918.4338124819,29429.042683275817,29826.78515625,0
2018-02-09,29284.893186203848,29795.68426905869,29279.79367365334,29728.384765625,0
2018-02-12,29985.53086684657,30221.526390664658,29930.08269979483,30171.27734375,0
2018-02-14,30336.87460291295,30353.27468290128,30004.681676284967,30109.6796875,0
2018-02-15,30183.876154328318,30234.775578588065,29777.835035210537,29833.18359375,0
2018-02-16,29967.03219800073,30026.031080885194,29380.994466218955,29501.341796875,0
2018-02-19,29560.289709801596,29560.289709801596,28970.800875272238,29181.998046875,0
2018-02-20,29211.34766712088,29436.54262483686,29080.549360775465,29315.14453125,0
2018-02-21,29464.64128185933,29467.342402586415,29096.29864735099,29189.896484375,0
2018-02-22,29149.796418392445,29149.796418392445,28870.752885822985,28919.900390625,0
2018-02-23,29035.000585189006,29414.343006249845,29010.350661665452,29375.09375,0
2018-02-26,29554.33962575213,29688.08708802401,29499.440276788926,29645.787109375,0
2018-02-27,29717.336370568213,29775.784480002574,29453.290600773755,29534.33984375,0
2018-02-28,29349.24516665843,29489.140955772033,29228.645887239956,29403.443359375,0
2018-03-01,29415.843601885805,29576.740947014943,29169.09827232881,29201.646484375,0
2018-03-05,29106.548664815273,29112.24972877744,28743.356320767198,28891.552734375,0
2018-03-06,29091.848523305598,29165.796339278357,28522.609321674496,28622.7578125,0
2018-03-07,28578.607941064238,28660.00678666059,28249.4130176266,28297.263671875,0
2018-03-08,28476.96107587774,28535.860351838837,27967.621105719358,28277.865234375,0
2018-03-09,28412.060172343598,28506.109167960643,28233.764729371378,28289.462890625,0
2018-03-12,28513.808379287253,28559.858286448638,28277.66247102634,28502.509765625,0
2018-03-13,28492.26083260419,28904.15146448321,28446.460919295183,28857.75390625,0
2018-03-14,28719.555993807906,28927.151673726497,28676.507980513405,28891.75390625,0
2018-03-15,28887.101890958747,29035.198688315973,28849.651430181915,28904.400390625,0
2018-03-16,28867.45285391835,28944.551001995398,28605.25860472894,28647.056640625,0
2018-03-19,28728.506011091325,28740.904213487884,28124.367076574177,28221.515625,0
2018-03-20,28082.11851239272,28404.71201181344,28055.16785096604,28358.3125,0
2018-03-21,28492.261458484678,28671.906495529493,28418.262859185328,28478.51171875,0
2018-03-22,28483.210730430248,28597.808170144228,28335.764303267617,28369.11328125,0
2018-03-23,27948.52019728199,28224.86456044403,27891.820101820387,28189.365234375,0
2018-03-26,28232.015105951774,28662.356550012308,28193.81465889347,28616.40625,0
2018-03-27,28801.25455010282,28894.70199657218,28683.405222678142,28835.203125,0
2018-03-28,28733.955397536312,28848.103624678948,28428.011977415077,28544.708984375,0
2018-04-02,28718.355161966934,29147.696620134604,28634.507144477742,29113.697265625,0
2018-04-03,29119.848152652045,29482.04050267223,29087.54798395262,29454.9921875,0
2018-04-04,29534.83976277748,29610.28754938393,29074.948101777358,29118.998046875,0
2018-04-05,29421.742510615106,29684.837127831706,29407.742776256768,29644.63671875,0
2018-04-06,29685.68742627318,30018.530727931808,29551.289582622914,29990.982421875,0
2018-04-09,29996.08213447993,30106.330045905397,29949.381847311306,30001.53125,0
2018-04-10,30127.578902360314,30142.527837544847,29868.83381048068,29962.630859375,0
2018-04-11,30030.981936941564,30056.48145393188,29869.23500073829,30005.380859375,0
2018-04-12,29986.981837502102,30094.229802683807,29893.53243864486,29956.181640625,0
2018-04-13,30029.580442669485,30146.177839078246,29868.13233500709,29945.880859375,0
2018-04-16,29842.63386678703,30117.42944218896,29796.736298790718,30104.48046875,0
2018-04-17,30221.375883199664,30224.227391603148,30035.43019206123,30164.978515625,0
2018-04-18,30257.12666774162,30278.227830947515,30078.33122293564,30138.830078125,0
2018-04-19,30269.325905006717,30377.77306552343,30205.77632987267,30358.173828125,0
2018-04-20,30296.875702852987,30321.77562212577,30120.37904391167,30230.828125,0
2018-04-23,30263.37546314341,30460.072905881825,30241.276272741317,30390.82421875,0
2018-04-24,30411.82483097165,30553.472540839834,30331.925952474616,30444.173828125,0
2018-04-25,30458.07297515487,30513.620750220976,30277.57639695758,30392.474609375,0
2018-04-26,30475.022573213504,30498.37174047845,30300.17627450503,30326.2265625,0
2018-04-27,30460.372087521042,30592.070764107448,30435.923332000457,30512.822265625,0
2018-04-30,30609.518954369272,30705.567913594266,30583.72061563238,30682.068359375,0
2018-05-02,30793.716961814724,30816.816133251516,30206.17731975466,30287.326171875,0
2018-05-03,30256.87602013324,30276.326823524276,29796.93551468402,29898.333984375,0
2018-05-04,29966.032135597146,29966.8817288832,29680.787537341,29703.38671875,0
2018-05-07,29821.28347397284,29956.280911144564,29742.98613226599,29938.431640625,0
2018-05-08,30014.279931954825,30025.480891233234,29817.18406350135,29841.93359375,0
2018-05-09,29791.485947340956,29808.93483526746,29660.63686568392,29668.38671875,0
2018-05-10,29713.73795853054,29760.737068296978,29246.39524820173,29284.24609375,0
2018-05-11,29370.293365132762,29396.64247548173,29150.748694966187,29288.095703125,0
2018-05-14,29360.042852047947,29362.042814122477,29103.098505758393,29147.896484375,0
2018-05-15,29140.748318396872,29477.691149239614,28896.702163878945,29052.048828125,0
2018-05-16,28931.501708946173,29126.296840180064,28746.60482735979,29021.548828125,0
2018-05-17,29115.046960367545,29171.946270954875,28965.200195317888,29016.6484375,0
2018-05-18,29045.24936248844,29048.19852524912,28548.80761546946,28600.15625,0
2018-05-21,28633.407415711696,28668.807136501073,28113.218040016003,28178.916015625,0
2018-05-22,28183.766929272675,28593.208392454184,28096.618189403842,28561.958984375,0
2018-05-23,28565.057619282466,28702.756178480966,28364.262601018872,28410.76171875,0
2018-05-24,28509.15961683166,28569.40847648236,28302.114707511413,28480.66015625,0
2018-05-25,28576.30810600944,29010.001059671187,28521.260321005924,28962.8515625,0
2018-05-28,29135.347700136812,29474.091274253267,29122.047171194627,29446.541015625,0
2018-05-29,29452.690941209967,29582.13770285511,29320.84383450218,29428.19140625,0
2018-05-30,29249.044747178817,29468.1909805412,29210.795472777776,29342.79296875,0
2018-05-31,29443.091866593735,29513.690136746936,29183.747176886893,29240.845703125,0
2018-06-01,29276.894144563197,29380.192967323004,28915.70177382653,28947.451171875,0
2018-06-04,29091.29902108086,29105.39836360862,28623.55787365222,28688.70703125,0
2018-06-05,28684.154573986114,28696.304733908095,28259.113816387384,28390.16015625,0
2018-06-06,28408.46100156763,28860.20243060273,28381.811116575307,28823.603515625,0
2018-06-07,28954.352383079742,29231.89595824756,28945.10255814751,29204.09765625,0
2018-06-08,29119.947158191295,29328.04281687299,29036.298355637697,29320.04296875,0
2018-06-11,29412.34235076909,29496.44036455395,29309.34430494921,29338.59375,0
2018-06-12,29382.743372986362,29574.53856264159,29352.54277403484,29548.189453125,0
2018-06-13,29618.038606356957,29671.137209977413,29470.84217569306,29490.841796875,0
2018-06-14,29500.539869616867,29500.74103767493,29276.643727170824,29440.140625,0
2018-06-15,29418.191456456643,29485.389399364205,29138.145992242742,29215.095703125,0
2018-06-18,29236.945945112315,29270.996081095047,29008.14949967048,29064.19921875,0
2018-06-19,29003.850548825463,29094.84882372158,28733.30489645682,28847.353515625,0
2018-06-20,28932.85171696041,28968.0014410169,28773.60473687096,28838.00390625,0
2018-06-21,28933.051760204813,28960.801234766754,28639.406929763303,28675.306640625,0
2018-06-22,28674.95604531174,28866.202417429606,28450.261088952753,28828.90234375,0
2018-06-25,28835.8539625302,28879.952736250776,28403.961756092696,28447.16015625,0
2018-06-26,28406.011650228276,28631.757365694437,28389.211187842135,28505.30859375,0
2018-06-27,28569.90745507398,28575.70812632737,28060.817499438537,28118.466796875,0
2018-06-28,28072.916138500223,28175.914182656987,27725.623905152537,27770.822265625,0
2018-06-29,27921.16913371338,28333.712082811253,27914.620429915907,28291.162109375,0
2018-07-02,28354.613216659647,28370.312137995898,27884.97172332347,28041.91796875,0
2018-07-03,28060.56847694914,28211.815614132625,27907.62215317798,28169.966796875,0
2018-07-04,28142.267018621427,28155.016776802087,27958.270508406415,28112.767578125,0
2018-07-05,28162.465639250884,28175.465392590737,27954.569193298274,27998.51953125,0
2018-07-06,27961.120718446833,28318.912768857284,27912.772024949205,28147.517578125,0
2018-07-09,28317.662928443882,28389.013139687362,28250.46498231328,28360.912109375,0
2018-07-10,28492.460112201294,28679.806171659886,28478.11077472392,28655.056640625,0
2018-07-11,28638.10725727022,28681.90525474838,28403.410536514013,28423.4609375,0
2018-07-12,28561.85958527781,28689.905988904517,28311.264720798437,28366.662109375,0
2018-07-13,28426.511982067248,28491.209974524503,28191.366048423708,28234.314453125,0
2018-07-16,28273.662848236596,28275.113992582406,27552.326923092132,27591.92578125,0
2018-07-17,27630.575495576228,27947.219879895238,27523.278702722975,27903.8203125,0
2018-07-18,28022.769146275154,28072.666637143106,27519.37830574763,27590.67578125,0
2018-07-19,27657.376713736074,27715.276008070465,27351.232119786953,27438.4296875,0
2018-07-20,27442.97941077647,27613.876559508062,27340.282140178366,27593.126953125,0
2018-07-23,27699.225679789055,28084.66760248708,27690.92505566204,28065.318359375,0
2018-07-24,28149.41634200817,28807.255451420086,28148.816743983738,28785.705078125,0
2018-07-25,28845.303028595605,28948.30107691725,28677.20660442807,28757.755859375,0
2018-07-26,28835.25361382744,29088.84841107859,28827.05259757198,29025.69921875,0
2018-07-27,29151.847713619776,29326.344405414067,29117.197979903773,29257.89453125,0
2018-07-30,29366.79278261991,29592.0892919998,29243.14473649813,29562.990234375,0
2018-07-31,29524.639851405052,29716.087396156898,29417.391883301512,29689.98828125,0
2018-08-01,29782.78515247439,29885.734373208896,29617.239461846668,29782.5859375,0
2018-08-02,29760.836765693355,29876.63340080641,29522.040506880883,29701.4375,0
2018-08-03,29806.986198987845,30004.281290092666,29794.535262949423,29903.283203125,0
2018-08-06,29993.930768607202,30055.929591979944,29882.483664924766,29947.982421875,0
2018-08-07,30027.08221708285,30077.98164458703,29784.33681032027,29933.68359375,0
2018-08-08,29988.781101194934,30038.379770310006,29855.783622476287,29980.931640625,0
2018-08-09,30040.331075919385,30139.729582775806,29985.431725729235,30092.98046875,0
2018-08-10,30117.329240571242,30127.829041451267,29778.384496500887,29867.18359375,0
2018-08-13,29710.785946464064,29797.934683732903,29525.53946089729,29546.5390625,0
2018-08-14,29615.288901362503,29739.837324529857,29584.539483543045,29709.9375,0
2018-08-16,29619.239880999387,29760.436425907053,29453.692234729104,29497.44140625,0
2018-08-17,29645.48801513789,29958.681288478565,29643.036889793082,29940.130859375,0
2018-08-20,30072.080224494533,30307.825754763282,30062.180021577213,30285.826171875,0
2018-08-21,30376.475373684567,30507.371331682796,30254.776507095077,30416.82421875,0
2018-08-23,30502.07200576565,30620.11859547353,30380.023538816964,30591.369140625,0
2018-08-24,30555.671702783882,30641.869290156723,30357.175459527505,30546.572265625,0
2018-08-27,30661.768370783804,30858.165038423194,30650.219761579552,30806.615234375,0
2018-08-28,30876.16395341995,30952.91249669037,30692.41744102985,30767.515625,0
2018-08-29,30818.56558915053,31087.660092289752,30744.91659606104,30981.361328125,0
2018-08-30,31002.06234309696,31174.60789837559,30937.813561768693,31096.759765625,0
2018-08-31,31147.109391267913,31371.25553727569,31063.01137444267,31251.107421875,0
2018-09-03,31431.103568811697,31436.1542543463,30945.563942134177,31021.662109375,0
2018-09-04,30989.11155786174,31045.41127147417,29950.232821100824,30074.279296875,0
2018-09-05,29982.23271337343,30064.08077198824,29519.19070529562,29894.533203125,0
2018-09-06,30044.880048566312,30133.829535382305,29823.78462762279,30105.1796875,0
2018-09-07,30178.17882374366,30473.72401126997,30008.98280733227,30442.123046875,0
2018-09-10,30403.1234623308,30505.223091328247,29863.38368360437,29909.3828125,0
2018-09-11,30001.1812068707,30062.180050392133,29329.193947093616,29360.193359375,0
2018-09-12,29414.343359181636,29557.289870895114,29093.898255706543,29496.841796875,0
2018-09-14,29698.037377113516,30049.98188610522,29687.8383514477,30021.681640625,0
2018-09-17,29901.333434709883,29919.88191113925,29640.687986154746,29769.3359375,0
2018-09-18,29755.785149582374,29866.933431752295,29306.744839639603,29343.59375,0
2018-09-19,29467.79016243264,29548.638236904353,29071.84846064856,29217.095703125,0
2018-09-21,29348.29304650177,29495.940637128584,27225.983684734845,28631.45703125,0
2018-09-24,28742.155302863037,28750.50670732125,27718.97544674514,27763.224609375,0
2018-09-25,27721.32403191825,28134.56619712775,27360.631651650558,28020.51953125,0
2018-09-26,28277.514287392944,28310.61326879902,27880.17026348441,28104.06640625,0
2018-09-27,28154.767516642234,28165.81613550117,27592.1277826798,27635.92578125,0
2018-09-28,27782.82260686471,27839.02271269983,26982.288963778516,27285.982421875,0
2018-10-01,27230.884262436688,27375.680346128578,26656.244763402305,27307.3828125,0
2018-10-03,27266.382834215576,27379.130694093878,26880.73976366835,26958.837890625,0
2018-10-04,26671.893954320087,26818.689995134795,26212.752281711608,26538.646484375,0
2018-10-05,26395.80121559643,26468.049848222312,25767.46154502256,25902.759765625,0
2018-10-08,25857.458646645886,25995.657196594486,25284.969508007212,25633.763671875,0
2018-10-09,25746.712119265347,25837.26118742654,25102.325872844624,25499.466796875,0
2018-10-10,25591.26581363633,26356.200559832458,25591.26581363633,26323.8515625,0
2018-10-11,25569.565504003895,26165.853015363995,25345.968185091497,25830.759765625,0
2018-10-12,26103.104818196938,26471.197450279837,26096.704548890717,26377.900390625,0
2018-10-15,26476.398667743302,26536.84674101344,26169.353704938836,26488.548828125,0
2018-10-16,26598.495218809636,26889.640084142677,26575.146052550677,26861.140625,0
2018-10-17,27096.48641401479,27172.93418377607,26237.053484930573,26276.65234375,0
2018-10-19,26140.50420743595,26333.350159207865,25887.059795626697,26053.40625,0
2018-10-22,26269.85106633496,26316.15096891632,25881.608434312093,25934.95703125,0
2018-10-23,25753.512806336654,25906.41030451382,25450.268542978665,25604.515625,0
2018-10-24,25796.211036050343,25958.95795613172,25408.8687569689,25698.212890625,0
2018-10-25,25384.319383262795,25586.614374987836,25285.82125121922,25335.3203125,0
2018-10-26,25399.61855636361,25534.615999595822,25039.97497716479,25368.76953125,0
2018-10-29,25458.96665154307,26004.956302470207,25289.77063985359,25966.5078125,0
2018-10-30,25991.757987026525,26184.30512344076,25932.009118047317,26104.15625,0
2018-10-31,26208.25287664192,26610.194471283736,25898.608359415768,26565.845703125,0
2018-11-01,26696.99473301198,26872.841014322465,26595.647041742115,26728.294921875,0
2018-11-02,26937.990046043822,27369.48187761826,26930.290973042363,27134.38671875,0
2018-11-05,27120.037033505414,27306.033510085803,26987.238767916042,27219.134765625,0
2018-11-06,27298.831476347532,27368.730540285207,26924.53975229599,27063.787109375,0
2018-11-07,27246.68361267327,27283.932907781502,27204.83479522968,27247.68359375,0
2018-11-09,27297.83138988066,27410.38003451765,27192.134177676715,27366.9296875,0
2018-11-12,27442.529675326554,27518.977442410665,26996.23736871673,27051.037109375,0
2018-11-13,27017.28907907736,27153.184942736272,26736.093232996704,27121.287109375,0
2018-11-14,27199.434588593307,27289.182890499822,27018.639181229446,27148.787109375,0
2018-11-15,27154.287045283763,27298.182760399483,26964.339467055044,27254.134765625,0
2018-11-16,27307.282228869288,27434.62941998133,27206.68257670913,27358.830078125,0
2018-11-19,27483.17820075533,27538.778709197275,27338.33133734449,27507.779296875,0
2018-11-20,27439.729114951588,27507.92703910867,27120.23517986619,27162.634765625,0
2018-11-21,27226.284064450967,27411.22977319004,27146.93400790408,27374.580078125,0
2018-11-22,27377.929971329442,27418.179207965946,27147.8347259207,27186.93359375,0
2018-11-26,27287.181632104322,27349.63161942022,27009.53846097443,27286.732421875,0
2018-11-27,27250.382984307933,27376.63058722943,27192.784468562917,27259.431640625,0
2018-11-28,27264.982923252224,27356.330800226977,27145.785965056562,27188.43359375,0
2018-11-29,27316.032653597642,27441.629880657565,27240.88368839036,27390.03125,0
2018-11-30,27448.678522336584,27604.277133159383,27390.830010337282,27593.17578125,0
2018-12-03,27719.624262635065,27734.5243704509,27517.327321050503,27680.775390625,0
2018-12-04,27678.775823640884,27772.873648349923,27561.37765959772,27598.626953125,0
2018-12-05,27472.37988413456,27489.97916006421,27124.185309341316,27214.734375,0
2018-12-06,27041.9367797765,27041.9367797765,26766.242785369293,26797.79296875,0
2018-12-07,26884.34042709758,26969.639592804004,26724.294630197524,26915.140625,0
2018-12-10,26472.799887245816,26562.99739936134,26329.302602369637,26425.55078125,0
2018-12-11,26099.057026798102,26928.89093697803,26083.057329488034,26842.142578125,0
2018-12-12,26966.589047524023,27471.130276230942,26949.93897213701,27440.330078125,0
2018-12-13,27562.127991746358,27876.622030982606,27550.878204969227,27719.974609375,0
2018-12-14,27746.52470779434,27939.720263561147,27667.225430056777,27813.5234375,0
2018-12-17,27899.920506157985,28052.318008800612,27837.171695268415,28033.818359375,0
2018-12-18,27977.669642294306,28243.516172707463,27896.12235774039,28169.267578125,0
2018-12-19,28314.213709981253,28636.008396226105,28300.963960940306,28563.708984375,0
2018-12-20,28438.11069901682,28638.757281819348,28320.212545834544,28404.9609375,0
2018-12-21,28478.610384205553,28559.1088578076,27954.46993223995,28016.818359375,0
2018-12-24,28000.520133826496,28097.96750581806,27590.17634789178,27620.076171875,0
2018-12-26,27531.4274986892,27798.623607202702,27137.386137640973,27725.125,0
2018-12-27,27885.220666899797,27959.318869700615,27739.373826072384,27780.421875,0
2018-12-28,27862.872922913917,28123.117996254936,27860.372970240132,28062.66796875,0
2018-12-31,28160.767909262395,28260.465241490132,28109.96808927173,28178.267578125,0
2019-01-02,28073.517742027143,28187.86518025743,27801.22213092512,27876.419921875,0
2019-01-03,27873.52160509946,28044.76835399626,27629.674672010242,27674.125,0
2019-01-04,27706.674061271886,27842.222273315743,27533.378517823003,27718.974609375,0
2019-01-07,27893.420275479428,27931.47033518568,27652.424845478723,27706.07421875,0
2019-01-08,27726.22389497249,27798.972514567617,27625.27659169731,27688.57421875,0
2019-01-09,27779.52355823837,27818.372430307012,27470.379034816466,27682.974609375,0
2019-01-10,27718.874541722533,27820.071840679993,27675.42419413488,27797.671875,0
2019-01-11,27816.372926512522,27841.472059948686,27591.576407935318,27707.025390625,0
2019-01-14,27653.175102781413,27659.325376839082,27391.13124122433,27514.328125,0
2019-01-15,27602.72668248472,27743.624401843026,27573.727232282585,27712.07421875,0
2019-01-16,27739.624763146796,27848.023099773414,27676.975559637453,27727.125,0
2019-01-17,27778.822916221012,27846.921234435544,27619.325940321978,27710.125,0
2019-01-18,27762.922998770253,27768.073291776316,27334.68111569062,27410.03125,0
2019-01-21,27440.78095075184,27616.87722420817,27291.73299302477,27321.8828125,0
2019-01-22,27322.681724483744,27452.130444587314,27150.085384100323,27430.23046875,0
2019-01-23,27457.177964421637,27478.827944037697,27226.783900783474,27263.533203125,0
2019-01-24,27300.283864921603,27341.581911090103,27117.886927885418,27232.083984375,0
2019-01-25,27320.93085565178,27374.929831123136,26751.09205789247,26867.791015625,0
2019-01-28,26867.939808243882,26877.890791450325,26236.752556671847,26371.599609375,0
2019-01-29,26309.0524716677,26490.6974687001,26162.00447559689,26398.30078125,0
2019-01-30,26498.697266783016,26506.148297516756,26264.102101230426,26395.650390625,0
2019-01-31,26499.49714878137,26580.796387306957,26336.59984927561,26555.095703125,0
2019-02-01,26629.546719365262,27045.738060166987,26536.747694677313,26827.69140625,0
2019-02-04,26820.440901363363,26824.241610579997,26400.550421884334,26587.6953125,0
2019-02-05,26583.047261995875,26641.694588635335,26300.851435295594,26397.25,0
2019-02-06,26488.39739667598,26709.442027336332,26256.5014095744,26639.294921875,0
2019-02-07,26681.343097779987,27010.887623043454,26652.443255781982,26955.638671875,0
2019-02-08,26896.588857553004,26922.08837333085,26497.547607007706,26536.095703125,0
2019-02-11,26485.747279190437,26507.547646651907,26134.00395556194,26239.501953125,0
2019-02-12,26258.75273767503,26336.10088230726,26060.106108823693,26093.90625,0
2019-02-14,25767.411575952225,25977.4564194705,25757.91175616634,25945.20703125,0
2019-02-15,25911.060584976047,25931.70863184767,25308.4704225286,25500.1171875,0
2019-02-18,25489.517823107275,25496.168087931386,25131.07538489594,25295.970703125,0
2019-02-19,25310.170431017505,25556.41576143962,25306.619717100093,25337.01953125,0
2019-02-20,25433.61788748065,25731.563416159897,25433.61788748065,25676.814453125,0
2019-02-21,25724.46224036905,25944.208080458047,25673.963196344044,25896.458984375,0
2019-02-22,25929.708246821036,26123.505358575763,25866.859827463653,26097.056640625,0
2019-02-25,26178.5553233974,26241.153748028602,26093.406544306374,26212.154296875,0
2019-02-26,26005.857175800156,26340.151627021864,25795.861152177167,26199.154296875,0
2019-02-27,26301.15251788509,26657.694596778034,26136.3060290035,26310.3515625,0
2019-02-28,26414.84953233493,26551.596943478973,26346.80199246305,26513.947265625,0
2019-03-01,26613.045465260664,26863.239933435787,26593.94426544526,26847.390625,0
2019-03-05,26883.49118570687,27378.081434147833,26866.641895232406,27346.533203125,0
2019-03-06,27499.97960558754,27714.026336335533,27443.080291693706,27557.578125,0
2019-03-07,27598.02804807639,27668.02672223423,27393.43036085321,27428.98046875,0
2019-03-08,27401.231536814696,27490.679063113414,27293.93278578192,27457.6796875,0
2019-03-11,27572.726560160732,28105.61683441226,27546.076675456367,28087.017578125,0
2019-03-12,28260.614231734,28426.81029742096,28155.866219007807,28207.765625,0
2019-03-13,28269.11493953056,28314.162914392644,28004.819164360953,28047.318359375,0
2019-03-14,28103.86801934623,28143.316490824247,27847.722480883494,27941.5703125,0
2019-03-15,27982.969264560285,28128.017294775203,27865.971483583868,27907.12109375,0
2019-03-18,27995.021014102367,28078.369046230855,27840.57276494739,27970.169921875,0
2019-03-19,28066.11898915656,28104.817475192776,27952.871133381665,28058.119140625,0
2019-03-20,28109.61832934052,28109.667156541313,27905.772578375505,27963.5703125,0
2019-03-22,27964.621117287756,28094.417488817387,27736.975035213945,27759.474609375,0
2019-03-25,27606.17621206941,27606.976978148672,27352.48179963056,27422.73046875,0
2019-03-26,27496.67733083889,27731.024445422343,27486.52908595294,27681.224609375,0
2019-03-27,27806.12347687223,27903.971232075506,27575.426676599654,27622.67578125,0
2019-03-28,27664.126989702945,27914.772638151782,27648.226899905138,27872.5234375,0
2019-04-01,28450.111069983734,28543.658124763897,28280.01468507739,28333.462890625,0
2019-04-02,28398.31144413499,28408.71163767001,28078.06751295188,28136.466796875,0
2019-04-03,28238.16407343986,28342.312490333967,28007.77000216942,28032.619140625,0
2019-04-04,28118.966873992176,28127.816315584787,27863.52249838029,28020.01953125,0
2019-04-05,28110.76817966601,28255.36504943171,28079.7179867095,28142.517578125,0
2019-04-08,28181.81564908309,28269.41359874151,27949.271226972563,28038.76953125,0
2019-04-09,28067.718278272085,28176.71621338851,27884.571357227203,28145.916015625,0
2019-04-10,28136.71722670988,28220.81524367533,28023.66858605417,28056.26953125,0
2019-04-11,28069.269069844642,28180.616569982823,27992.770518943722,28148.017578125,0
2019-04-12,28171.066336604865,28295.163596843027,28164.466852156816,28270.564453125,0
2019-04-15,28350.81127127821,28405.611011965815,28262.113736757332,28388.9609375,0
2019-04-16,28481.51091046363,28587.758896519073,28460.86091126208,28541.908203125,0
2019-04-18,28593.207633286394,28639.15598047087,28303.562736754702,28419.01171875,0
2019-04-22,28316.613319462107,28326.312354253954,27881.9203922537,27906.720703125,0
2019-04-23,27967.01972413445,28049.96736781722,27841.72132213718,27874.3203125,0
2019-04-24,27885.02279357244,28084.468235931912,27811.422624651444,28057.318359375,0
2019-04-25,28093.117705387333,28185.76633926322,27874.420680317184,27914.419921875,0
2019-04-26,28015.06852014628,28090.268266439358,27875.071174113822,27920.521484375,0
2019-04-30,27888.021762519915,27921.021136541956,27607.527083332563,27799.72265625,0
2019-05-02,27749.875225293894,27896.67127530924,27617.076957246056,27658.576171875,0
2019-05-03,27655.77705187023,27731.72483236435,27485.530275906865,27537.228515625,0
2019-05-06,27345.43088229089,27425.730141457225,27154.584890428305,27202.384765625,0
2019-05-07,27294.133478063464,27361.032601713003,26998.789462089404,27019.888671875,0
2019-05-08,26982.539707527812,26993.73871415849,26655.245125533405,26707.244140625,0
2019-05-09,26648.745778713692,26727.44350842286,26463.149681005016,26632.095703125,0
2019-05-10,26642.844101785882,26717.592683544826,26500.297978257542,26558.4453125,0
2019-05-13,26506.89804797766,26519.647806351975,26023.50681828992,26074.10546875,0
2019-05-14,26026.25586651329,26259.651825891637,25815.20909218918,26129.50390625,0
2019-05-15,26160.905441867955,26292.15295874307,25936.759291954673,26014.95703125,0
2019-05-16,26012.60726288192,26056.40721512033,25728.56381091149,26004.20703125,0
2019-05-17,25984.057329042695,26262.50125998215,25910.10756151635,26226.001953125,0
2019-05-20,26828.440335293064,27103.886282492906,26654.795191504512,27080.88671875,0
2019-05-21,27179.884526013637,27249.982804948053,26785.591228311205,26858.541015625,0
2019-05-22,26926.639123130753,26936.888928513363,26676.19270658787,26847.541015625,0
2019-05-23,27203.034192555737,27533.326748387768,26882.93870870516,26946.587890625,0
2019-05-24,27079.48591494473,27626.125927992318,27071.435286530264,27572.126953125,0
2019-05-27,27496.02962389385,27740.37460197537,27414.53116860849,27719.375,0
2019-05-28,27838.273171205004,27906.721092683056,27680.475380646953,27824.22265625,0
2019-05-29,27859.57172389679,27861.022868275388,27597.377473225224,27624.826171875,0
2019-05-30,27669.52693671578,27709.37579166499,27583.028574318567,27648.02734375,0
2019-05-31,27771.473934854253,27964.1206762406,27626.127078733014,27838.97265625,0
2019-06-03,27943.41978783776,28164.66559599686,27796.822955964406,28142.517578125,0
2019-06-04,28079.96861394468,28217.71600720943,27950.17028900155,27969.5703125,0
2019-06-06,28029.368413961634,28029.368413961634,27336.430393537303,27373.630859375,0
2019-06-07,27369.980701168504,27541.52822759597,27127.13569936437,27382.23046875,0
2019-06-10,27489.679047957048,27626.1276378968,27400.23152176921,27455.880859375,0
2019-06-11,27508.228542445802,27644.526739969824,27323.532824865535,27612.67578125,0
2019-06-12,27598.527385064484,27605.9764625454,27352.18049444502,27394.73046875,0
2019-06-13,27383.1796021107,27408.38029578339,27146.635262594275,27378.6796875,0
2019-06-14,27371.33065062879,27384.730787188026,27024.538397663586,27092.486328125,0
2019-06-17,27071.636947814466,27087.136653845813,26636.444029842816,26671.794921875,0
2019-06-18,26691.094003836857,26810.9921232491,26579.69572341339,26704.494140625,0
2019-06-19,26809.39158610059,26893.239604158207,26411.399139437148,26551.296875,0
2019-06-20,26521.99729665364,27058.336740141436,26392.400143689512,26997.638671875,0
2019-06-21,26929.939372664187,27031.03902111383,26805.84211273756,26925.689453125,0
2019-06-24,26981.18709288332,27028.686191310055,26883.688943481076,26959.73828125,0
2019-06-25,26886.39135176199,27053.58740499648,26811.091996151372,27027.9375,0
2019-06-26,26980.58900319775,27303.582890556027,26953.689121651543,27245.78515625,0
2019-06-27,27268.98259097437,27416.780567865717,27251.482923017786,27380.830078125,0
2019-06-28,27430.88093968636,27491.729396791106,27285.28408743833,27331.982421875,0
2019-07-01,27436.328787499053,27528.2274336186,27401.979830167867,27471.228515625,0
2019-07-02,27547.428016287828,27577.029018731355,27435.230920327755,27562.328125,0
2019-07-03,27641.825404951487,27719.423542741795,27535.727807629926,27704.375,0
2019-07-05,27820.022852054186,27876.470999610774,27297.331599077323,27377.48046875,0
2019-07-08,27206.285465384088,27206.285465384088,26709.544874177074,26810.142578125,0
2019-07-09,26806.340668216926,26977.737804721633,26606.895236107946,26952.638671875,0
2019-07-10,26896.69037601225,26995.63967592338,26689.645464848705,26738.994140625,0
2019-07-11,26857.741632186266,26947.890316461933,26758.192735214394,26931.58984375,0
2019-07-12,26977.238393145184,27137.934564390413,26933.188447275512,26983.138671875,0
2019-07-15,27039.087012399395,27147.985338570346,26929.639868507726,27095.787109375,0
2019-07-16,27071.935251039446,27393.92913790201,27032.637168998725,27364.98046875,0
2019-07-17,27370.981545561,27546.728216610536,27354.782633646828,27427.830078125,0
2019-07-18,27410.18004179947,27410.18004179947,27095.986774192526,27119.537109375,0
2019-07-19,27264.082203331145,27320.481523634066,26599.295991233394,26655.64453125,0
2019-07-22,26615.04607006356,26712.09305784982,26331.40105830621,26675.59375,0
2019-07-23,26705.74332380949,26750.19169926023,26495.798088257066,26559.74609375,0
2019-07-24,26569.396020388453,26637.04512682183,26064.95442439267,26133.404296875,0
2019-07-25,26221.10308777699,26476.14903948862,26214.804378924055,26301.65234375,0
2019-07-26,26341.84971766747,26628.69388357432,26254.85136864315,26553.396484375,0
2019-07-29,26531.79834459946,26555.497114562295,26086.65638369464,26196.853515625,0
2019-07-30,26206.502764445173,26396.098776473395,25797.311309590335,25837.509765625,0
2019-07-31,25747.761982295997,26111.055877749364,25489.866479768498,26070.806640625,0
2019-08-01,25957.007457911677,26107.25460692646,25507.765982404915,25732.4609375,0
2019-08-02,25606.915965675722,25946.358762935528,25336.96990056989,25810.76171875,0
2019-08-05,25639.114518275335,25727.612843890285,25337.321400064986,25601.265625,0
2019-08-06,25502.2155427219,25928.258243629192,25499.166772419998,25848.009765625,0
2019-08-07,25893.108223475883,26053.75556541944,25674.663150262517,25729.51171875,0
2019-08-08,25874.958401420783,26113.15505498725,25745.261642864753,26050.15625,0
2019-08-09,26159.1538044697,26441.998044537468,26134.80465732102,26236.1015625,0
2019-08-13,26227.80321880738,26228.402816807527,25582.565459484686,25635.61328125,0
2019-08-14,25658.815365209193,25958.309699345362,25553.567356301573,25913.509765625,0
2019-08-16,25837.01088113962,26018.80822079539,25693.163994921157,25999.107421875,0
2019-08-19,26077.906370326084,26265.553206166256,25946.559249193167,25981.158203125,0
2019-08-20,25842.410983501875,25844.01056258383,25739.961751824474,25782.9609375,0
2019-08-21,25826.710262583165,25837.26084408756,25455.068861068517,25481.568359375,0
2019-08-22,25460.36690522479,25476.36660188588,25078.274539954764,25136.423828125,0
2019-08-23,25080.924920838745,25417.518149272415,24872.778476134634,25344.619140625,0
2019-08-26,25748.510991531974,25849.059863186125,25173.771906814778,25813.060546875,0
2019-08-27,25928.75821165621,26226.402956881033,25922.80910574235,26155.75390625,0
2019-08-28,26203.701812305077,26233.752023133053,25880.00873799308,26031.65625,0
2019-08-29,25979.10674552572,26098.704085954138,25819.760159202004,26046.40625,0
2019-08-30,26155.155113213736,26456.69823127912,26000.956861256844,26404.55078125,0
2019-09-03,26259.351300683065,26309.85034239163,25769.960196953158,25833.859375,0
2019-09-04,25858.0614023369,25893.25995493374,25511.466399349745,25800.0625,0
2019-09-05,25878.458095928378,26036.306662769468,25853.060140432193,25934.55859375,0
2019-09-06,26024.70562339907,26081.854930106638,25883.45830235429,26053.455078125,0
2019-09-09,26048.156049450037,26188.952205549533,25969.907534448157,26140.50390625,0
2019-09-11,26184.453532492797,26363.10054123064,26111.556474974608,26309.15234375,0
2019-09-12,26379.500153069715,26495.347567332068,26252.652947234816,26284.501953125,0
2019-09-13,26374.550441517455,26485.946765767894,26103.95401238059,26459.59765625,0
2019-09-16,26281.65126807626,26494.09645221745,26162.903523249515,26430.697265625,0
2019-09-17,26436.09892485539,26476.148947580976,25946.908971081953,25987.45703125,0
2019-09-18,26126.805116240637,26192.60269608603,25947.60734401841,26149.404296875,0
2019-09-19,26178.202159147735,26188.502744814978,25814.259850766062,25921.607421875,0
2019-09-20,26025.955854722815,27475.828760665227,25811.561481414425,27406.330078125,0
2019-09-23,27841.171261605676,28151.616546450834,27730.67335699734,27911.8203125,0
2019-09-24,27971.669360264663,28029.869429674156,27678.825298142106,27942.021484375,0
2019-09-25,27873.62151311604,27891.4200035303,27408.079565115986,27483.978515625,0
2019-09-26,27517.07782899425,27928.82002151559,27512.42752654855,27810.47265625,0
2019-09-27,27790.172394425303,27954.669276022243,27709.525485766237,27817.572265625,0
2019-09-30,27793.873712314635,27807.17228843908,27379.58078168319,27519.779296875,0
2019-10-01,27629.977172286573,27758.12513803415,26901.29174207266,27249.333984375,565900
2019-10-03,27151.085459199807,27284.832926472933,26923.790935268076,27022.6875,0
2019-10-04,27135.73552085835,27179.984681917744,26640.594517843943,26681.09375,0
2019-10-07,26651.29597727747,26679.943872155785,26256.201898280742,26294.552734375,0
2019-10-09,26320.400971119936,26680.74374312916,26168.554242978313,26659.794921875,0
2019-10-10,26575.29725647074,26683.49442519831,26420.89979122975,26492.34765625,0
2019-10-11,26556.297666872168,26698.593799168444,26384.650528136586,26598.095703125,0
2019-10-14,26679.0939197419,26899.29091788673,26622.194607616504,26791.091796875,0
2019-10-15,26829.241707465535,27052.087094930426,26802.74220951092,27010.087890625,0
2019-10-16,27084.58692684526,27284.73352890717,27041.388525795213,27240.03515625,0
2019-10-17,27275.082840930678,27650.07573611284,27230.284861572378,27627.076171875,0
2019-10-18,27664.67458613113,28064.567393192836,27604.97649949506,28013.619140625,0
2019-10-22,28087.468234754342,28379.411926288165,28048.869356151587,28163.416015625,0
2019-10-23,28202.11600891685,28325.51406136049,28007.21931124986,28139.916015625,0
2019-10-24,28220.215425573406,28291.063692872474,27932.42009601897,28044.71875,0
2019-10-25,28054.119293437598,28088.91746279268,27767.224334068676,27959.021484375,0
2019-10-29,28104.817032277748,28479.710318797494,28049.41769145215,28447.060546875,0
2019-10-30,28557.05813475,28738.054702847163,28491.059386162084,28635.857421875,0
2019-10-31,28757.204401758092,28882.602413259807,28647.20648870184,28721.5546875,0
2019-11-01,28793.703413375268,28953.149605381725,28670.506533253472,28706.005859375,0
2019-11-04,28759.50578201398,28913.352475958814,28608.15708760648,28652.357421875,0
2019-11-05,28670.3062161575,28695.15535456253,28374.561821451596,28441.810546875,0
2019-11-06,28449.060197779963,28612.557097778663,28292.06317453962,28533.658203125,0
2019-11-07,28672.60766982231,28735.05570654349,28578.658276240058,28685.70703125,482500
2019-11-08,28720.856958858523,28810.355265447255,28341.514527080213,28386.712890625,0
2019-11-11,28323.36373912428,28560.208860921775,28295.463877126564,28450.611328125,0
2019-11-13,28535.307996978616,28745.903609158486,28213.663711300243,28298.0625,0
2019-11-14,28324.114366820282,28326.813534489494,28077.417863588988,28175.06640625,0
2019-11-15,28266.113884892573,28328.763086402723,28103.11697865972,28195.015625,0
2019-11-18,28261.615139260804,28302.21397972771,28118.91666997552,28153.466796875,0
2019-11-19,28151.566841635395,28174.41601859026,28006.16920265729,28071.369140625,0
2019-11-20,28178.165336638725,28349.113269621404,28164.11677468705,28245.4140625,0
2019-11-21,28360.263252979807,28360.263252979807,28098.76820924475,28132.06640625,0
2019-11-22,28157.16610383131,28177.11689796709,27971.620788736534,28058.66796875,0
2019-11-25,28089.5184173356,28474.65955548497,28083.817353509465,28442.9609375,0
2019-11-26,28553.760129358106,28672.906310881724,28161.566383485486,28263.515625,0
2019-11-27,28356.863435598338,28497.40960239336,28294.765002096192,28468.16015625,0
2019-11-28,28500.309702798426,28834.803366189084,28454.410181688654,28765.0546875,945900
2019-11-29,28797.50499724293,28906.051768137917,28467.511251441305,28545.908203125,0
2019-12-02,28580.508976993966,28591.55759566893,28377.46204492986,28538.908203125,0
2019-12-03,28607.906891490697,28610.807227133308,28264.61457124423,28332.662109375,0
2019-12-04,28238.564868907808,28399.81181544996,28186.517026388407,28363.662109375,913700
2019-12-05,28337.36354353461,28399.311588688215,28094.217759269926,28145.017578125,503200
2019-12-06,28220.664924002624,28264.414095710566,27741.025567393863,27853.5234375,724700
2019-12-09,27869.773266012642,27988.81984084044,27704.475613493887,27757.525390625,510900
2019-12-10,27785.921605017003,27856.52182692276,27429.47915458423,27463.12890625,566300
2019-12-11,27509.17738510042,27628.575510810017,27346.782028149166,27593.7265625,413300
2019-12-12,27733.77456641912,27879.471020755103,27674.724905565017,27793.2734375,296100
2019-12-13,27905.671194845927,28101.46827127421,27892.773001402213,28076.16796875,521400
2019-12-16,28095.367668464994,28121.066399935957,27895.471068121366,27914.720703125,331800
2019-12-17,27976.87017064382,28065.768876453116,27920.470848903475,28031.21875,467200
2019-12-18,28085.61817379616,28170.76695086892,27908.371532584446,28137.666015625,501800
2019-12-19,28153.466573601778,28286.563661173648,28142.267567040413,28244.765625,377800
2019-12-20,28281.71329063531,28435.809975677792,28270.412723839083,28405.7109375,381600
2019-12-23,28383.01195033893,28522.55812928086,28262.26424264665,28395.2109375,291500
2019-12-24,28423.161336348032,28429.862381411865,28318.214103628685,28382.3125,251000
2019-12-26,28408.562014862477,28434.71191063524,28259.21523167808,28279.71484375,341100
2019-12-27,28353.96325263945,28499.710493609036,28319.364298230998,28476.26171875,324300
2019-12-30,28528.409321685453,28612.40773202461,28406.16163520971,28484.310546875,0
2019-12-31,28494.459333950897,28548.958299864225,28269.713598372535,28307.013671875,315400
2020-01-02,28324.912183684686,28552.259435723085,28314.013952813115,28534.859375,229900
2020-01-03,28493.060269565744,28585.35930370459,28385.06231383885,28478.41015625,237000
2020-01-06,28315.91192311988,28337.81189819192,27830.82151835589,27894.37109375,251700
2020-01-07,28049.018558122618,28346.762908497873,27971.219253095016,28100.666015625,282400
2020-01-08,27738.52468091226,28144.866583438583,27737.874302622604,28113.017578125,499300
2020-01-09,28396.562197148323,28516.511098959578,28348.813100812225,28483.76171875,568300
2020-01-10,28556.15819083987,28680.155841567626,28462.710742554835,28555.509765625,270000
2020-01-13,28668.806849523622,28806.903844436678,28630.707961439428,28783.005859375,276900
2020-01-14,28835.953290890615,28916.45176469696,28769.454551659288,28844.703125,218400
2020-01-15,28861.952980884864,28985.50142052762,28716.106135737642,28957.400390625,283200
2020-01-16,29067.648693690495,29100.99962454246,28897.70269362298,28978.05078125,332800
2020-01-17,28956.75147107497,29083.397506097062,28928.701221938776,29034.298828125,1203600
2020-01-20,29122.297705991503,29162.14656018167,28723.856038201484,28753.904296875,566300
2020-01-21,28698.55508954861,28800.652761745707,28583.307276234285,28616.806640625,808500
2020-01-22,28710.806354426113,28741.45616510706,28552.360133735187,28592.458984375,547600
2020-01-23,28637.807653722964,28936.202397382254,28604.40789517107,28897.75390625,826500
2020-01-24,28888.051902062914,29203.8466959546,28834.65252387136,29153.197265625,340100
2020-01-27,29058.19931470085,29258.945510336456,28894.45241788725,28960.201171875,303000
2020-01-28,29034.200361164596,29143.547900509995,28846.40313505465,28888.203125,428700
2020-01-29,29024.64882057018,29145.14653555638,28980.200444700495,29044.849609375,340700
2020-01-30,29078.198636382243,29094.297940491753,28422.761845637317,28532.458984375,411900
2020-01-31,28655.555637735055,28693.75608444667,28262.61387824273,28294.0625,372800
2020-02-03,27301.58253024376,27671.925125504204,27193.334580409013,27534.177734375,359000
2020-02-04,27728.323681906022,28242.563928230527,27721.974192962774,28111.916015625,339300
2020-02-05,28234.765500377576,28565.20845451763,28171.516699462205,28537.259765625,331800
2020-02-06,28624.75856685488,28934.151143795094,28599.40748455882,28870.802734375,445000
2020-02-07,28899.45199573259,29087.698426120016,28813.70362173141,29045.8984375,364300
2020-02-10,29066.39824392918,29074.79847532165,28850.802721324868,28953.150390625,301100
2020-02-11,29086.099112840275,29128.598307339966,28820.652972047643,28853.802734375,344700
2020-02-12,28926.852150097584,29045.398731450623,28742.904464518833,28854.802734375,518300
2020-02-13,28828.952709249425,28844.102812263864,28682.205495108272,28807.052734375,291900
2020-02-14,28789.8538824776,28894.101903572355,28452.959886998407,28500.509765625,1588600
2020-02-17,28513.11067519758,28572.20916591641,28142.86768340713,28169.06640625,0
2020-02-18,28115.91690664928,28115.91690664928,27750.22461146626,28059.818359375,843600
2020-02-19,28289.662708385895,28642.806401679314,28284.213592977776,28630.20703125,1199200
2020-02-20,28631.656962124704,28958.201558927492,28627.008612660065,28669.2578125,1218900
2020-02-24,28478.261869210542,28598.708808667445,28010.56954777115,28073.369140625,0
2020-02-25,28216.66518378179,28355.514118395546,27834.723193752023,27863.123046875,814700
2020-02-26,27757.123448443774,27825.721755546165,27400.630216123493,27469.62890625,532900
2020-02-27,27450.979573946322,27458.03022152748,27086.836086891282,27403.78125,632200
2020-02-28,26859.14127932487,26886.99036082439,26287.402116561458,26481.498046875,729400
2020-03-02,26869.590788864432,27215.683844390267,26163.90493345294,26403.80078125,564200
2020-03-03,26608.74623674387,27035.038947316585,26556.897608979707,26925.791015625,579900
2020-03-04,27076.836930030466,27102.78761054904,26366.600377820214,26716.64453125,471500
2020-03-05,26874.189507208368,27097.386445800144,26710.34300544162,26877.041015625,598000
2020-03-06,25999.558261924285,26397.19916676437,25905.259267015303,26291.3515625,580100
2020-03-09,25843.359693726,25898.958249112562,25008.87551314204,25138.97265625,978800
2020-03-11,25064.92565476055,25453.81867965589,24887.628231567407,24955.126953125,1004300
2020-03-12,24046.643887446742,24086.99273214733,22629.221531091862,22775.96875,1157800
2020-03-13,21140.25024610397,23850.99776496087,20223.61720559,23423.357421875,1807400
2020-03-16,22652.57120716172,23189.711430204476,21998.032815735907,22183.9296875,1607400
2020-03-17,22209.578101963914,22802.117627202617,21842.585073444294,22002.732421875,977100
2020-03-18,22300.42705051913,22370.376896951933,20815.605576231497,20924.353515625,2593000
2020-03-19,19963.67315530953,20974.7536394356,19387.28366746884,20237.8671875,1031300
2020-03-20,20421.36376732828,21368.99623522177,20070.67118128587,20963.404296875,925600
2020-03-23,19308.4831642709,19802.92495240659,18442.59920678227,18524.298828125,570900
2020-03-24,18780.643374835974,19378.731627128218,18383.701693601564,18719.744140625,572500
2020-03-25,18504.050027890073,19502.329954202516,18482.099271639057,19392.6328125,417200
2020-03-26,19714.125487389887,20713.10650957673,19490.37973792612,20459.4609375,554000
2020-03-27,21002.002868053034,21481.64418010352,20206.517924865595,20431.212890625,504900
2020-03-30,20085.419380386793,20608.85865957869,19776.124472319854,20262.615234375,297400
2020-03-31,20787.65661369445,21194.29734062927,20428.96224324425,21115.849609375,392200
2020-04-01,21167.898633053406,21285.59561579358,20592.259178439228,20664.158203125,401000
2020-04-03,20730.306225206197,20743.907529860273,20276.865602529753,20399.3125,436500
2020-04-07,21068.09992599611,21765.987064049565,20840.70385352308,21701.888671875,459800
2020-04-08,21675.088881647138,22700.018660225764,21565.54017824248,22139.23046875,549900
2020-04-09,22602.372793236696,23043.864433356444,22581.873181407806,22898.416015625,435700
2020-04-13,22903.116446955722,22950.064775378454,22389.175021456802,22864.06640625,1086500
2020-04-15,23055.71279572735,23598.501321785716,22853.316246566636,23050.712890625,1069700
2020-04-16,22949.86648565029,23394.10807897092,22735.268984121656,23222.41015625,747600
2020-04-17,23861.698479007566,23917.496250390475,23214.560344393652,23513.25390625,992300
2020-04-20,23726.14997354069,23729.649907213214,23370.807098291974,23394.95703125,649200
2020-04-21,22952.91537730283,23183.16102142727,22787.068905475106,23022.4140625,572200
2020-04-22,23027.51316754144,23360.85841778366,22769.018062429666,23310.30859375,736600
2020-04-23,23438.055391513702,23828.047993544136,23305.458297440946,23372.20703125,928900
2020-04-24,23117.161145448088,23334.55741271121,22930.36586027517,22963.365234375,571100
2020-04-27,23170.311532305204,23490.254696551296,23158.112544405016,23428.806640625,508500
2020-04-28,23679.800715351972,23691.150109391187,23233.95956506777,23367.505859375,550500
2020-04-29,23497.7543358272,23694.25061556364,23426.107254821203,23623.603515625,727100
2020-04-30,23966.994753044808,24163.842582887097,23844.84863169766,24102.29296875,693100
2020-05-04,23431.55638398341,23485.705749429995,23077.313090665462,23108.51171875,732600
2020-05-05,23435.255377850626,23555.854656317813,22740.469708289143,22791.068359375,491200
2020-05-06,22823.51718981364,23099.363530787075,22526.823587210376,23009.365234375,730100
2020-05-07,22973.71468578496,23125.01064452717,22715.918793727647,22759.41796875,366600
2020-05-08,23029.563115724155,23122.862127037366,22919.01443164732,22959.064453125,0
2020-05-11,23181.91051801115,23371.358101536618,23161.461686584935,23201.009765625,1197800
2020-05-12,23087.511220711483,23238.908739142273,22794.51677917075,23164.2109375,840500
2020-05-13,23875.94712870951,23891.296446692457,23359.05655075549,23457.205078125,858100
2020-05-14,23329.60893085568,23534.903870803624,23216.810285952066,23306.158203125,563800
2020-05-15,23377.857526627507,23397.505591591416,23105.36269325128,23177.361328125,502400
2020-05-18,23186.060199542873,23191.409707446728,22364.876557261585,22446.974609375,665600
2020-05-19,22715.0694662369,22868.11734666901,22477.27319209725,22567.373046875,1150400
2020-05-20,22581.0724358054,23069.713574192472,22528.423042077055,23002.6640625,734000
2020-05-21,23096.7613359232,23384.306665709246,23055.463290752334,23282.609375,701400
2020-05-22,23230.658318809044,23412.70564188041,23011.162488361104,23031.11328125,641200
2020-05-26,23111.510767395783,23175.060343038855,23000.06366292271,23061.36328125,484700
2020-05-27,23089.36325660172,23139.811519398183,22854.916527301495,23088.0625,468900
2020-05-28,23162.811003350896,23539.50308278777,23114.06192727507,23496.0546875,859800
2020-05-29,23412.705738998593,24151.8420920243,23365.956626852778,24064.54296875,2977000
2020-06-01,24290.9891510709,24544.68551797489,24273.190660046643,24440.037109375,988900
2020-06-02,24561.233148650812,24716.081772767666,24440.485439940352,24599.533203125,1359400
2020-06-03,24843.878981162376,25065.47439276083,24673.132215691294,24744.73046875,1414500
2020-06-04,24849.830163346527,25083.374568496496,24584.884009147816,24854.330078125,1330600
2020-06-05,25048.325548844252,25367.768706920047,24946.526698985323,25324.3203125,2270200
2020-06-08,25680.962072989434,25698.762516580333,25208.221040480184,25328.96875,2525500
2020-06-09,25488.517256673127,25665.664292197143,25045.576427062737,25162.173828125,2026700
2020-06-10,25188.27277439062,25240.521784463053,24963.22625694872,25153.2734375,1508200
2020-06-11,25141.524187198076,25387.419924153764,24728.08279298197,24768.33203125,2651800
2020-06-12,23913.39596012326,25071.47360017798,23906.89608342922,25018.275390625,1875900
2020-06-15,25052.82514200078,25202.8711214348,24698.031096676663,24792.830078125,0
2020-06-16,25119.124056931298,25183.773223625514,24543.285349270227,24862.978515625,0
2020-06-17,24784.48038550572,25065.926233437356,24754.182130514757,24883.330078125,0
2020-06-18,24836.62916075612,24987.026702592128,24788.630069941737,24953.177734375,0
2020-06-19,25074.373979798253,25288.420700849125,25038.724265403835,25226.521484375,0
2020-06-22,25479.016346591165,25794.160755012403,25427.866926905972,25722.8125,1678600
2020-06-23,25871.31069333624,26222.102876300847,25815.86057186934,26188.353515625,890100
2020-06-24,26420.30091979038,26556.497561754735,25823.812205116785,25911.458984375,1056500
2020-06-25,25774.36038667056,26142.35340180128,25722.210985892467,25930.55859375,1060400
2020-06-26,26141.604246051298,26264.45152756466,25894.810094485932,25974.0078125,1430400
2020-06-29,25932.258434729483,25991.106928587455,25631.314920587905,25759.01171875,174900
2020-06-30,25909.758559778053,25990.10664516043,25668.513135571553,25743.2109375,192800
2020-07-01,25845.609609541658,25847.109581104105,25678.763163362728,25754.9609375,207500
2020-07-02,25800.91097442865,25975.456491608424,25781.06174157276,25947.0078125,246200
2020-07-03,26108.60422050913,26176.602930290646,26053.406049098132,26145.75390625,263000
2020-07-06,26317.95015549309,26367.25000187766,26236.8032567693,26264.3515625,209500
2020-07-07,26352.250717104005,26434.848761535224,26135.454043392,26390.099609375,265700
2020-07-08,26472.848270222403,26529.847190784698,26242.653410870927,26299.001953125,346800
2020-07-09,26376.94910811033,26494.14805787687,26201.503215838955,26268.1015625,214600
2020-07-10,26245.852802030575,26405.300955713923,26124.255494369143,26208.154296875,269100
2020-07-13,26351.199715169885,26376.19924128813,26092.355012359185,26274.3515625,189000
2020-07-14,26233.452925122117,26323.601610282796,25935.958553224584,26016.408203125,210600
2020-07-15,26172.453344143873,26278.70133112362,25810.411375422394,25874.759765625,186800
2020-07-16,25979.308029489905,25991.45623657382,25613.664574055638,25949.55859375,162300
2020-07-17,26035.906824560283,26410.19855718833,26026.256616875526,26375.30078125,192300
2020-07-20,26504.648827311346,26598.246665478502,26409.199461681746,26525.248046875,167800
2020-07-21,26719.04406924042,26746.992757958873,26462.14855049797,26571.095703125,222300
2020-07-22,26657.944836850285,26669.495399557756,26267.303790477934,26426.349609375,207500
2020-07-23,26494.596544919754,26678.093060791412,26450.597380351075,26641.794921875,167700
2020-07-24,26531.49636588429,26669.644134119353,26223.902595407875,26340.05078125,172600
2020-07-27,26411.899017855703,26420.398856504653,25972.956178361,26133.8046875,189800
2020-07-28,26206.90428124097,26348.600817606948,26194.10374231137,26309.251953125,174800
2020-07-29,26337.349464082403,26509.24659038733,26281.450134983595,26432.548828125,199400
2020-07-30,26538.945804755243,26633.34440474483,26346.000245965788,26564.896484375,218300
2020-07-31,26657.44331318895,26926.988978995218,26560.396326823848,26860.83984375,215000
2020-08-03,26851.591358481168,26989.48913895658,26673.9443303854,26725.244140625,301500
2020-08-04,26890.339964090133,26924.239712222447,26727.59304858807,26896.689453125,0
2020-08-05,27025.788132410453,27155.234895700774,26831.541817044836,26873.791015625,200400
2020-08-06,27005.23744221151,27108.885865595643,26944.687810189895,27063.935546875,225300
2020-08-07,27126.986383963762,27193.33473711451,27022.337974727347,27129.935546875,228300
2020-08-10,27406.38116356862,27609.726920460576,27369.18069647434,27525.529296875,255000
2020-08-11,27657.67463959645,27691.72477502241,27371.83045178722,27391.53125,272300
2020-08-12,27377.130925784168,27411.729878664533,27170.584063638515,27380.630859375,345100
2020-08-13,27498.578441523594,27590.02788019964,27456.130027278778,27515.279296875,252400
2020-08-14,27623.975509856813,27682.923609372647,27086.235719799963,27259.931640625,268000
2020-08-17,27469.179402951493,27469.179402951493,27061.237903923768,27350.931640625,198300
2020-08-18,27441.8792773505,27710.573393677692,27426.17840363051,27667.125,0
2020-08-19,27817.372948448272,27975.020349938073,27672.125702465473,27709.173828125,0
2020-08-20,27597.075932248794,27738.172864193908,27480.02932517906,27687.375,0
2020-08-21,27984.917830552284,28024.118258074748,27743.1724209055,27771.921875,0
2020-08-24,27925.96980749345,27956.168452902733,27753.67229742255,27775.921875,0
2020-08-25,27933.870520264372,27995.71895645239,27672.324700209345,27800.671875,0
2020-08-26,27932.0212773827,27935.07004771254,27705.074407711396,27818.072265625,0
2020-08-27,27972.469993571976,28049.519314935325,27895.42067220863,27935.021484375,0
2020-08-28,28074.46768347089,28159.065688793515,27973.319210709644,28018.21875,0
2020-08-31,28161.46686044416,28180.665715730524,26755.544257955153,26823.642578125,0
2020-09-01,26943.240096991005,27247.285124164147,26688.944128312884,27142.38671875,0
2020-09-02,27222.43394722434,27510.979266832397,27167.286553564936,27447.48046875,0
2020-09-03,27564.077112054194,27704.67405631088,27537.677221858496,27613.67578125,0
2020-09-04,27249.33320195428,27506.52949965215,27044.7882502005,27104.986328125,0
2020-09-07,27206.03545321633,27292.93224474506,26864.34075361319,27015.48828125,148700
2020-09-08,27084.43663335435,27132.58611272835,26758.64397100503,26832.2421875,0
2020-09-09,26660.644983735066,26838.991212193636,26464.998301991865,26787.54296875,0
2020-09-10,26940.68952714268,27087.28831613637,26786.993216177194,27047.837890625,0
2020-09-11,27066.38701555661,27332.23158258988,27048.986954963,27287.982421875,0
2020-09-14,27458.677781971102,27507.72763177073,27165.234135678413,27255.482421875,0
2020-09-15,27360.481449437077,27562.028410860643,27349.132055161903,27515.279296875,0
2020-09-16,27620.47703679987,27698.32517220648,27547.578026437048,27645.52734375,0
2020-09-17,27567.976955132395,27689.275434996718,27451.328777663286,27485.728515625,0
2020-09-18,27623.67638396272,27746.324453221212,27425.83051922689,27552.328125,0
2020-09-21,27601.277272614592,27601.277272614592,26543.945764337794,26670.744140625,0
2020-09-22,26653.494375414968,26671.843636699115,25873.45839167576,26357.0,0
2020-09-23,26538.346848206722,26651.245100007578,26051.00647135169,26289.501953125,0
2020-09-24,26055.75686521175,26089.45544617784,25636.21402428646,25696.11328125,0
2020-09-25,25968.10773696987,26438.249222455317,25860.41055815558,26397.19921875,0
2020-09-28,26659.545335056533,27025.737611059023,26631.944295852787,26990.388671875,0
2020-09-29,27180.035047219746,27286.033035935736,26800.741462965943,26865.490234375,0
2020-09-30,26993.98903365927,27120.58624668912,26853.491693118453,27033.73828125,0
2020-10-01,27245.83407140586,27305.7841089232,27172.18507434636,27250.43359375,0
2020-10-05,27402.730869418792,27418.88095408878,27205.785381699323,27320.783203125,0
2020-10-06,27483.17854325861,27542.628588838063,27366.68075033759,27422.78125,0
2020-10-07,27457.230476799716,27484.679176187932,27289.583258257913,27354.431640625,0
2020-10-08,27488.427735338355,27546.877798356254,27298.581727535067,27488.478515625,0
2020-10-09,27555.778482735128,27609.47668367717,27372.631563518637,27409.78125,0
2020-10-12,27485.978835442398,27539.278606069798,27180.683842923107,27296.83203125,0
2020-10-13,27266.682011840254,27459.229140768148,27147.285839101532,27183.28515625,0
2020-10-14,27181.183515192737,27425.530441743784,27056.83626503507,27382.9296875,0
2020-10-15,27464.479953700244,27498.8796929582,26854.19072841831,26921.541015625,0
2020-10-16,27006.93640868051,27177.43317127308,26855.640453376338,27155.18359375,0
2020-10-19,27298.382393497795,27421.130064314333,27182.833804825954,27379.23046875,0
2020-10-20,27366.132153698236,27480.379990168247,27293.98312937113,27434.48046875,0
2020-10-21,27537.426512878814,27631.47550892342,27099.68482193964,27370.1796875,0
2020-10-22,27344.93175135614,27413.28202041588,27129.836212385446,27350.783203125,0
2020-10-23,27416.131160504483,27499.078808321046,27349.282817160536,27432.03125,0
2020-10-26,27528.67668655863,27533.778152225783,26953.43760538851,27061.88671875,0
2020-10-27,27117.08466774506,27507.67685994441,26956.337720259595,27461.62890625,0
2020-10-28,27559.4782449311,27576.477923093793,27196.63550488204,27235.68359375,0
2020-10-29,27033.83814681318,27379.73199335251,26952.18930093102,27357.08203125,0
2020-10-30,27423.330604273557,27648.32634607679,27195.985297562434,27347.931640625,0
2020-11-02,27452.829920067685,27529.928069954385,27344.38275425112,27444.48046875,0
2020-11-03,27595.127102937637,27774.52409164914,27548.377989443263,27603.02734375,0
2020-11-04,27673.4748272397,27810.023017149426,27550.22716616948,27787.873046875,0
2020-11-05,27936.419699452155,28273.014881977673,27935.220503432247,28233.814453125,0
2020-11-06,28281.764667979394,28397.56130104647,28227.015705808735,28334.3125,0
2020-11-09,28595.60830936539,28763.355129422285,28483.909254947153,28745.455078125,0
2020-11-10,28930.05133249361,28935.900831010018,28342.013648747987,28546.908203125,0
2020-11-11,28662.607618170005,28905.003418641678,28521.459900403464,28879.25390625,0
2020-11-12,28921.00243536734,29080.499411284403,28846.65228255569,29049.44921875,0
2020-11-13,29029.20061714245,29339.893955964973,29002.150347823674,29309.49609375,0
2020-11-17,29608.03863455598,29745.086819194243,29529.090911605315,29688.537109375,0
2020-11-18,29684.437554309112,29816.784656038246,29519.540288074008,29790.384765625,0
2020-11-19,29709.936976332163,30007.630553584848,29522.440529518335,29579.240234375,0
2020-11-20,29638.08799417617,29973.431240257738,29634.03728979016,29952.33203125,0
2020-11-23,30149.929056154953,30297.625478004076,30129.628659329956,30219.728515625,0
2020-11-24,30351.373524872648,30476.171938991458,30283.624809905774,30376.57421875,0
2020-11-25,30517.4729820486,30538.12102861109,29863.084981206477,29915.734375,0
2020-11-26,29905.583431337458,30235.077184693113,29808.485662771945,30185.478515625,256000
2020-11-27,30315.87533980891,30590.42092391625,30120.779423595875,30333.826171875,0
2020-12-01,30655.470239386574,30766.317749572765,30480.772375874567,30734.1171875,0
2020-12-02,30848.965603159377,31017.312019149045,30670.66820405622,30991.962890625,0
2020-12-03,31157.358529524856,31345.80612876175,31073.61011724882,31318.806640625,0
2020-12-04,31434.003991515292,31555.751684615403,31170.258989008897,31438.50390625,0
2020-12-07,31514.752017510622,31783.797697038444,31447.454465501312,31724.1484375,0
2020-12-08,31822.595592540954,31941.144125105704,31380.65475673604,31713.798828125,0
2020-12-09,31892.59441349918,31959.444708262577,31662.24917234865,31721.59765625,0
2020-12-10,31680.200483986067,31876.84519533281,31422.55497539753,31850.046875,0
2020-12-11,31921.795043246188,32065.591144500948,31601.599943375102,31928.1953125,0
2020-12-14,32065.942921457277,32141.49031746395,31985.544054917766,32042.841796875,240900
2020-12-15,32078.443298514656,32082.742045232513,31758.44935837212,31972.09375,230300
2020-12-16,32165.489812565105,32242.789128366378,32039.792976789216,32143.240234375,0
2020-12-17,32210.439959273015,32303.28780792986,31952.89406198903,32031.142578125,0
2020-12-18,32109.54244997911,32210.940920793142,31790.398101820196,32082.142578125,0
2020-12-21,32016.392264044665,32098.041104809337,30164.427418087496,30970.912109375,0
2020-12-22,30902.763651273013,31493.953613388523,30232.026369357038,31416.705078125,0
2020-12-23,31488.95403452597,31994.342894408812,31341.85525969278,31949.1953125,0
2020-12-24,32219.88970000057,32321.93854827027,31931.14516931746,32067.943359375,0
2020-12-28,32261.288799405513,32407.88562968093,32230.13899930076,32350.4375,0
2020-12-29,32506.383389771778,32541.283118387433,32153.239697892986,32330.88671875,0
2020-12-30,32445.484721818964,32507.934710178877,32165.89041114928,32463.78515625,0
2020-12-31,32514.08386801392,32592.232779618615,32384.687879419358,32507.935546875,0
2021-01-04,32998.32565452222,33347.22140524348,32804.680876297476,33281.01953125,0
2021-01-05,33219.17150208163,33895.256351085314,32985.52358438323,33818.109375,0
2021-01-06,33950.55487969416,34068.15421030599,33375.61657255392,33754.859375,0
2021-01-07,34073.85587505939,34138.104660513985,33825.66134812606,33888.7109375,0
2021-01-08,34123.453151109374,34363.59702541283,34074.55173658052,34330.3984375,0
2021-01-11,34566.29482384548,34569.99397256471,34142.9551820878,34457.94921875,0
2021-01-12,34462.197326970854,34562.7930734961,34298.39965528045,34362.546875,0
2021-01-13,34542.394995751376,34643.6430735621,33756.159922381674,34155.3515625,0
2021-01-14,34263.899462030815,34356.397703740506,34017.353367352174,34317.796875,0
2021-01-15,34431.94857950556,34517.696953334744,33605.714248585864,33780.30859375,0
2021-01-18,33748.16070113029,33763.10963635325,32869.427367512275,33159.01953125,312900
2021-01-19,33369.21768748511,33770.4092852794,33358.56554608106,33724.55859375,296700
2021-01-20,33808.60752389134,33994.45555465997,33754.80776501588,33916.75390625,0
2021-01-21,34164.85284530218,34242.30059702767,33450.51481387796,33613.9140625,0
2021-01-22,33682.41144111771,33840.908432619115,33230.4200205585,33338.515625,0
2021-01-25,33617.41165443194,33679.66047097117,32636.129529101345,33079.8203125,0
2021-01-27,33113.27035668879,33113.27035668879,32511.184120597758,32641.931640625,0
2021-01-28,32367.035970755518,32710.478669970686,32205.238260893577,32512.83203125,0
2021-01-29,32783.777144321604,32804.92908721609,31637.550819855012,31742.6484375,0
2021-02-01,31992.14353733192,32747.328440334346,31647.050469752478,32660.931640625,0
2021-02-02,33000.474940063505,33372.967867061496,32808.826235393804,33326.46875,457100
2021-02-03,33501.616882330614,33687.31259178029,33231.12199417622,33485.46875,504700
2021-02-04,33605.46494672949,34064.05391555409,33477.115815651916,34023.3046875,0
2021-02-05,34265.24880630778,34366.70000790529,33728.16133264183,33790.2109375,0
2021-02-08,33993.405593016236,34213.151422283096,33980.15584449389,34164.6015625,0
2021-02-09,34303.24702630104,34419.397164385184,34017.15480288013,34146.65234375,0
2021-02-10,34226.10259905992,34339.99888216444,33928.00667516808,34280.90234375,0
2021-02-11,34260.49750635869,34584.4444765394,34234.99799083586,34540.4453125,0
2021-02-12,34653.042458005424,34747.94300315569,34447.69869352694,34626.09375,0
2021-02-15,34816.28851132823,35113.88442636154,34789.78901420821,34993.0859375,0
2021-02-16,35108.43795547659,35242.384642414654,34848.48974392387,35132.53515625,0
2021-02-17,35179.28172812014,35325.4312988326,35038.436744258615,35204.48046875,0
2021-02-18,35364.27757543487,35553.125551307654,35247.63135329627,35376.4765625,0
2021-02-19,35406.27960558279,35478.02824865298,34558.0964279032,34906.23828125,0
2021-02-22,34937.58630602059,35023.8854478837,34191.49891661498,34340.09765625,0
2021-02-23,34520.29411404274,34716.23961426071,34311.04808498396,34580.64453125,0
2021-02-24,34824.3387253568,34849.83824114995,34395.94842250214,34765.44140625,213900
2021-02-25,34994.08597641347,35179.480895987625,34932.63792365924,34996.13671875,353100
2021-02-26,34623.79323906577,35008.58673004832,34041.10505988053,34225.703125,0
2021-03-01,34490.743339475055,34654.39257496236,34325.94959447593,34551.39453125,0
2021-03-02,34786.88972567808,35232.330479713506,34707.59045135289,35150.68359375,0
2021-03-03,35435.43101618226,35751.37425632355,35366.0299857112,35712.07421875,0
2021-03-04,35439.32672324254,35957.566877709825,35326.72729990775,35776.76953125,0
2021-03-05,35618.17676595387,35797.57180476355,35095.784319078186,35257.78125,0
2021-03-08,35454.225617363474,35537.02482732049,35145.7822519893,35198.58203125,0
2021-03-09,35387.22957937022,35488.72766094321,34684.09443190918,34926.83984375,0
2021-03-10,35143.2850438175,35222.9358822418,34947.08953297757,35137.3359375,0
2021-03-12,35376.079075334324,35394.43028979455,34760.23919253932,34808.2890625,0
2021-03-15,34945.78685911423,34957.938972534044,34200.45332985604,34623.4453125,0
2021-03-16,34775.48846820943,34870.88900144791,34640.54181047737,34785.33984375,0
2021-03-17,34811.443612218136,34860.69268139092,34024.9076968132,34101.45703125,0
2021-03-18,34324.24977449246,34405.34980435622,33465.066792665944,33692.21484375,0
2021-03-19,33458.5663512351,34116.604685714934,32872.7766501751,34075.20703125,0
2021-03-22,34255.85062011263,34478.596397574715,34133.20450758536,34412.19921875,0
2021-03-23,34596.84429188017,34922.73655279944,34568.594827287474,34831.5390625,0
2021-03-24,34667.84478707465,34937.238133112995,34257.250984686885,34309.3515625,0
2021-03-25,34388.14822524338,34418.698426766976,33453.26362204048,33553.5625,0
2021-03-26,33826.0572656508,34067.705023394046,33724.25841634593,33961.90625,0
2021-03-30,34242.9539248453,34487.79695037439,33973.459021807656,34078.70703125,334700
2021-03-31,34173.15239021985,34341.79762789625,34001.85485911726,34175.6015625,0
2021-04-01,34364.95144090668,34742.944289978106,34237.75072231002,34688.89453125,0
2021-04-05,34734.34074097562,34734.34074097562,33946.804907183796,34369.99609375,0
2021-04-06,34516.14826015255,34767.69428597365,34340.20236762557,34713.39453125,0
2021-04-07,34792.34094298433,35089.886087958934,34753.74011168402,35056.5859375,0
2021-04-08,35178.7839297161,35471.22761787188,35142.88617110213,35320.48046875,0
2021-04-09,35346.27757080406,35538.223142215276,35235.18202558526,35358.2265625,0
2021-04-12,34813.2876917935,34828.88895783606,33561.86225280453,33713.30859375,0
2021-04-13,33799.911225383876,34196.50137742606,33591.81360046986,34062.85546875,0
2021-04-15,34081.75361084257,34326.20211087781,33701.010814494926,34272.6015625,0
2021-04-16,34384.848584616244,34810.09052847654,34347.09929977033,34640.04296875,0
2021-04-19,33913.30721094959,34122.15481978642,33512.967133478356,34046.60546875,0
2021-04-20,34418.296618458655,34636.1948306725,33928.00513355384,34198.75,0
2021-04-22,34131.8028718767,34326.54918400617,33971.05591590847,34242.203125,285800
2021-04-23,34196.15400907524,34482.54702985391,34078.156240837125,34284.203125,0
2021-04-26,34519.89724664825,34584.39602555007,34365.34939131574,34456.99609375,0
2021-04-27,34605.29521200849,34776.694316480534,34557.64767500103,34723.9921875,0
2021-04-28,34951.83566472268,35035.63485318775,34861.087389590044,34937.484375,0
2021-04-29,35159.48385926758,35268.98178955742,34817.443449453815,34925.5390625,0
2021-04-30,34745.69165025621,35128.63359592956,34675.69297971542,34758.5390625,0
2021-05-03,34525.59603874323,35093.83527552729,34415.59812225182,35058.88671875,275200
2021-05-04,35297.33272542137,35333.332044876166,34819.19332685551,34920.7890625,669300
2021-05-05,35184.88478622937,35549.52632163353,35024.08704862988,35495.52734375,0
2021-05-06,35686.32442129334,35768.12365400001,35436.72758391736,35697.0234375,0
2021-05-07,35933.2673109761,35947.21626501596,35759.571388464065,35816.26953125,0
2021-05-10,35986.36713947233,36221.41345549024,35973.31660614649,36189.4609375,0
2021-05-11,36004.56739410972,36309.561611764184,35820.46932190102,36262.7109375,0
2021-05-12,36484.10994582603,36564.35842630169,36163.46367359055,36307.9609375,0
2021-05-14,36486.256310998404,36488.80704380763,35626.77263338833,35790.12109375,0
2021-05-17,35987.618100471285,36277.41338433967,35806.172323725805,36241.6640625,0
2021-05-18,36609.20532588633,36780.30364903072,36555.159474120985,36725.453125,0
2021-05-19,36814.90521306791,37041.15093365776,36716.90706669087,36966.6015625,0
2021-05-20,37046.65043704448,37128.54732460699,36761.50348983589,36945.90234375,0
2021-05-21,37231.14603089086,37312.19137007865,37069.89908652648,37104.1484375,0
2021-05-24,37240.29543200829,37428.44030990015,37199.34698798262,37370.4921875,0
2021-05-25,37633.63704034709,37669.53479628283,37151.59541126652,37239.09375,0
2021-05-26,37358.79372453754,37374.09421652868,37104.59931138373,37192.1484375,0
2021-05-27,37362.593810534105,37448.18984714572,37124.74674854894,37365.79296875,0
2021-05-28,37532.29034911703,37658.08875180322,37340.64553518783,37393.7421875,0
2021-05-31,37515.08996847932,37790.93239823721,37389.490785755115,37727.8359375,0
2021-06-01,37871.730878411836,37934.33125352553,37450.090438469095,37687.38671875,0
2021-06-02,37713.68447439758,38429.37405057685,37709.33690045212,38379.22265625,0
2021-06-03,38587.16687691744,38790.16302838451,38517.82053538045,38735.6171875,0
2021-06-04,38871.41095973879,38944.36270068081,38695.664294046815,38913.76171875,0
2021-06-07,39083.55991730797,39118.11004362933,38903.762544278485,38947.3125,0
2021-06-08,39052.758633530124,39149.85835271665,38780.86535757479,39096.0078125,0
2021-06-09,39199.45602121238,39363.304477246595,38486.7195342571,38734.1171875,0
2021-06-10,38942.46203718411,39235.058060835676,38884.51391539318,39206.90625,0
2021-06-11,39346.702126325086,39398.853479855345,39006.610927530084,39294.10546875,0
2021-06-14,39045.907678540745,39190.50649778602,38289.5235907722,39121.20703125,0
2021-06-15,39246.15628501275,39350.85743009363,39171.61081968207,39248.0078125,0
2021-06-16,39167.35786989782,39309.402047825315,38785.763552943245,38882.36328125,0
2021-06-17,38495.57074866527,38871.911267968426,38351.323484180066,38518.5703125,0
2021-06-18,38477.770339896975,38554.16732866868,37479.140839567655,38314.421875,0
2021-06-21,37872.131934258396,38685.16336042185,37768.383905629096,38648.21484375,0
2021-06-22,38887.41313415364,39105.811348317104,38782.9151100564,38838.31640625,0
2021-06-23,39048.00960047757,39074.50909801367,38481.62190240285,38524.26953125,0
2021-06-24,38556.46855733624,38581.46808358462,38267.92324414216,38340.171875,0
2021-06-25,38435.77269032489,38646.51870243541,38341.17291791066,38602.71875,0
2021-06-28,38724.164620621545,38873.564133274085,38601.51850724626,38753.6171875,0
2021-06-29,38778.56448568877,39014.5600047995,38592.51723695126,38677.4140625,0
2021-06-30,38758.413304871356,38846.11476643365,38458.27056019276,38512.51953125,0
2021-07-01,38587.56743152564,38726.264014372224,38523.81864305981,38641.515625,235600
2021-07-02,38681.06750789375,38725.965094274434,38442.82202429096,38533.12109375,222000
2021-07-05,38712.86836925811,38826.315439404076,38642.967349381994,38775.265625,0
2021-07-06,38736.56707767568,39069.50999020333,38708.06761747973,38772.015625,0
2021-07-07,38764.46418275954,39012.20948511396,38624.26762235965,38935.61328125,0
2021-07-08,39007.80959289846,39183.954683461256,38726.81493208494,38854.8125,0
2021-07-09,38870.711857507384,38955.909460094284,38793.41254259324,38919.2109375,0
2021-07-12,39091.05979988862,39148.05871945905,38894.1611884038,38948.61328125,0
2021-07-13,39115.307893502155,39119.35859782016,38803.96224415689,38872.76171875,0
2021-07-14,38964.65842044322,38972.61139440029,38800.91153032527,38873.26171875,0
2021-07-15,38986.461214859926,39065.908929684694,38930.06384494793,39001.11328125,0
2021-07-16,39082.0098086495,39216.50726134316,38981.363277338365,39187.40625,0
2021-07-19,39019.611658072026,39233.955249858904,38759.31581264892,38934.01171875,0
2021-07-20,38913.659539626635,38935.51068721407,38413.12216889848,38675.46484375,0
2021-07-22,39000.81147743638,39410.151374192785,38955.51155489686,39359.00390625,0
2021-07-23,39443.552183287364,39521.10149273141,39121.25751885788,39311.60546875,0
2021-07-26,39371.054298823605,39459.001850071865,39167.20660131342,39350.5546875,0
2021-07-27,39453.89962152939,39571.44817176464,39006.56045556083,39104.65625,0
2021-07-28,39212.456304734136,39212.456304734136,38659.1191319371,39174.109375,0
2021-07-29,39345.40341164821,39430.054152492026,39115.56010760173,39195.5078125,0
2021-07-30,39346.25422180244,39586.64810282003,39209.25681848358,39362.90234375,0
2021-08-02,39606.84981521068,39756.444632116,39485.19978040684,39720.59765625,0
2021-08-03,39903.99499434052,40103.84277560995,39827.34800704392,40052.34375,0
2021-08-04,40208.48768752104,40272.63490885425,39698.098926478524,39765.09765625,0
2021-08-05,39860.59418871288,39860.59418871288,39400.352933556496,39678.09765625,0
2021-08-06,39756.9961913646,39860.89265894579,39684.79834151486,39762.14453125,0
2021-08-09,39930.94254866394,39930.94254866394,39401.75335776716,39578.94921875,0
2021-08-10,39697.29943248771,39749.69687826392,39099.11153560953,39419.65234375,245800
2021-08-11,39435.85346835284,39496.25076012233,38633.61868666542,39330.40234375,315700
2021-08-12,39388.85664503213,39487.702431922124,39187.30967541494,39451.0546875,215200
2021-08-13,39528.5502410866,39665.996850097574,39344.10452446146,39500.1015625,244700
2021-08-16,39543.050861848154,39583.55009379513,39381.202368745246,39547.30078125,184700
2021-08-17,39568.05040980676,39802.3936219547,39382.202371742744,39754.4453125,315500
2021-08-18,39826.7957384404,40079.38860599412,39798.847049546144,39972.890625,279100
2021-08-20,39659.647066647114,39932.942670182085,39228.20602175265,39381.10546875,302300
2021-08-23,39696.99877454569,39769.84895842982,39021.562337745454,39219.40625,354600
2021-08-24,39459.604241340654,39654.85054359214,39232.557760099306,39601.05078125,337400
2021-08-25,39776.44545935889,39841.295792952,39645.197946485234,39784.1953125,256500
2021-08-26,39931.741647224684,40054.59087666706,39733.096982230636,39903.29296875,274400
2021-08-27,40089.5918789892,40426.2339372419,39935.44245631595,40403.1328125,225400
2021-08-30,40594.129308953205,41051.37064569645,40585.08260535922,41027.72265625,263100
2021-08-31,41103.66928297749,41638.81147248714,40992.07374423559,41584.66015625,310200
2021-09-01,41789.310438550754,41938.206057270334,41594.513345053536,41886.7578125,313400
2021-09-02,41949.20613828033,42344.89786881907,41875.45753392519,42314.84765625,325600
2021-09-03,42520.891335618886,42590.83922538169,42287.94654274433,42558.29296875,279700
2021-09-06,42787.18992627078,42790.041434784245,42466.59443348433,42502.6953125,174700
2021-09-07,42626.1394161915,42694.88811011807,42186.05012066669,42356.89453125,195100
2021-09-08,42419.44460732645,42636.74126289456,42271.29898257899,42588.04296875,290200
2021-09-09,42577.39044747587,42798.335469303864,42507.840987340314,42773.6875,185600
2021-09-13,42813.54082636658,42957.48731928217,42636.94260800851,42906.6875,215700
2021-09-14,43081.18283407929,43181.13015702373,42947.83380095008,43041.1328125,926600
2021-09-15,43186.230944298935,43267.22940664374,43097.38106850346,43211.28125,503200
2021-09-16,43405.177838293865,43561.77643457242,43306.5312693136,43513.77734375,1230300
2021-09-17,43572.675719543426,43632.47536954129,42919.238862100654,43156.43359375,903400
2021-09-20,42796.83533165679,43029.631689961076,42261.997836893934,42353.74609375,341200
2021-09-21,42295.59795804762,42765.54218896127,41935.55789710593,42724.33984375,300900
2021-09-22,42806.79189864261,43065.486224350265,42753.49212552469,42956.73828125,251700
2021-09-23,43211.28162440532,43477.77656763894,43136.68147745006,43436.875,294000
2021-09-24,43595.22443515868,43647.52422506783,42959.03727531604,43070.83203125,302000
2021-09-27,43222.73310163581,43234.783654915685,42663.79445678298,42948.9375,228100
2021-09-28,43042.88298292829,43072.88241403957,42423.14473522095,42639.890625,366800
2021-09-29,42425.644239087225,42663.99127921583,42321.095441535,42410.24609375,452900
2021-09-30,42518.89195208584,42612.589391889676,42283.447203506345,42383.046875,396300
2021-10-01,42343.096962984724,42559.393650148675,42109.10139207708,42512.84375,541300
2021-10-04,42771.5424805121,43198.58127749156,42678.44267912166,43158.734375,406900
2021-10-05,43197.63143920071,43381.57717565188,43110.68386646565,43331.4296875,363900
2021-10-06,43545.675626568795,43725.32066316634,42831.98991877085,42918.48828125,434600
2021-10-07,43307.68087057458,43505.22791538351,43249.783528155545,43370.23046875,365900
2021-10-08,43579.77537496745,43620.872252100824,43217.48146210333,43269.87890625,365800
2021-10-11,43439.67624865216,43629.37187018327,43256.32816300203,43464.32421875,307600
2021-10-12,43595.324032165874,43849.92078013767,43391.87866065071,43792.0234375,368600
2021-10-13,44052.01484126441,44400.25822675116,43955.915104076856,44216.41015625,395100
2021-10-14,44443.51070803439,44859.299716463116,44426.90945962375,44596.5546875,438000
2021-10-18,45215.69348490921,45289.94207714475,44656.153312624934,44707.25390625,1123800
2021-10-19,45137.99565064254,45208.54118794995,43953.8149802124,44084.61328125,572200
2021-10-20,44096.36424114273,44121.31298748089,43028.43524394192,43321.87890625,461100
2021-10-21,43628.02326295416,43672.37007725801,42632.839032017764,43001.58203125,682700
2021-10-22,43114.13103594421,43203.93011306475,42191.69932230795,42402.99609375,663400
2021-10-25,42591.79407074102,42599.44236323814,41370.46566323239,42031.8046875,586100
2021-10-26,42093.254322435234,42586.045779433494,42057.05578860831,42528.14453125,605300
2021-10-27,42665.64217980412,42983.53851040849,42609.64323904813,42747.83984375,488500
2021-10-28,42726.38948669381,42736.38929718173,41722.1077381572,41841.85546875,728300
2021-10-29,41898.80823570087,42496.79691317253,41272.26931755952,42086.203125,577500
2021-11-01,42400.79693952824,42691.18986635777,42013.601162187704,42610.04296875,525000
2021-11-02,42678.042035471386,42829.03917132259,42564.59106243583,42628.83984375,368200
2021-11-03,42780.18923406613,42949.53758709282,42472.8942766399,42871.6875,349200
2021-11-04,43165.033896578716,43265.03200233618,43052.03603707278,43098.53515625,71100
2021-11-08,43387.626260465324,43713.069306348225,42891.03802329258,43660.0234375,367500
2021-11-09,43736.02114793023,43861.76876036394,43570.72350518179,43821.16796875,338700
2021-11-10,43669.12151838512,44002.86519263934,43581.974732656985,43897.6171875,400500
2021-11-11,43901.16823835479,43982.21748402711,43597.87320340238,43709.22265625,338400
2021-11-12,44023.91429070024,44264.808155293766,43876.91708115941,44241.7109375,224300
2021-11-15,44489.708506646,44531.80536592257,44208.16305558564,44361.30859375,205200
2021-11-16,44420.35689093957,44596.65432912244,44190.26359786883,44289.359375,238700
2021-11-17,44193.36027195564,44602.65328337194,44148.1111309449,44240.609375,209300
2021-11-18,44312.158630627855,44387.45798214457,43361.676677737916,43614.62109375,392700
2021-11-22,43776.317473057,43807.770001023404,42320.64588594437,42803.5859375,384100
2021-11-23,42643.33946894818,43518.4244305857,42507.24439449962,43447.2265625,647300
2021-11-24,43556.423209999986,43656.52287240366,43072.783952962294,43215.1796875,272400
2021-11-25,43286.92759261893,43683.11928413174,42869.23630957639,43587.87109375,275200
2021-11-26,43188.98260105518,43291.781434864766,42143.00241630017,42270.55078125,388600
2021-11-29,42059.30525398898,42202.751756867416,41095.82349558189,41882.90625,312400
2021-11-30,41851.30726999563,42541.69260472938,41574.109405911004,41781.55859375,480100
2021-12-01,41922.60344272912,42195.84826108047,41601.60952986259,42021.75390625,330900
2021-12-02,42130.201146837986,42494.643455203455,42003.152774619775,42437.89453125,246300
2021-12-03,42539.24255224551,42725.63744831524,42294.446422026434,42352.84375,275000
2021-12-06,42459.841822963026,42469.49398334982,41465.21228055574,41535.91015625,293400
2021-12-07,41866.70488098187,42268.748026757516,41727.906735741686,42164.84765625,517900
2021-12-08,42355.94812880811,42743.042362946246,42350.19823766347,42711.04296875,307200
2021-12-09,42824.18706146759,42881.68596995643,42571.891069593585,42801.0859375,566400
2021-12-10,42771.94119302032,43012.98741614501,42736.543424883486,42967.23828125,497500
2021-12-13,43337.23125847717,43412.78061106149,42698.54411753283,42759.29296875,496300
2021-12-14,42672.84022446141,42938.43675662879,42500.093496241716,42899.1875,352900
2021-12-15,42909.289983849936,42944.33619599214,42485.99720868391,42544.9453125,274200
2021-12-16,42811.73824500016,42853.43667234376,42305.59550747824,42398.1953125,281500
2021-12-17,42340.297657174524,42366.34403763799,41258.767410686276,41352.81640625,323000
2021-12-20,40956.77439637968,40980.172390342595,39719.64550389431,40183.08984375,376500
2021-12-21,40480.58296014107,41186.069565109945,40429.53314817073,40940.97265625,290600
2021-12-22,41186.720821784984,41567.362058241706,41128.07349378629,41502.71484375,296000
2021-12-23,41786.506940085914,41988.25310740345,41761.956625231694,41946.203125,236700
2021-12-24,42067.005056074755,42093.602209222045,41464.817228105116,41508.265625,255500
2021-12-27,41458.86238953657,41665.460035005344,41133.86855132514,41617.859375,219200
2021-12-28,41832.40538756175,42021.45258136424,41794.0584590009,41992.8046875,217600
2021-12-29,42001.25584514398,42116.3044489284,41835.208206592,41897.30859375,255100
2021-12-30,41849.006550994956,41866.75621413345,41506.71226596792,41576.7109375,272700
2021-12-31,41640.26094153912,42257.49923365586,41638.0109842167,42217.09765625,204500
2022-01-03,42322.69959031364,42607.09264935335,42288.84866800452,42548.89453125,375200
2022-01-04,42745.992492592944,42775.99192533038,42246.349596645225,42555.546875,427100
2022-01-05,42573.59336098658,42788.440860670584,42430.69762567804,42759.58984375,538400
2022-01-06,42530.244435104134,42677.79241893903,42299.64724457891,42648.79296875,314400
2022-01-07,42738.239937517275,42964.03643488298,42573.391502575185,42825.5390625,352100
2022-01-10,42915.78663165782,43033.93282567157,42783.63679731017,42993.484375,311500
2022-01-11,43008.534509383775,43072.58016767864,42758.73847362515,42974.484375,349700
2022-01-12,43240.032290145384,43328.28061809725,43006.985924443536,43294.9296875,247300
2022-01-13,43445.62580170382,43530.276541083746,43205.07957948263,43487.92578125,339400
2022-01-14,43352.23032289129,43601.6240405151,43180.882003227016,43550.92578125,225300
2022-01-17,43604.22470602846,43747.772767782866,43334.07748017542,43712.421875,214000
2022-01-18,43862.221173916616,43937.918960923365,42868.0876331468,42957.73828125,315300
2022-01-19,43007.63519986204,43036.08388015502,42563.545949027415,42927.38671875,346600
2022-01-20,42990.03726308357,43080.433988326375,42688.29297859839,42895.0390625,256500
2022-01-21,42661.94009603799,42682.838136804836,41831.95585264741,42181.3984375,306700
2022-01-24,42197.950482168715,42206.14954557237,40199.08991676075,40615.28125,500200
2022-01-25,40222.33892518532,41164.7194946397,39753.19547664901,40997.97265625,370700
2022-01-27,40664.27820756011,40670.977299035214,39908.69100033266,40298.53515625,475300
2022-01-28,40590.879693158866,41313.81912652167,40556.08347715897,40632.4296875,397800
2022-01-31,41114.87074574836,41327.11673109504,41026.47398028171,41096.47265625,322300
2022-02-01,41426.76507733925,41897.404588646146,41085.11921327674,41809.80859375,464800
2022-02-02,41999.65315040814,42285.1985193842,41918.15469514328,42248.30078125,383100
2022-02-03,42197.199942600724,42232.800830109176,41941.80634735414,42029.3515625,356300
2022-02-04,42117.001633135864,42262.74886765819,41871.455510995314,41997.203125,364100
2022-02-07,42099.20369124997,42284.348626723346,41505.664136833235,41716.109375,527400
2022-02-08,41843.857182095926,41958.45657755405,41192.072632155854,41521.31640625,492900
2022-02-09,41736.10640160308,42037.20225013642,41670.408429618925,41991.1015625,309900
2022-02-10,42117.09855745375,42204.74923655847,41817.00660049398,42164.55078125,349500
2022-02-11,41919.20396939868,41919.555525222764,41421.51420159831,41552.26171875,299300
2022-02-14,40661.029636977866,40969.574566613745,40054.34192417739,40164.0390625,369500
2022-02-15,40316.38279116081,41179.21796760263,39852.9423735838,41138.01953125,354700
2022-02-16,41411.817508946544,41535.86203540071,40935.22496981466,41057.421875,280600
2022-02-17,41264.41569878826,41407.213768618836,41030.22092687885,41144.8671875,249400
2022-02-18,41001.86942376186,41155.718063219436,40649.72767676799,40708.375,238900
2022-02-21,40537.180665329935,40650.17852297843,40012.38983370598,40176.6875,234000
2022-02-22,39288.40206448112,40166.385385180685,39218.106524905605,40096.1875,347300
2022-02-23,40317.53735079677,40631.879054847166,40308.33830623476,40433.43359375,294800
2022-02-24,39059.3111810278,39447.8038247986,38081.97812463361,38164.4765625,759100
2022-02-25,38872.615499474,39754.247243048965,38833.963887602265,39608.6484375,526500
2022-02-28,39327.55666354398,40104.440401606895,38916.56443993837,40051.34375,490700
2022-03-02,39798.098763387185,40266.83989693576,39686.74930711272,40063.140625,472700
2022-03-03,40599.031807192456,40646.730122503,39913.845566349075,40009.7421875,449700
2022-03-04,39779.04855403854,39830.446019605486,38980.01288266162,39041.5625,420200
2022-03-07,38403.42232792654,38429.47261663283,37711.388537498955,38014.1796875,426000
2022-03-08,38086.927437604485,38673.51789572596,37671.93529356223,38587.12109375,426500
2022-03-09,38904.61369061303,39352.65206803673,38690.71540369633,39132.15625,400700
2022-03-10,39958.74088240896,40058.98897794222,39590.396317547835,39890.04296875,461400
2022-03-11,39812.74348011527,40129.88589129005,39696.1441332306,40086.33984375,305100
2022-03-14,40120.68796064446,40206.588674496816,39648.89613126873,39939.09375,332200
2022-03-15,40027.542043947644,40169.0393618121,39303.90341704339,39566.6015625,376000
2022-03-16,40014.59438901525,40491.132246759524,40003.442256290735,40461.234375,276900
2022-03-17,40905.82710401201,41127.52212547269,40823.72709588831,41058.22265625,1086200
2022-03-21,41182.81912440054,41230.66587160355,40429.532654944785,40503.48046875,357400
2022-03-22,40553.5823821331,40620.33111610893,39969.99188860219,40572.08203125,323300
2022-03-23,40838.17631875025,40923.077055675814,40543.03346709983,40660.1796875,372900
2022-03-24,40504.332546728736,40818.275804948054,40444.78289608916,40737.2265625,256800
2022-03-25,40958.421897443826,40978.273083202024,40470.53271925206,40753.77734375,264800
2022-03-28,40902.424223196205,40908.92410004028,40260.436387211616,40614.03125,339500
2022-03-29,40827.37469300454,40897.92413722896,40683.22898729778,40811.17578125,320400
2022-03-30,41105.97167070267,41376.21655369651,40856.37483424422,41053.921875,566500
2022-03-31,41176.21757948427,41344.31594781978,40983.420461718415,41114.6171875,264300
2022-04-01,41235.56842654618,41822.30728334356,41175.518785744454,41753.30859375,251200
2022-04-04,41911.204647125785,42446.745265371086,41902.154037630055,42403.09375,279900
2022-04-05,42627.39299008991,42999.23751974798,42452.44708016075,42752.44140625,290700
2022-04-06,42635.24347692458,42949.53830695782,42485.59396680909,42909.63671875,304900
2022-04-07,42976.883045995564,43418.92543243127,42696.58758782858,42783.48828125,289900
2022-04-08,43113.03364306179,43535.42406717676,43057.534695960734,43445.07421875,252500
2022-04-11,43579.72439314035,44009.96623460454,43547.822654332624,43877.31640625,234100
2022-04-12,43981.16438563016,44111.81034093945,43115.43083402134,43381.375,260500
2022-04-13,43624.42234064353,43801.21976762459,43385.42687495763,43443.07421875,207900
2022-04-18,43184.68165632355,43364.47903043846,42783.58769449802,43288.578125,216900
2022-04-19,43630.873112588524,43825.11943473218,42189.90039593985,42499.64453125,248000
2022-04-20,42779.639348128396,43020.08401496831,42527.89411397197,42712.19140625,203400
2022-04-21,43037.13304419462,43325.37757780228,42889.53818699647,43255.328125,199900
2022-04-22,43074.68483265545,43191.08106741363,42870.04026795375,42933.73828125,171100
2022-04-25,42497.94527828875,42497.94527828875,41955.70554589304,42083.5546875,251100
2022-04-26,42504.54590143808,43144.68220534429,42488.5930788191,43071.43359375,194100
2022-04-27,42829.83758018606,42960.085114331145,42319.49958568868,42503.9453125,195300
2022-04-28,42941.03788953515,43170.88119057416,42515.24517646506,43085.28515625,178900
2022-04-29,43308.879855059815,43411.62791116224,42393.147179869564,42533.14453125,199000
2022-05-02,42267.89666631439,42421.643747075344,42029.00276476005,42380.34375,149000
2022-05-04,42522.54448109801,42576.99266641696,40950.32432196633,41161.5703125,235900
2022-05-05,41602.91080446795,41727.2092301459,41071.120101151864,41224.8671875,206800
2022-05-06,40510.28218133167,40652.47870219292,40159.58961625728,40353.484375,273300
2022-05-09,40027.49140355795,40079.388857503334,39444.95166253454,39573.8984375,209500
2022-05-10,39542.99942284847,39997.69001098442,38599.767326610716,38689.4140625,227000
2022-05-11,38857.062375734626,39347.50227459516,37924.92774545317,38644.96484375,308600
2022-05-12,38461.32102052867,38516.968402181585,37382.64226850636,37675.13671875,419000
2022-05-13,38170.526481422465,38556.71837994299,37320.64415335846,37506.7890625,341000
2022-05-16,37857.73065467862,38250.07477023502,37446.39080592345,38073.328125,287800
2022-05-17,38479.323233568226,39090.90932625612,38152.880187039096,39047.01171875,246600
2022-05-18,39310.25321526498,39584.748000632695,38998.4583572442,39068.2578125,294900
2022-05-19,38118.630555028016,38311.02535341283,37827.98370881412,37999.28125,231700
2022-05-20,38611.21793938752,38653.96712973679,38403.42109371772,38568.41796875,211900
2022-05-23,38662.616843864496,38786.61448749581,38166.223933234956,38233.421875,340200
2022-05-24,38381.17078761004,38428.52145241189,37758.584934661456,37911.73046875,427900
2022-05-25,38068.22699809094,38134.776516780505,37181.69303593636,37267.59375,324300
2022-05-26,37459.939713213884,37966.83246679349,36533.16037243929,37783.38671875,313600
2022-05-27,38104.37766191561,38134.87708249273,37792.03203330555,38038.87890625,217100
2022-05-30,38417.82249488472,38978.5618649528,38355.52289464776,38945.0625,319600
2022-05-31,38871.81456909955,39331.45430125972,38700.71624711366,38981.0625,493000
2022-06-01,38955.16153341663,39147.45867703441,38372.774112779385,38614.96875,292900
2022-06-02,38573.91867572543,38849.91345431038,38473.670572272014,38817.765625,241100
2022-06-03,39094.40596789056,39177.404391608594,38212.97348905033,38256.82421875,182000
2022-06-06,38178.2767223594,38219.52594090356,37686.58681854826,38145.4765625,180800
2022-06-07,37933.279199775454,37968.82930550979,37675.38566271442,37825.3828125,185300
2022-06-08,37965.17870370982,38047.97791527432,37502.83981235792,37707.234375,211200
2022-06-09,37540.09077186609,38038.03057289962,37376.19152800207,38002.23046875,211200
2022-06-10,37653.68364595311,37815.180580206754,37513.98707910634,37656.43359375,185600
2022-06-13,37018.898973076786,37177.5951798983,36700.50267223675,36841.30078125,195000
2022-06-14,36859.20102662676,37277.64623424848,36612.05726531999,36954.75,229000
2022-06-15,37192.14546162405,37237.39460255939,36955.79838622408,37035.3984375,155300
2022-06-16,37437.290335039455,37451.68849960643,36102.81563147329,36268.01171875,233400
2022-06-17,36036.41879190676,36261.414528983914,35534.275962097636,35667.5234375,309900
2022-06-20,35805.26974264768,35855.51878907223,35017.53469148471,35404.7265625,264300
2022-06-21,35728.96941087186,36480.45512893702,35599.32343728476,36380.359375,258800
2022-06-22,36231.96288556071,36231.96288556071,35615.32611556364,35715.57421875,220600
2022-06-23,35811.02185550692,36278.813788501706,35713.574479967945,36140.41796875,216600
2022-06-24,36419.206854513955,36656.405475227766,36353.1612336881,36615.60546875,207900
2022-06-27,37065.547296748424,37092.6952195674,36804.45068422089,36881.75,270400
2022-06-28,36771.40546999476,36985.99906393083,36419.958997970134,36936.55078125,315400
2022-06-29,36565.30683433072,36807.00147129434,36515.456216844985,36678.5546875,264600
2022-06-30,36711.45311543896,36928.550566071026,36439.80982291575,36504.70703125,309400
2022-07-01,36477.25801991107,36990.69750961896,36190.064243127264,36900.5,298400
2022-07-04,36936.44779390419,37315.84294094752,36833.10209800783,37273.19140625,202100
2022-07-05,37439.09121417912,37695.93400259769,37217.09542157036,37305.29296875,206700
2022-07-06,37318.19141006534,37985.28033395256,37221.0448130969,37936.9296875,221400
2022-07-07,38229.67252059031,38331.572929423666,38048.92595266235,38263.671875,272800
2022-07-08,38499.0210689023,38510.669285857795,38068.72843470834,38373.921875,185200
2022-07-11,38291.32552234579,39052.709538810996,38252.12704603663,38978.86328125,219100
2022-07-12,38853.613184301204,39078.058137675434,38748.56439940949,38848.51171875,260300
2022-07-13,39047.011616129304,39156.65798020286,38705.7172887977,38835.015625,227400
2022-07-14,39009.6130415211,39040.81166962589,38390.22242393113,38790.6171875,220400
2022-07-15,38960.01140787927,39086.90743972265,38756.366831011605,38943.61328125,232400
2022-07-18,39227.70374726035,39506.350795685605,39139.55698487492,39466.0,210000
2022-07-19,39346.95508141991,39732.79934675751,39307.4050481479,39656.94921875,237700
2022-07-20,40021.939768843324,40023.041310440654,39652.94677079524,39729.796875,301300
2022-07-21,39761.19408550851,40381.18231086922,39653.29769714591,40313.6328125,200600
2022-07-22,40471.93166456456,40481.33383000157,40013.139584351724,40164.23828125,189900
2022-07-25,40212.486558376884,40218.13488864227,39946.343173659116,40121.73828125,402500
2022-07-26,40163.34113034539,40165.137971324926,39522.20092561604,39612.3515625,577600
2022-07-27,39578.89744063459,39966.69086362895,39470.551840207554,39938.09375,551600
2022-07-28,40111.38822247585,40428.18299964173,40006.24177777417,40396.8359375,489100
2022-07-29,40674.3324935442,41015.77525630555,40646.87988761718,40905.375,419200
2022-08-01,41124.17115355901,41534.2649571254,40852.62550992533,41498.96484375,376800
2022-08-02,41536.111971862294,41737.811277786175,41341.31878517448,41673.26171875,795500
2022-08-03,41665.61040085903,41774.959895192806,41121.02304458512,41513.31640625,816100
2022-08-04,41718.711039590235,41836.65802779423,41046.57531313678,41724.109375,672700
2022-08-05,41898.25765267609,42013.35313018365,41611.51308071358,41683.4609375,724400
2022-08-08,41766.06100321403,41929.90555817003,41631.01277819332,41893.35546875,344400
2022-08-10,42025.502542688926,42061.451078627164,41596.01070051999,41748.05859375,409500
2022-08-11,42037.20420971871,42125.151763567104,41936.9053271886,42094.50390625,329900
2022-08-12,42131.200724996714,42298.14677659734,42051.75301345678,42210.59765625,549900
2022-08-16,42427.49679327531,42910.43686046003,42388.09519617342,42876.6875,0
2022-08-17,43035.036499918446,43371.979337135606,43016.185294451076,43312.23046875,508200
2022-08-18,43298.82946269018,43677.07230842373,43192.48381791266,43576.07421875,507900
2022-08-19,43707.223505999806,43863.47054860968,43000.385322289134,43132.984375,520300
2022-08-22,43041.185893674345,43062.333931167916,42255.39997524175,42336.69921875,416000
2022-08-23,41959.15556974758,42660.841516248795,41945.85504007443,42542.74609375,403700
2022-08-24,42532.24329703642,42820.53860493509,42273.947419591794,42796.4375,308100
2022-08-25,42998.83230952646,43203.679983969305,42720.29072131146,42807.6875,362000
2022-08-26,43081.28417915648,43254.03090162434,42952.384281030645,43029.78515625,319000
2022-08-29,41916.45376670701,42851.834435976074,41869.70465474013,42772.7890625,278000
2022-08-30,43100.43339240337,43758.2217107871,43081.683747645795,43708.3203125,363700
2022-09-01,43403.07618336627,43847.61854293686,43339.9797224538,43712.97265625,401200
2022-09-02,43963.56403331322,44013.11387413458,43556.27488843645,43632.72265625,309500
2022-09-05,43747.32109080389,43848.6707365855,43517.17700577493,43581.92578125,245600
2022-09-06,43806.06752060343,43894.718182820776,43570.821982759095,43864.81640625,382400
2022-09-07,43766.41885180991,44117.060630431086,43701.47086645761,44018.61328125,275000
2022-09-08,44331.01194313319,44341.41018369286,44001.36584280598,44136.61328125,360500
2022-09-09,44476.805531649974,44476.90709222524,43950.56550473127,44109.11328125,355100
2022-09-12,44267.85853107354,44676.79998364621,44244.761313461124,44634.80078125,270400
2022-09-13,44886.54765683863,44985.698121288435,44723.00388165112,44927.796875,417600
2022-09-14,44238.41147732952,45279.29018535993,44236.360734950584,45132.4453125,452100
2022-09-15,45407.89071296415,45508.838021413714,45006.84752095052,45412.5390625,383100
2022-09-16,45274.89164616831,45402.44000926507,43820.41922109856,44092.515625,577900
2022-09-19,44254.40983544132,44516.50642206967,43699.9711426421,44237.51171875,375100
2022-09-20,44654.005438159016,45041.89652572282,44608.00630977136,44734.8515625,336100
2022-09-21,44751.54861396298,44957.896257959816,43920.814389450505,44020.3125,298600
2022-09-22,43856.166809298156,44296.10766993888,43622.222035090956,44206.359375,287200
2022-09-23,44291.70990348567,44370.65762341383,43352.92694502276,43414.2265625,292400
2022-09-26,43070.98415446243,43080.28475937276,42026.652392515134,42235.25,339900
2022-09-27,42458.595545979595,42739.19180240783,41915.308944522556,42347.0,291500
2022-09-28,42043.00466366733,42503.34360303502,41860.40655880702,42083.00390625,297600
2022-09-29,42463.04491204227,42698.688873124964,41858.0564047239,41948.453125,407000
2022-09-30,41913.00504799277,42460.39309313671,41533.910682733665,42384.64453125,348800
2022-10-03,42421.29725995233,42521.74457423367,41133.368553921246,41411.46484375,252700
2022-10-04,42208.69857630273,42422.893728093164,41901.95440050626,42380.59375,244900
2022-10-06,42674.69220598983,42842.18903542365,42517.74595809286,42716.94140625,247600
2022-10-07,42722.490735112224,42729.13904655593,42239.94910316458,42645.890625,325400
2022-10-10,42122.00321218777,42413.345351950906,41892.55833791617,42291.6484375,216300
2022-10-11,42505.74686638033,42505.74686638033,41406.01766565389,41513.9140625,212100
2022-10-12,41643.31245074835,41900.05758560696,41233.86708445272,41846.85546875,196000
2022-10-13,41846.65630436464,41939.95531777614,41311.467226427696,41437.21484375,179900
2022-10-14,42107.70322068498,42120.00376917893,41237.46968760256,41287.01953125,192100
2022-10-17,41238.96693867949,41610.56144520049,40952.870808682535,41555.01171875,184100
2022-10-18,41756.50822045814,42034.752939225014,41742.508486180566,41983.8046875,287200
2022-10-19,42155.902029269426,42249.099485608276,41873.45815167635,41932.70703125,195200
2022-10-20,41792.70955104761,42426.6467797873,41690.76226048388,42339.0,228200
2022-10-21,42432.893795818345,42482.34207598568,41608.761001264,41776.7578125,222700
2022-10-24,42214.95128434559,42219.25198422545,41842.70832725972,41911.20703125,34900
2022-10-25,41978.604246653704,42020.35345680275,41638.712239551416,41914.0078125,244600
2022-10-27,42168.301168392914,42488.2443143204,42033.651380422816,42394.49609375,253000
2022-10-28,42466.295513181074,42467.59236356566,41973.45330527914,42188.75,218200
2022-10-31,42325.59548657037,42679.88954657424,42307.4981736411,42623.04296875,254800
2022-11-01,42764.33760368381,43104.733493352825,42738.388876935,43058.234375,226500
2022-11-02,43069.03714506044,43140.9850033066,42862.88869949114,42967.63671875,197300
2022-11-03,42726.489902343805,43060.58121808698,42683.2407231425,43017.734375,189500
2022-11-04,43081.73465441407,43146.381867257594,42856.58657579848,43096.484375,226500
2022-11-07,43311.67915685393,43353.3268050475,42979.33389296292,43283.6796875,371000
2022-11-09,43454.073279060955,43515.02524663136,43086.982593572364,43198.87890625,316700
2022-11-10,43073.28344046463,43168.379290490346,42540.79355443028,42777.2890625,275200
2022-11-11,43223.378237691824,43328.42702365439,43032.93263624889,43188.1796875,627500
2022-11-14,43283.02992626146,43495.87354212823,43214.0312360548,43419.07421875,367000
2022-11-15,43529.475848070375,43536.823365076554,43259.43018449348,43491.77734375,228700
2022-11-16,43538.42668505494,43557.02789580463,42961.73837152461,43173.08203125,266600
2022-11-17,43147.93181519001,43174.23209772568,42768.38823096619,42848.13671875,294000
2022-11-18,42994.9340046302,43042.73387869249,42377.24650889242,42604.94140625,262300
2022-11-21,42570.44151996793,42585.492015385214,42289.196861248936,42370.74609375,223700
2022-11-22,42397.99750520656,42512.44455563307,42259.64856387729,42472.49609375,243000
2022-11-23,42631.04541039085,42669.24390680814,42489.44652552257,42553.59375,250000
2022-11-24,42679.59054796122,42747.140050554706,42615.544885292926,42716.79296875,271600
2022-11-25,42849.88642852544,42865.48769509567,42619.64079589756,42834.5859375,254000
2022-11-28,42873.83697187579,43103.98495965502,42843.540670288596,42928.48828125,242900
2022-11-29,42995.084892234205,43283.930989240296,42957.636382078184,43146.28515625,223300
2022-11-30,43236.62963223028,43836.66903923087,43202.68105700395,43687.0703125,789700
2022-12-01,43926.66663979813,43972.91576237717,43732.521885539405,43856.6171875,298000
2022-12-02,43918.019562478046,43955.91728202893,43719.620977267914,43919.66796875,289400
2022-12-05,44027.613711012236,44069.96446982601,43593.1727366063,43844.41796875,258000
2022-12-06,43780.36766233647,43914.865107716236,43708.771365973626,43805.3671875,207000
2022-12-07,43935.86634394713,44084.51586980699,43766.869547552415,43891.3671875,192800
2022-12-08,44000.61455217769,44097.41349720689,43923.518358398534,44067.61328125,238000
2022-12-09,44259.60841389379,44309.556683770774,43498.97442624487,43797.76953125,303900
2022-12-12,43797.96890380005,43851.967878169635,43409.77705817832,43806.06640625,201100
2022-12-13,43964.11672730401,44004.21753046712,43667.122351101236,43733.5234375,170400
2022-12-14,43850.47037479837,44038.017604423316,43807.61962377291,43936.26953125,192800
2022-12-15,43895.06755980952,44007.71777123457,43447.326034986,43543.27734375,193400
2022-12-16,43396.12501336528,43523.92336739184,42939.434468357606,42985.484375,259000
2022-12-19,43030.88224860614,43456.12417510312,42849.03804479024,43412.67578125,175000
2022-12-20,43347.878538035984,43378.627955874756,42934.18715146956,43328.4296875,174400
2022-12-21,43463.277314964944,43619.97356209146,42491.842612474895,42637.83984375,215600
2022-12-22,42774.639940925896,42961.53874863069,42044.005326719125,42325.55078125,238800
2022-12-23,42007.35119462488,42075.00225444899,40626.228968962154,40753.02734375,320900
2022-12-27,41945.905987779,42177.553950878864,41763.96020977066,42138.6015625,182000
2022-12-28,42115.80352586215,42394.34512288142,41986.40363406239,42260.6484375,206000
2022-12-29,42088.65152864292,42434.84418613595,41739.06049805795,42251.75,187400
2022-12-30,42541.94247841998,42664.541713768886,42104.50156307501,42186.84765625,160000
2023-01-02,42321.1015625,42409.8515625,42117.69921875,42248.3984375,1349288600
2023-01-03,42332.6484375,42515.05078125,42287.55078125,42434.25,164700
2023-01-04,42454.30078125,42481.19921875,41800.0,41861.25,200900
2023-01-05,42042.1015625,42211.5,41731.8984375,42150.5,162900
2023-01-06,42197.3515625,42257.0,41700.69921875,41841.3515625,164400
2023-01-09,42093.30078125,42244.0,41906.8984375,42179.75,164700
2023-01-10,42250.0,42256.6484375,41700.55078125,42026.30078125,179100
2023-01-11,42103.80078125,42153.69921875,41808.3984375,41889.8984375,179600
2023-01-12,41974.8984375,42027.44921875,41787.69921875,41978.8984375,207300
2023-01-13,42052.69921875,42184.94921875,41815.05078125,42152.44921875,181100
2023-01-16,42201.44921875,42263.8515625,41985.1484375,42125.1484375,154300
2023-01-17,42186.69921875,42258.1015625,41894.94921875,42161.5,243800
2023-01-18,42206.5,42221.94921875,41977.05078125,42165.05078125,247700
2023-01-19,42057.30078125,42094.19921875,41862.55078125,42019.1015625,175400
2023-01-20,42042.75,42085.55078125,41791.3984375,41861.44921875,212600
2023-01-23,41960.8984375,42049.1015625,41815.1015625,41926.25,188700
2023-01-24,42037.8515625,42071.1484375,41763.8984375,41820.6484375,211400
2023-01-25,41673.30078125,41696.30078125,40711.44921875,40768.19921875,475300
2023-01-27,40683.80078125,40702.55078125,38754.44921875,39250.44921875,496800
2023-01-30,38952.19921875,39463.6484375,38307.94921875,38802.94921875,415000
2023-01-31,38849.44921875,39293.6484375,38658.30078125,39199.30078125,414300
2023-02-01,39488.19921875,39571.75,37872.55078125,38565.1484375,449200
2023-02-02,38293.1015625,38607.30078125,37949.6015625,38473.8984375,333400
2023-02-03,38455.3984375,38506.19921875,37846.1015625,38464.1484375,318800
2023-02-06,38463.6015625,38720.30078125,38294.69921875,38677.6015625,260300
2023-02-07,38644.6484375,38758.69921875,38469.55078125,38615.5,298900
2023-02-08,38704.80078125,38988.8984375,38659.25,38961.0,477700
2023-02-09,38894.6484375,38896.5,38680.25,38767.25,433700
2023-02-10,38683.44921875,38799.44921875,38576.94921875,38735.3984375,382400
2023-02-13,38674.75,38699.19921875,38138.30078125,38177.1015625,228700
2023-02-14,38130.30078125,38215.3984375,37952.3984375,38134.8515625,231500
2023-02-15,38042.44921875,38449.1015625,38013.0,38405.19921875,167300
2023-02-16,38488.55078125,38749.1484375,38457.19921875,38680.1015625,227200
2023-02-17,38526.8984375,38672.0,38357.8515625,38439.3984375,197600
2023-02-20,38447.6015625,38514.55078125,38191.80078125,38319.30078125,273000
2023-02-21,38417.6015625,38469.5,38203.44921875,38248.25,259800
2023-02-22,38074.3515625,38074.3515625,37574.0,37698.0,222400
2023-02-23,37709.19921875,37730.19921875,37290.30078125,37536.30078125,301700
2023-02-24,37622.25,37721.44921875,37382.69921875,37504.19921875,235000
2023-02-27,37372.5,37387.25,36850.75,37153.1484375,212000
2023-02-28,37159.6015625,37390.0,37054.5,37252.55078125,475800
2023-03-01,37294.1484375,37713.25,37294.1484375,37686.6484375,203100
2023-03-02,37724.25,37756.5,37552.80078125,37665.6015625,171200
2023-03-03,37921.44921875,38097.6484375,37865.05078125,38008.05078125,240600
2023-03-06,38234.94921875,38406.3515625,38222.0,38310.55078125,222700
2023-03-08,38209.80078125,38483.44921875,38022.1015625,38452.80078125,191300
2023-03-09,38570.30078125,38643.80078125,38124.6484375,38171.8515625,170200
2023-03-10,37935.0,38115.75,37693.80078125,38083.19921875,179900
2023-03-13,38101.05078125,38268.25,37535.6015625,37594.94921875,199700
2023-03-14,37611.94921875,37669.19921875,37150.3984375,37375.55078125,230300
2023-03-15,37586.6015625,37647.8984375,37302.25,37354.0,181700
2023-03-16,37348.8984375,37685.1484375,36926.8515625,37579.1484375,677000
2023-03-17,37895.69921875,37987.1015625,37727.8515625,37787.3515625,420200
2023-03-20,37572.1484375,37680.25,37254.1484375,37512.44921875,269800
2023-03-21,37690.25,37796.6484375,37497.5,37728.69921875,203200
2023-03-22,37895.30078125,38061.3515625,37876.8515625,37973.0,0
2023-03-23,37894.6015625,37989.69921875,37779.1015625,37818.55078125,205500
2023-03-24,37929.0,37951.25,37472.55078125,37528.55078125,260000
2023-03-27,37570.8984375,37696.94921875,37287.1484375,37334.0,262200
2023-03-28,37319.3984375,37328.6015625,36895.6484375,36982.30078125,248000
2023-03-29,36911.44921875,37383.05078125,36903.05078125,37279.0,321800
2023-03-31,37493.0,37848.3515625,37488.3984375,37797.75,331000
2023-04-03,37987.44921875,37987.75,37687.19921875,37891.3515625,187800
2023-04-05,37905.30078125,38125.94921875,37828.19921875,38094.30078125,208200
2023-04-06,38119.3984375,38231.55078125,38008.3984375,38187.05078125,190600
2023-04-10,38293.69921875,38375.94921875,38159.1015625,38296.75,188100
2023-04-11,38467.55078125,38580.05078125,38245.6015625,38379.6484375,168900
2023-04-12,38482.3515625,38588.44921875,38403.1015625,38560.8984375,171500
2023-04-13,38592.0,38623.30078125,38411.55078125,38496.75,155400
2023-04-17,38498.3515625,38690.0,38300.94921875,38663.5,155000
2023-04-18,38745.8984375,38885.6484375,38620.69921875,38806.1484375,159200
2023-04-19,38834.5,38841.30078125,38415.8984375,38459.94921875,182400
2023-04-20,38513.5,38581.8515625,38414.44921875,38475.6484375,139300
2023-04-21,38524.0,38548.55078125,38303.25,38426.05078125,223200
2023-04-24,38521.75,38592.5,38380.75,38572.0,156700
2023-04-25,38613.3984375,38809.1484375,38570.8515625,38738.6015625,331100
2023-04-26,38722.8984375,38913.19921875,38679.69921875,38888.3984375,177400
2023-04-27,38917.5,39022.69921875,38841.69921875,38992.0,223800
2023-04-28,39100.69921875,39558.80078125,39032.1015625,39514.19921875,423000
2023-05-02,39647.55078125,39828.8515625,39606.8984375,39774.5,268400
2023-05-03,39731.3984375,39931.80078125,39658.30078125,39845.1484375,225500
2023-05-04,39949.6015625,40119.94921875,39881.25,40096.1484375,281800
2023-05-05,40101.55078125,40303.19921875,40034.25,40091.25,241100
2023-05-08,40174.05078125,40391.94921875,40153.1484375,40365.1015625,258200
2023-05-09,40447.0,40613.6015625,40218.30078125,40323.30078125,285500
2023-05-10,40386.75,40580.05078125,40256.0,40551.5,199500
2023-05-11,40741.6484375,40900.80078125,40648.19921875,40867.0,191400
2023-05-12,40874.0,40976.1484375,40651.0,40801.1015625,198300
2023-05-15,40825.25,41145.94921875,40778.69921875,40995.05078125,195900
2023-05-16,41097.19921875,41256.80078125,41018.44921875,41052.05078125,276100
2023-05-17,41124.5,41137.0,40668.6484375,40821.3984375,203400
2023-05-18,40983.19921875,41044.19921875,40353.3984375,40415.3515625,217400
2023-05-19,40453.3984375,40630.5,40090.25,40546.1484375,237600
2023-05-22,40601.8984375,40938.19921875,40465.8515625,40923.44921875,309800
2023-05-23,41100.0,41194.0,40968.1484375,41010.3515625,231000
2023-05-24,41014.6484375,41122.55078125,40897.69921875,40984.05078125,213900
2023-05-25,41005.19921875,41275.19921875,40944.6015625,41213.30078125,307700
2023-05-26,41225.5,41710.8515625,41186.3515625,41684.69921875,255700
2023-05-29,41980.5,41996.94921875,41840.25,41925.30078125,206800
2023-05-30,41961.6015625,42031.25,41834.8515625,41946.0,190400
2023-05-31,41899.3984375,42129.3515625,41804.8515625,42049.30078125,612200
2023-06-01,42132.8984375,42320.8984375,42067.80078125,42154.69921875,200000
2023-06-02,42290.30078125,42372.8984375,42216.05078125,42331.3984375,329300
2023-06-05,42419.0,42546.55078125,42360.44921875,42401.3515625,238400
2023-06-06,42475.30078125,42642.8515625,42352.6015625,42597.1015625,197300
2023-06-07,42766.30078125,43027.6484375,42710.3984375,42998.5,209400
2023-06-08,43103.55078125,43119.5,42652.3984375,42713.44921875,244800
2023-06-09,42804.1015625,42862.69921875,42630.3984375,42672.6484375,205100
2023-06-12,42793.25,42946.3515625,42646.5,42870.55078125,243500
2023-06-13,43039.30078125,43304.5,42997.19921875,43278.6484375,222300
2023-06-14,43407.80078125,43424.8515625,43250.80078125,43379.25,227900
2023-06-15,43460.0,43641.19921875,43339.1015625,43393.8515625,222900
2023-06-16,43568.6484375,43932.3515625,43530.0,43836.75,234200
2023-06-19,43978.25,44054.1015625,43709.1015625,43764.69921875,211100
2023-06-20,43861.3515625,43978.25,43674.1015625,43926.30078125,182400
2023-06-21,44044.1484375,44175.55078125,43749.5,43905.6484375,213500
2023-06-22,43984.94921875,43985.1015625,43341.1484375,43387.1484375,206000
2023-06-23,43406.5,43414.80078125,42781.55078125,42833.1484375,205400
2023-06-26,42669.30078125,43070.75,42589.8515625,43006.6015625,161900
2023-06-27,43149.6484375,43254.5,43074.1015625,43192.6015625,188500
2023-06-28,43381.80078125,43524.05078125,43263.30078125,43465.44921875,301400
2023-06-30,43622.6484375,43782.8984375,43575.5,43750.30078125,269200
2023-07-03,43921.75,43966.1015625,43780.8515625,43924.8515625,224300
2023-07-04,44073.55078125,44081.0,43647.8984375,43758.19921875,159900
2023-07-05,43932.30078125,44156.80078125,43867.1484375,44108.0,217400
2023-07-06,44209.3515625,44396.75,44136.69921875,44372.1015625,236600
2023-07-07,44371.3984375,44510.1015625,43928.0,44002.5,225700
2023-07-10,44120.0,44132.94921875,43659.69921875,43759.94921875,169300
2023-07-11,43866.30078125,44210.1015625,43812.55078125,44090.80078125,220300
2023-07-12,44186.3984375,44231.05078125,43949.19921875,44202.8515625,203200
2023-07-13,44392.05078125,44473.19921875,43781.05078125,43917.1015625,362900
2023-07-14,44113.75,44286.6484375,43890.3984375,44243.05078125,242600
2023-07-17,44334.94921875,44437.8984375,44258.3984375,44370.1484375,186600
2023-07-18,44506.8984375,44507.1015625,44053.1484375,44180.6015625,204000
2023-07-19,44289.6484375,44444.8984375,44242.19921875,44414.3984375,173500
2023-07-20,44489.6484375,44506.1484375,44166.44921875,44350.80078125,170600
2023-07-21,44292.69921875,44401.1484375,44139.80078125,44184.75,229500
2023-07-24,44256.6484375,44345.19921875,44113.1484375,44176.80078125,233700
2023-07-25,44253.25,44432.25,44118.0,44407.55078125,243400
2023-07-26,44579.6484375,44622.0,44446.3984375,44568.25,223700
2023-07-27,44682.30078125,44824.0,44543.30078125,44696.44921875,236600
2023-07-28,44858.3515625,45187.94921875,44732.5,45166.3984375,325800
2023-07-31,45156.0,45368.44921875,45151.69921875,45287.0,268500
2023-08-01,45393.55078125,45408.55078125,45170.6015625,45263.25,216300
2023-08-02,45219.6015625,45242.3515625,44316.55078125,44645.80078125,269900
2023-08-03,44588.3515625,44621.1015625,44150.05078125,44414.55078125,506800
2023-08-04,44637.1015625,44913.8984375,44627.80078125,44765.0,585200
2023-08-07,44908.0,44930.94921875,44696.8515625,44838.44921875,426100
2023-08-08,44953.8984375,44989.6484375,44547.75,44838.80078125,335400
2023-08-09,44950.80078125,44983.05078125,44728.25,44948.1484375,245200
2023-08-10,45009.5,45009.5,44578.0,44676.1484375,252500
2023-08-11,44824.25,44862.5,44508.0,44566.69921875,225700
2023-08-14,44460.55078125,44460.55078125,43600.1015625,44008.75,211200
2023-08-16,43889.19921875,44045.05078125,43662.1484375,44009.75,0
2023-08-17,44075.6015625,44127.19921875,43838.05078125,43892.8515625,157100
2023-08-18,43855.6015625,43883.1015625,43613.25,43681.0,179700
2023-08-21,43756.3515625,44064.6015625,43691.05078125,44033.8984375,146100
2023-08-22,44176.30078125,44359.69921875,44142.55078125,44324.5,246700
2023-08-23,44466.0,44555.94921875,44316.25,44346.0,223400
2023-08-24,44626.8984375,44730.44921875,44458.05078125,44504.6015625,202100
2023-08-25,44431.0,44531.19921875,44008.80078125,44087.55078125,219100
2023-08-28,44276.8515625,44400.5,44121.8515625,44326.44921875,258800
2023-08-29,44460.6015625,44628.44921875,44405.05078125,44589.3984375,201200
2023-08-30,44798.3984375,44905.8515625,44709.8515625,44743.25,365000
2023-08-31,44785.6484375,44797.1484375,44375.30078125,44415.5,313500
2023-09-01,44493.69921875,44836.69921875,44403.55078125,44799.75,249600
2023-09-04,45026.44921875,45244.25,44799.75,45201.0,0
2023-09-05,45348.1484375,45433.69921875,45126.30078125,45294.1015625,232700
2023-09-06,45382.6015625,45531.19921875,45287.5,45508.1484375,193400
2023-09-07,45569.3515625,45794.8984375,45508.1484375,45739.3515625,269500
2023-09-08,45893.3515625,46207.1015625,45739.3515625,46110.80078125,297900
2023-09-11,46359.6015625,46637.1484375,46277.80078125,46585.69921875,298400
2023-09-12,46796.6015625,46799.0,45430.6015625,45515.3515625,334900
2023-09-13,45496.44921875,45735.75,45068.1484375,45655.44921875,244900
2023-09-14,45861.6484375,46030.44921875,45743.94921875,45971.19921875,210300
2023-09-15,46116.1484375,46146.5,45889.30078125,46051.8515625,372400
2023-09-18,46296.05078125,46296.3984375,45979.69921875,46026.05078125,296000
2023-09-20,45915.69921875,46058.0,45550.19921875,45620.6484375,280100
2023-09-21,45586.8515625,45718.8984375,45125.94921875,45231.19921875,190700
2023-09-22,45265.05078125,45506.8515625,45008.05078125,45176.0,227800
2023-09-25,45248.55078125,45281.44921875,44876.3984375,45070.94921875,175500
2023-09-26,45092.8515625,45285.05078125,45085.1015625,45158.8984375,162800
2023-09-27,45173.5,45245.0,44896.75,45222.6015625,193200
2023-09-28,45286.19921875,45311.8515625,44469.8984375,44548.80078125,249500
2023-09-29,44739.55078125,45163.69921875,44672.6484375,45036.6484375,197000
2023-10-03,45133.1484375,45213.5,44901.8515625,45186.75,322700
2023-10-04,45068.69921875,45084.69921875,44337.75,44560.8515625,332000
2023-10-05,44759.8515625,44862.94921875,44521.75,44669.6484375,397400
2023-10-06,44886.3984375,44987.05078125,44780.19921875,44950.3984375,230500
2023-10-09,44550.8984375,44605.0,44251.25,44407.1015625,232100
2023-10-10,44596.69921875,45035.05078125,44581.0,45006.19921875,236000
2023-10-11,45199.3515625,45382.3515625,45160.05078125,45237.05078125,311400
2023-10-12,45368.75,45435.1015625,45285.1484375,45342.0,273100
2023-10-13,45158.19921875,45403.0,45114.94921875,45290.30078125,226300
2023-10-16,45271.6015625,45502.94921875,45202.3984375,45421.44921875,193500
2023-10-17,45595.1484375,45652.6484375,45518.69921875,45586.75,196700
2023-10-18,45625.94921875,45636.44921875,45011.1015625,45120.25,294600
2023-10-19,44911.55078125,45065.80078125,44682.25,44974.5,178700
2023-10-20,44883.8515625,44911.1015625,44464.8515625,44547.6484375,236600
2023-10-23,44552.80078125,44604.1484375,43574.55078125,43684.75,265600
2023-10-25,43762.44921875,44022.8515625,43144.1484375,43418.6484375,227000
2023-10-26,43226.30078125,43228.3984375,42539.1484375,42994.5,363500
2023-10-27,43257.75,43939.3984375,43252.5,43837.5,264300
2023-10-30,43923.8515625,43982.8515625,43462.8515625,43906.6015625,195100
2023-10-31,44133.8984375,44183.05078125,43890.94921875,44019.1015625,243500
2023-11-01,44122.1484375,44216.25,43718.6484375,43783.1484375,254000
2023-11-02,44114.75,44478.3515625,44086.30078125,44451.1015625,255800
2023-11-03,44691.3515625,44907.8984375,44613.3515625,44885.0,412600
2023-11-06,45061.80078125,45269.3515625,44985.3515625,45227.44921875,387700
2023-11-07,45302.5,45641.1484375,45137.8515625,45593.30078125,383100
2023-11-08,45798.8515625,45912.19921875,45695.6484375,45894.8984375,279300
2023-11-09,45996.19921875,46011.25,45628.1484375,45660.3984375,208300
2023-11-10,45568.6484375,45767.5,45378.5,45724.19921875,196500
2023-11-13,45898.19921875,46009.8515625,45739.6484375,45986.69921875,213100
2023-11-15,46348.05078125,46478.55078125,46155.05078125,46425.55078125,272400
2023-11-16,46486.44921875,46691.25,46330.25,46591.55078125,212800
2023-11-17,46510.8984375,46870.75,46422.8984375,46838.25,271400
2023-11-20,46943.55078125,46948.55078125,46640.44921875,46716.8984375,182000
2023-11-21,46887.6015625,46935.1484375,46683.94921875,46718.25,177300
2023-11-22,46768.75,46851.1484375,46367.8515625,46541.1484375,186300
2023-11-23,46651.3984375,46781.3984375,46549.44921875,46675.55078125,161400
2023-11-24,46762.80078125,46819.0,46578.1015625,46607.75,194500
2023-11-28,46793.30078125,47216.25,46718.6015625,47161.94921875,358600
2023-11-29,47471.94921875,47556.3984375,47414.19921875,47487.5,392400
2023-11-30,47550.5,48082.94921875,47382.69921875,48020.3984375,623700
2023-12-01,48373.1015625,48565.55078125,48197.44921875,48486.3984375,388300
2023-12-04,49347.55078125,49473.1015625,49071.3984375,49424.80078125,518300
2023-12-05,49568.0,49956.6015625,49405.69921875,49937.3515625,476900
2023-12-06,50223.44921875,50621.80078125,50184.3515625,50517.3515625,476600
2023-12-07,50753.19921875,50987.25,50544.3515625,50920.6015625,505300
2023-12-08,51197.69921875,51289.55078125,50079.0,50608.75,400000
2023-12-11,50770.1015625,51172.94921875,50696.8515625,51139.6484375,318700
2023-12-12,51324.1484375,51352.44921875,50583.8984375,50813.19921875,267600
2023-12-13,50984.6484375,51321.6015625,50687.44921875,51273.5,318400
2023-12-14,51651.25,52004.69921875,51540.75,51925.44921875,352100
2023-12-15,52191.6015625,52210.55078125,51836.25,51957.3515625,358500
2023-12-18,52090.0,52369.0,51796.75,52301.0,336900
2023-12-19,52481.8515625,52515.80078125,51917.69921875,52387.19921875,308300
2023-12-20,52734.6484375,52823.3984375,50688.0,50844.6015625,394000
2023-12-21,50385.3515625,51594.25,50102.94921875,51520.6484375,325100
2023-12-22,51845.94921875,51999.5,51514.94921875,51944.0,332900
2023-12-26,52201.05078125,52483.30078125,52113.19921875,52434.8515625,281200
2023-12-27,52699.3515625,52875.0,52428.94921875,52680.19921875,263800
2023-12-28,52906.75,53038.6484375,52734.80078125,52964.1015625,515300
2023-12-29,53033.55078125,53388.8984375,52845.05078125,53344.80078125,366500
2024-01-02,53586.3515625,53604.3984375,52605.19921875,53277.5,310400
2024-01-03,53408.3515625,53842.1015625,53225.19921875,53680.3515625,382500
2024-01-04,53908.94921875,54434.19921875,53897.80078125,54359.94921875,299100
2024-01-05,54582.05078125,54687.6015625,53949.0,54295.25,339200
2024-01-08,54450.0,54450.0,53670.0,53728.8984375,286200
2024-01-09,54115.19921875,54297.6015625,53891.6484375,53960.6484375,248200
2024-01-10,53997.6484375,54131.94921875,53490.05078125,54077.6484375,269700
2024-01-11,54355.25,54675.55078125,54318.8984375,54595.6015625,293700
2024-01-12,54847.6015625,54852.8984375,54587.1015625,54742.8984375,310800
2024-01-15,55013.19921875,55025.6015625,54530.6015625,54936.6484375,284800
2024-01-16,55013.0,55056.75,54515.0,54816.8984375,337600
2024-01-17,54478.6484375,54813.1015625,54116.55078125,54206.25,410800
2024-01-18,54052.55078125,54150.94921875,52766.30078125,53948.3984375,381300
2024-01-19,54297.25,54741.80078125,54250.94921875,54709.0,353200
2024-01-23,55218.25,55227.69921875,53009.75,53294.69921875,454900
2024-01-24,53419.05078125,54272.05078125,52872.94921875,54208.30078125,372100
2024-01-25,54493.19921875,54493.19921875,53779.5,54291.75,399600
2024-01-29,54564.19921875,55081.19921875,54369.3984375,55012.6015625,452500
2024-01-30,55249.25,55507.1484375,54763.75,54826.19921875,395000
2024-01-31,54916.1015625,55346.55078125,54800.1015625,55299.25,467500
2024-02-01,55673.8515625,55858.30078125,55168.6015625,55508.8515625,481100
2024-02-02,55852.80078125,56218.25,55818.6015625,55940.30078125,539100
2024-02-05,56330.55078125,56535.3515625,55463.5,55669.8515625,468200
2024-02-06,55935.44921875,56530.3984375,55504.05078125,56465.44921875,353200
2024-02-07,56931.25,57489.55078125,56600.3984375,57386.6015625,462800
2024-02-08,57754.19921875,57927.69921875,57388.44921875,57660.69921875,570200
2024-02-09,57811.55078125,57834.6015625,56263.3984375,57432.8984375,662100
2024-02-12,57559.69921875,57698.69921875,56104.0,56323.69921875,479700
2024-02-13,56425.1015625,56939.94921875,55701.8984375,56893.05078125,357600
2024-02-14,56477.1484375,57806.69921875,56274.69921875,57672.3984375,318300
2024-02-15,58073.5,58241.19921875,57931.6015625,58185.8984375,5400
2024-02-16,58460.8515625,58694.8984375,58393.6015625,58586.1484375,4000
2024-02-20,58702.3984375,58767.19921875,58428.25,58706.3984375,2700
2024-02-21,58913.6015625,59104.80078125,58204.25,58386.5,3300
2024-02-22,58638.44921875,59080.3984375,58006.8984375,58999.0,2800
2024-02-23,59172.94921875,59331.44921875,58811.94921875,59153.75,3400
2024-02-26,59146.8515625,59375.05078125,58998.25,59198.55078125,2700
2024-02-27,59246.05078125,59633.6015625,58885.05078125,59150.6484375,2500
2024-02-28,59296.0,59370.0,58218.1015625,58387.30078125,3300
2024-02-29,58390.80078125,59256.30078125,57803.69921875,58991.3515625,7900
2024-03-01,59315.3984375,59578.19921875,59213.69921875,59506.75,2600
2024-03-04,59936.0,60045.6015625,59648.8515625,59944.19921875,3300
2024-03-05,60079.94921875,60225.55078125,59858.30078125,59981.3515625,3200
2024-03-06,60033.75,60048.8515625,58900.1484375,59806.1015625,8500
2024-03-07,59934.6484375,60573.1015625,59929.1015625,60323.8984375,3400
2024-03-11,60467.44921875,60920.25,60203.75,60311.1484375,3300
2024-03-12,60361.19921875,60418.80078125,59294.6015625,59377.19921875,2700
2024-03-13,59466.80078125,59661.80078125,56716.8515625,57149.55078125,4100
2024-03-14,56938.44921875,58639.8515625,56430.8515625,58520.19921875,3300
2024-03-15,58414.3515625,58661.1015625,57184.19921875,58058.80078125,5500
2024-03-18,58072.8515625,58563.1484375,57808.69921875,58422.0,2400
2024-03-19,58403.55078125,58403.94921875,57319.25,57402.69921875,2500
2024-03-20,57583.3515625,57798.0,56678.8984375,57581.44921875,2400
2024-03-21,58110.1015625,58986.5,58075.5,58918.30078125,2800
2024-03-22,58987.1015625,59326.25,58644.30078125,59188.8984375,2400
2024-03-26,59000.05078125,59858.55078125,58991.80078125,59801.5,2700
2024-03-27,60098.1015625,60352.25,59833.25,59911.69921875,3000
2024-03-28,60079.69921875,60842.3515625,60026.0,60624.30078125,2300
2024-04-01,61107.05078125,61755.3515625,61068.3515625,61634.6015625,3166000
2024-04-02,61882.6484375,62296.8515625,61722.80078125,62254.1015625,4500
2024-04-03,62180.8515625,62480.8984375,61983.55078125,62423.75,4500
2024-04-04,62882.1484375,62951.0,62005.55078125,62158.94921875,4200
2024-04-05,62209.6484375,62734.75,62019.30078125,62696.1015625,4100
2024-04-08,63097.5,63242.8515625,62861.3515625,62993.6015625,3700
2024-04-09,63240.0,63256.5,62500.1484375,62794.05078125,3500
2024-04-10,63030.8984375,63460.8515625,63020.1015625,63325.44921875,4000
2024-04-12,63377.30078125,63735.3515625,62987.6015625,63067.8515625,4400
2024-04-15,62076.25,62716.6484375,61330.0,62008.1484375,4900
2024-04-16,61789.80078125,62331.55078125,61475.3515625,62057.5,4000
2024-04-18,62594.55078125,63033.6015625,61751.8984375,61989.19921875,4500
2024-04-19,61469.44921875,62051.69921875,60647.25,61887.8984375,3700
2024-04-22,62514.1484375,62759.3515625,62204.94921875,62683.6484375,3500
2024-04-23,63068.8984375,63068.8984375,62703.3984375,62798.55078125,3100
2024-04-24,63003.25,63460.1015625,62945.5,63277.3984375,3100
2024-04-25,63317.1015625,63766.3515625,63153.5,63704.44921875,3200
2024-04-26,63911.44921875,64375.25,63905.3515625,64134.55078125,4200
2024-04-29,64508.3515625,64652.3515625,64094.1484375,64488.05078125,3800
2024-04-30,64887.25,65421.3984375,64802.6015625,64900.5,5900
2024-05-02,65149.44921875,66058.046875,65090.80078125,66008.8515625,5100
2024-05-03,66450.3515625,66456.25,65190.75,65770.5,4100
2024-05-06,65829.5,65865.3984375,64398.1015625,64937.3984375,5900
2024-05-07,65179.6484375,65332.1015625,63550.25,63937.3515625,5000
2024-05-08,63908.05078125,65076.0,63562.8984375,64784.25,4600
2024-05-09,64983.0,65063.80078125,63284.25,63411.1015625,4500
2024-05-10,63788.25,64056.80078125,63019.0,63934.19921875,3800
2024-05-13,64190.1015625,64453.8515625,62941.19921875,64354.3984375,4500
2024-05-14,64584.5,65388.6484375,64508.1484375,65304.80078125,4500
2024-05-15,65723.796875,65915.546875,65422.8515625,65643.703125,4400
2024-05-16,66020.8984375,66483.8984375,65444.6015625,66320.203125,4700
2024-05-17,66564.046875,67181.25,66475.703125,67105.046875,5300
2024-05-21,68054.046875,68324.25,67706.8984375,68241.75,6400
2024-05-22,68573.703125,68611.3515625,67662.046875,68328.25,5200
2024-05-23,68546.0,68858.0,68226.546875,68819.796875,6100
2024-05-24,68949.1015625,69458.953125,68671.5,69033.25,4900
2024-05-27,69427.453125,69599.6484375,68564.6484375,69136.296875,5000
2024-05-28,69343.6484375,69453.796875,68032.203125,68545.6015625,4100
2024-05-29,68191.0,68535.453125,67899.8515625,68070.5,4100
2024-05-30,68000.703125,68161.3515625,67162.296875,67358.203125,4400
2024-05-31,67799.1015625,67926.1015625,66816.296875,67527.6484375,11200
2024-06-03,70871.8984375,70871.8984375,69492.6484375,70620.25,9800
2024-06-04,70511.296875,70511.296875,60663.3984375,64022.1484375,18900
2024-06-05,65266.6015625,67079.5,62764.25,66835.3984375,11400
2024-06-06,67567.546875,68790.296875,67553.703125,68224.453125,6800
2024-06-07,68331.046875,69300.0,67897.703125,69222.25,5000
2024-06-10,69722.25,70049.5,69233.3984375,69744.6015625,4900
2024-06-11,69922.1484375,70183.8984375,69598.1015625,69678.703125,4500
2024-06-12,69991.3515625,70361.953125,69858.3984375,70202.1484375,4500
2024-06-13,70831.3984375,70933.546875,70231.796875,70842.546875,4600
2024-06-14,71215.546875,71970.25,71078.046875,71892.1484375,4500
2024-06-18,72333.8515625,72414.3515625,72051.203125,72345.703125,4300
2024-06-19,72596.3984375,72614.6015625,71303.953125,71536.703125,5300
2024-06-20,71649.8515625,71843.6015625,71025.75,71632.203125,3900
2024-06-21,71847.3984375,71878.25,70970.796875,71111.796875,4600
2024-06-24,70944.8515625,71693.1015625,70383.1015625,71642.25,3900
2024-06-25,71915.703125,72049.3515625,71257.296875,71360.8515625,3600
2024-06-26,71271.1015625,71520.1015625,71032.546875,71235.796875,4900
2024-06-27,71204.796875,71578.203125,70654.3515625,71340.6484375,5500
2024-06-28,71536.046875,71829.0,71365.1484375,71523.453125,4500
2024-07-01,71727.5,72247.6484375,71536.046875,72197.25,0
2024-07-02,72428.0,72431.703125,71335.203125,71807.5,0
2024-07-03,72220.3984375,72635.8515625,72112.703125,72584.953125,0
2024-07-04,72877.203125,73131.796875,72534.953125,72928.25,3300
2024-07-05,72984.8515625,73483.796875,72785.6484375,73426.546875,5600
2024-07-08,73693.75,73812.203125,73232.3515625,73508.796875,6400
2024-07-09,73823.8984375,74096.0,73446.5,73863.6015625,4900
2024-07-10,74148.703125,74158.8984375,72254.0,73897.5,5600
2024-07-11,74155.453125,74308.546875,73787.046875,74059.203125,4400
2024-07-12,74322.3984375,74453.296875,73424.3984375,73732.1015625,6100
2024-07-15,74053.0,74430.953125,73744.6484375,74367.3515625,5200
2024-07-16,74612.453125,74715.6015625,73807.5,73921.703125,4300
2024-07-18,73906.25,73943.3515625,72648.046875,73112.5,5100
2024-07-19,73047.8515625,73059.6015625,71246.8984375,71353.0,4700
2024-07-22,71092.1015625,72352.0,70696.296875,72265.953125,3600
2024-07-23,72627.0,72635.203125,68938.5,71632.203125,6000
2024-07-24,71704.296875,72163.75,71449.8984375,71844.6484375,4100
2024-07-25,71340.203125,72355.3984375,71055.296875,72210.25,4700
2024-07-26,72611.203125,73457.8515625,72559.6015625,73400.6484375,4200
2024-07-29,73836.203125,74365.5,73571.6015625,74288.296875,6800
2024-07-30,74495.8515625,74656.6484375,74118.953125,74215.8515625,4400
2024-07-31,74514.796875,74879.046875,74381.25,74788.1015625,4200
2024-08-01,74936.703125,75057.296875,73921.296875,74294.6484375,4900
2024-08-02,73621.3984375,74241.25,73173.453125,73328.1484375,7200
2024-08-05,71459.546875,72084.953125,70269.453125,70936.8984375,7800
2024-08-06,71496.3984375,72456.6484375,70081.0,70282.453125,5400
2024-08-07,71577.6484375,72491.046875,71077.3515625,72401.25,4800
2024-08-08,72465.1015625,72495.546875,71716.3984375,71825.8984375,3400
2024-08-09,72658.8984375,72900.0,72241.203125,72718.8515625,3100
2024-08-12,72401.5,72736.6484375,71965.8515625,72434.25,3400
2024-08-13,72596.8515625,72669.0,71534.25,71609.796875,3200
2024-08-14,71840.1015625,71921.6484375,71100.1015625,71642.3984375,3100
2024-08-16,72208.546875,73001.8515625,71885.203125,72943.203125,3000
2024-08-19,73446.453125,73664.3515625,73249.8515625,73370.75,3200
2024-08-20,73628.796875,74002.75,73314.953125,73971.296875,4000
2024-08-21,74088.953125,74256.046875,73922.046875,74178.5,2800
2024-08-22,74546.1484375,74713.6484375,74382.0,74660.3515625,2600
2024-08-23,74904.3515625,74958.6015625,74325.25,74403.6015625,3300
2024-08-26,74752.5,74817.25,74433.5,74768.796875,2400
2024-08-27,74884.546875,74933.3515625,74622.6015625,74848.953125,2500
2024-08-28,75173.75,75308.046875,74786.203125,75082.546875,2500
2024-08-29,75119.6015625,75259.8984375,74290.8515625,74896.3984375,3000
2024-08-30,75166.1484375,75450.546875,75056.3984375,75279.796875,3800
2024-09-02,75674.8515625,75712.3515625,74989.1484375,75335.796875,3400
2024-09-03,75741.75,75746.296875,75242.1484375,75413.6484375,3300
2024-09-04,74894.546875,75530.6015625,74744.25,75450.546875,3200
2024-09-05,75736.8515625,75807.703125,75382.796875,75485.953125,3800
2024-09-06,75473.3984375,75509.703125,74315.8984375,74462.0,4100
2024-09-09,74350.3984375,74701.046875,73570.796875,74572.8984375,3500
2024-09-10,74877.3984375,75092.203125,74535.546875,74737.6015625,3600
2024-09-11,74882.6484375,75132.203125,74176.703125,74355.25,3800
2024-09-12,74904.5,75469.953125,74741.703125,75446.3515625,3400
2024-09-13,75698.6015625,75754.703125,75372.8515625,75427.546875,3500
2024-09-16,75707.3984375,75742.703125,75342.1484375,75464.296875,2600
2024-09-17,75635.1015625,75635.1015625,75040.25,75260.203125,2700
2024-09-18,75359.296875,75502.953125,74508.1015625,74936.1484375,3200
2024-09-19,75397.1015625,75578.0,73338.546875,74419.546875,4000
2024-09-20,74678.453125,75691.046875,74545.296875,75481.8515625,4800
2024-09-23,75893.546875,76743.3515625,75775.25,76707.5,3500
2024-09-24,76747.3515625,76959.3515625,76636.453125,76803.796875,4000
2024-09-25,76889.703125,76915.203125,76049.453125,76517.3984375,3200
2024-09-26,76751.703125,77143.703125,76431.1484375,77086.953125,3700
2024-09-27,77201.796875,77918.0,77053.953125,77813.25,8300
2024-09-30,77668.703125,77866.3515625,77006.8515625,77095.1484375,3700
2024-10-01,77233.0,77532.0,77004.6484375,77284.453125,3700
2024-10-03,75950.75,76783.5,75059.75,75448.296875,4700
2024-10-04,75363.296875,75724.046875,74184.75,74620.25,4500
2024-10-07,74989.25,75156.0,72531.296875,72884.296875,5100
2024-10-08,72771.3984375,74740.796875,72459.8515625,74597.296875,4100
2024-10-09,75013.75,76009.8984375,74926.5,75407.796875,3800
2024-10-10,75668.5,76085.8984375,75163.796875,75278.1015625,2700
2024-10-11,75397.796875,75514.3515625,74975.8984375,75378.453125,1800
2024-10-14,75659.3515625,75745.8984375,75309.5,75651.703125,2100
2024-10-15,76018.546875,76054.453125,75634.453125,75859.8515625,2300
2024-10-16,75830.3984375,76093.296875,75340.046875,75698.1484375,2600
2024-10-17,75717.3984375,75746.75,73933.046875,74007.203125,2800
2024-10-18,73813.6015625,74415.8984375,73085.0,74288.1015625,3500
2024-10-21,74495.203125,74782.3515625,73153.1484375,73285.3515625,2800
2024-10-22,73296.5,73351.8984375,71049.8515625,71158.6484375,4200
2024-10-23,71087.203125,71706.546875,70262.1015625,70884.703125,5600
2024-10-24,71112.953125,71360.796875,70587.3984375,70826.25,3500
2024-10-25,71049.546875,71244.796875,68826.546875,69716.5,4000
2024-10-28,69789.046875,70469.796875,69018.5,70030.546875,4800
2024-10-29,70121.953125,70624.1015625,69095.8984375,70538.3515625,4300
2024-10-30,70405.703125,70890.453125,70050.0,70268.3515625,4100
2024-10-31,70327.6484375,70461.25,69651.796875,69911.75,3900
2024-11-01,70320.703125,70611.703125,70288.8515625,70400.75,900
2024-11-04,70462.3515625,70469.75,68726.453125,69418.25,4600
2024-11-05,69317.6015625,69895.5,68495.703125,69797.453125,3900
2024-11-06,70191.8515625,71482.703125,70135.453125,71389.796875,4100
2024-11-07,71580.75,71722.1484375,70522.0,70639.8984375,3300
2024-11-08,70668.6015625,70889.953125,69561.546875,69774.203125,2800
2024-11-11,69713.6015625,70603.0,69228.3984375,69973.75,2900
2024-11-12,70097.953125,70424.296875,68280.1484375,68448.8984375,2900
2024-11-13,68270.3984375,68528.453125,66896.453125,67101.453125,3900
2024-11-14,67221.8515625,67926.296875,66925.3515625,67408.6484375,3500
2024-11-18,67913.6484375,68080.1015625,67013.203125,67472.0,3100
2024-11-19,67789.796875,68536.296875,67611.3984375,67775.5,3000
2024-11-21,67395.75,67404.3515625,65996.0,66765.453125,5300
2024-11-22,66931.703125,68269.5,66858.75,68016.8515625,3800
2024-11-25,69337.75,69907.453125,69249.3515625,69342.703125,6900
2024-11-26,69588.5,69828.1015625,69309.8515625,69522.25,2700
2024-11-27,69724.1484375,70243.953125,69398.296875,70185.3984375,3800
2024-11-28,70442.8984375,70872.3984375,70050.75,70254.25,4200
2024-11-29,70366.296875,70977.203125,70207.3515625,70726.8515625,4600
2024-12-02,70690.203125,71197.953125,70572.703125,71164.3515625,2800
2024-12-03,71426.6015625,71941.546875,71369.296875,71890.75,3300
2024-12-04,72196.1484375,72415.796875,71716.8515625,72244.8515625,3900
2024-12-05,72520.296875,72571.703125,71950.3515625,72487.046875,3600
2024-12-06,72789.1015625,73218.6015625,72619.3515625,73040.3984375,5400
2024-12-09,72894.5,73001.3984375,72538.6015625,72708.1015625,3800
2024-12-10,72888.453125,73152.453125,72700.1484375,73096.453125,2900
2024-12-11,73126.6484375,73438.203125,73012.6015625,73292.1484375,3400
2024-12-12,73344.046875,73443.8984375,73037.453125,73082.6015625,3100
2024-12-13,73026.703125,73068.203125,71711.5,72965.953125,3200
2024-12-16,73060.8984375,73284.5,72856.796875,73155.6015625,2200
2024-12-17,73082.3515625,73298.703125,72061.046875,72188.0,2800
2024-12-18,72183.796875,72262.8984375,71104.1484375,71250.0,2500
2024-12-19,70026.953125,70821.3515625,69849.1484375,70625.703125,2700
2024-12-20,70762.953125,70956.25,68519.75,68702.6484375,5800
2024-12-23,69096.3984375,69456.3515625,68633.953125,68888.953125,3000
2024-12-24,68957.6015625,69231.8984375,68571.8515625,68857.25,2100
2024-12-26,69020.1015625,69233.25,68688.1015625,69165.8515625,200
2024-12-27,69218.203125,69432.6484375,68458.453125,68557.1484375,1500
2024-12-30,68624.203125,68704.0,67840.5,68063.796875,8300
2024-12-31,67737.6015625,68154.203125,67380.203125,67988.3515625,2600
2025-01-02,68362.203125,69198.453125,68189.203125,69103.6015625,2700
2025-01-03,69444.25,69785.8984375,69096.0,69192.453125,3600
2025-01-06,69280.6015625,69280.6015625,66759.6015625,66996.796875,4300
2025-01-07,67034.6015625,67629.3984375,66819.8515625,66938.8984375,3200
2025-01-08,67011.203125,67084.546875,65880.3984375,66402.6015625,2800
2025-01-09,66481.8515625,66490.703125,65482.3984375,65557.203125,2500
2025-01-10,65544.3515625,65662.453125,64126.25,64257.1015625,3400
2025-01-13,63399.19921875,63478.55078125,61388.8984375,61481.55078125,4300
2025-01-14,61860.75,63296.6484375,61839.55078125,63084.1015625,4800
2025-01-15,63580.05078125,63953.6484375,62990.80078125,63639.55078125,3800
2025-01-16,64520.55078125,64914.94921875,64448.8515625,64564.5,3600
2025-01-17,64616.19921875,65250.80078125,64251.94921875,65053.6015625,2700
2025-01-20,65322.6484375,65574.546875,64689.75,65106.1484375,3200
2025-01-21,64933.55078125,65029.44921875,63348.1484375,63406.1484375,5300
2025-01-22,63467.80078125,63579.1484375,61895.80078125,62865.6015625,4300
2025-01-23,62773.3515625,63808.6015625,62567.8515625,63499.75,2700
2025-01-24,63574.69921875,63755.1015625,62388.6015625,62494.0,2600
2025-01-27,62041.80078125,62050.8515625,60600.1484375,60730.8984375,3600
2025-01-28,61173.75,61542.55078125,60131.3984375,60912.1015625,4500
2025-01-29,60992.5,62213.44921875,60965.1015625,62142.1484375,3600
2025-01-30,62330.5,62771.75,61890.8515625,62193.1484375,3700
2025-01-31,62303.94921875,63311.30078125,62026.05078125,63127.3515625,4700
2025-02-03,63039.8515625,63039.8515625,62106.75,62634.19921875,4600
2025-02-04,63302.94921875,63674.3515625,62923.05078125,63598.3515625,3700
2025-02-05,63838.30078125,64377.5,63833.8515625,64012.80078125,3400
2025-02-06,64451.30078125,64458.05078125,63342.69921875,63536.69921875,2500
2025-02-07,63653.69921875,63907.3515625,62910.6015625,63552.19921875,2800
2025-02-10,63572.80078125,64029.1015625,62156.1015625,62390.30078125,2500
2025-02-11,62374.25,62521.75,60574.75,60827.80078125,3600
2025-02-12,60793.69921875,61157.5,59151.8984375,60826.5,4600
2025-02-13,60975.69921875,61738.8984375,60827.05078125,60947.75,2700
2025-02-14,61145.5,61239.80078125,59066.8515625,59557.94921875,3100
2025-02-17,59221.94921875,59551.5,58230.8984375,59446.55078125,3100
2025-02-18,59567.5,59673.55078125,58784.25,59449.3984375,2900
2025-02-19,59074.5,60273.25,58798.75,60156.3984375,3100
2025-02-20,59946.44921875,61073.25,59769.44921875,61039.1015625,3100
2025-02-21,60973.44921875,61417.55078125,60246.3515625,60466.80078125,3300
2025-02-24,59850.30078125,60062.8984375,59535.30078125,59752.6015625,2400
2025-02-25,59790.3984375,60057.8984375,59251.3515625,59312.5,3000
2025-02-27,59368.3984375,59572.75,58615.0,58767.19921875,3200
2025-02-28,58275.5,58370.6015625,56868.44921875,57063.05078125,6600
2025-03-03,57261.69921875,57798.6015625,56192.44921875,57646.80078125,4200
2025-03-04,57135.30078125,58168.94921875,56741.3984375,57966.8515625,3800
2025-03-05,57943.25,59483.19921875,57943.25,59441.6484375,3500
2025-03-06,60134.80078125,60350.05078125,59844.1015625,60114.3515625,3200
2025-03-07,60113.69921875,60391.8984375,59673.6484375,59852.55078125,2900
2025-03-10,59900.75,60318.1484375,58854.3984375,58972.0,3200
2025-03-11,58351.44921875,59469.3984375,58162.3984375,59274.1015625,3600
2025-03-12,59502.0,59751.8984375,58554.55078125,59277.55078125,3100
2025-03-13,59618.8984375,59883.55078125,58914.1484375,58976.1015625,2800
2025-03-17,59056.6015625,59583.1015625,59006.1484375,59406.6015625,2500
2025-03-18,59793.5,61049.19921875,59677.30078125,60971.3984375,3200
2025-03-19,61205.05078125,62095.19921875,60989.75,61953.44921875,3100
2025-03-20,62373.6484375,62553.1015625,61717.44921875,62309.3515625,3000
2025-03-21,62319.3984375,63063.1015625,62214.1484375,62855.8515625,5200
2025-03-24,63373.05078125,63794.6015625,63114.8515625,63638.3984375,3700
2025-03-25,64133.30078125,64141.30078125,62589.80078125,62703.75,3600
2025-03-26,62721.44921875,63186.8515625,62388.6015625,62460.80078125,3900
2025-03-27,62298.55078125,63606.69921875,62165.5,63442.55078125,11400
2025-03-28,63471.80078125,63916.8984375,62917.75,63043.19921875,4400
2025-04-01,62981.1015625,63339.1484375,62181.19921875,62372.1015625,2900
2025-04-02,62466.55078125,63143.25,61933.69921875,63087.1015625,1900
2025-04-03,62604.1484375,63259.69921875,62551.3984375,63104.30078125,2500
2025-04-04,63090.05078125,63330.94921875,61162.0,61468.69921875,3100
2025-04-07,57256.55078125,59815.6015625,57250.25,59546.19921875,3500
2025-04-08,60665.25,61094.6484375,59904.44921875,60807.55078125,2500
2025-04-09,60779.80078125,60950.5,60101.6484375,60664.6015625,2100
2025-04-11,61839.1484375,61839.1484375,61137.69921875,61473.55078125,2200
2025-04-15,62862.1484375,63452.8984375,62301.8984375,63374.30078125,2900
2025-04-16,63454.80078125,63843.3984375,63231.75,63798.55078125,2600
2025-04-17,63770.80078125,64419.30078125,63508.94921875,64255.55078125,2400
2025-04-21,64750.3515625,65496.6484375,64441.80078125,65406.19921875,300
2025-04-22,65649.25,65886.3984375,65141.6015625,65548.3984375,2700
2025-04-23,65829.25,66040.546875,65064.6015625,65999.6484375,2800
2025-04-24,66092.6484375,66291.6015625,65698.1484375,65900.796875,2800
2025-04-25,66044.1015625,66313.0,63762.5,64314.8984375,3300
2025-04-28,64139.94921875,65188.1015625,64124.25,65043.44921875,2300
2025-04-29,65349.6015625,65587.296875,64822.44921875,64892.3515625,2500
2025-04-30,64965.75,65204.55078125,64202.1015625,64508.8515625,2800
2025-05-02,64471.6484375,65123.44921875,64156.05078125,64429.75,2400
2025-05-05,64749.19921875,65484.0,64706.6484375,65406.8515625,3000
2025-05-06,65511.25,65605.546875,63605.3515625,63824.8984375,2800
2025-05-07,62864.55078125,64227.1484375,62864.55078125,64134.3984375,3400
2025-05-08,64267.3984375,64453.3515625,62346.5,62760.25,3600
2025-05-09,61416.44921875,62669.19921875,61401.69921875,62527.0,3000
2025-05-12,64366.1484375,65136.3515625,64169.0,65078.55078125,3200
2025-05-13,65128.30078125,65472.1484375,64903.19921875,65065.80078125,3600
2025-05-14,65202.25,65716.953125,65045.5,65540.75,3100
2025-05-15,65721.75,66284.796875,65492.3984375,66226.546875,2500
2025-05-16,66364.796875,67159.75,66138.296875,67078.953125,3500
2025-05-19,67281.546875,67677.25,67069.25,67405.796875,2900
2025-05-20,67686.296875,67747.3515625,66081.203125,66165.5,2800
2025-05-21,66289.296875,66982.1015625,65973.453125,66939.1015625,2300
2025-05-22,66833.3984375,66887.953125,66353.75,66716.8984375,1900
2025-05-23,66837.75,67178.1015625,66644.25,67095.8984375,1700
2025-05-26,67376.8515625,67692.8515625,67291.203125,67372.296875,1700
2025-05-27,67416.8984375,67418.0,66891.203125,67190.75,2200
2025-05-28,67331.703125,67440.046875,66887.8984375,66996.203125,2000
2025-05-29,67256.3984375,67327.8984375,66855.546875,67093.796875,2300
2025-05-30,67136.5,67299.953125,66596.1484375,66761.296875,4200
2025-06-02,66782.6484375,67097.3984375,66637.953125,67039.796875,2800
2025-06-03,67230.0,67351.6484375,66607.75,66671.796875,2600
2025-06-04,66763.8984375,66909.8515625,66305.8984375,66866.6015625,3200
2025-06-05,67077.3984375,67389.953125,66975.8515625,67147.1015625,2500
2025-06-06,67275.3515625,68030.1015625,67153.1484375,67992.8515625,3400
2025-06-09,68351.1015625,68861.703125,68246.8515625,68843.5,2600
2025-06-10,69125.3515625,69125.3515625,68659.6484375,68922.546875,2600
2025-06-11,68993.046875,69121.453125,68497.6015625,68771.8515625,3100
2025-06-12,68884.796875,68887.296875,67389.8984375,67536.5,2700
2025-06-13,66175.296875,67084.953125,66051.703125,66979.046875,2400
2025-06-16,66988.8984375,67521.5,66361.1015625,67472.1484375,1900
2025-06-17,67555.046875,67733.75,66923.703125,66996.453125,1600
2025-06-18,67007.0,67309.75,66623.1015625,66788.703125,1700
2025-06-19,66752.3515625,66969.3984375,65690.046875,65848.1484375,2500
2025-06-20,65894.046875,66852.25,65830.25,66733.046875,4100
2025-06-23,66209.453125,66944.3984375,66204.1015625,66780.5,1900
2025-06-24,67517.0,67792.296875,67224.3984375,67349.3515625,2200
2025-06-25,67692.25,67782.453125,67525.796875,67669.3984375,1900
2025-06-26,67879.453125,68346.703125,67621.3515625,68295.1484375,2300
2025-06-27,68479.0,68904.1484375,68439.703125,68712.3984375,3300
2025-06-30,68913.703125,69042.3515625,68731.8984375,68998.203125,2400
2025-07-01,69163.296875,69179.25,68669.453125,68930.203125,2300
2025-07-02,68980.8984375,69144.8515625,68335.1484375,68729.796875,2100
2025-07-03,68800.8515625,68889.796875,68305.3515625,68355.8515625,2100
2025-07-04,68546.8984375,68731.6484375,68280.1484375,68607.796875,1800
2025-07-07,68692.8515625,68869.953125,68544.6015625,68725.796875,1900
2025-07-08,68820.953125,68987.25,68368.3515625,68719.046875,1700
2025-07-09,68755.953125,68905.953125,68527.8515625,68678.1484375,2200
2025-07-10,68821.8984375,68840.046875,68354.3515625,68523.453125,2100
2025-07-11,68507.046875,68627.046875,67869.75,67965.546875,1900
2025-07-14,67956.0,68368.6015625,67793.1484375,68285.6484375,2000
2025-07-15,68440.8515625,68778.796875,68336.3984375,68727.546875,1800
2025-07-16,68740.953125,68958.796875,68517.703125,68870.546875,2500
2025-07-17,68992.1484375,69046.453125,68638.8515625,68711.453125,1600
2025-07-18,68799.8984375,68877.8515625,68139.546875,68225.1484375,1700
2025-07-21,68278.6015625,68576.046875,67988.203125,68503.1484375,1600
2025-07-22,68704.3515625,68747.296875,68173.5,68253.8984375,2700
2025-07-23,68371.75,68408.6484375,67946.0,68363.0,2500
2025-07-24,68392.703125,68486.203125,67945.1484375,68207.296875,2900
2025-07-25,68098.6015625,68130.296875,67059.6484375,67146.6484375,2100
2025-07-28,67023.0,67566.6484375,66678.296875,66768.8984375,1900
2025-07-29,66652.296875,67466.8515625,66470.5,67379.203125,1800
2025-07-30,67505.6015625,67560.296875,67173.796875,67435.1484375,2200
2025-07-31,66606.6484375,67443.5,66606.203125,67096.1484375,2400
2025-08-01,67119.25,67195.5,66068.453125,66192.796875,1900
2025-08-04,66238.5,66963.453125,66025.046875,66917.5,1800
2025-08-05,66995.75,66996.25,66423.1015625,66762.046875,1500
2025-08-06,66850.203125,66853.296875,66015.25,66181.3515625,2100
2025-08-07,65924.296875,66468.203125,65471.25,66338.1015625,1800
2025-08-08,66400.3984375,66487.1484375,65429.5,65514.69921875,1500
2025-08-11,65571.953125,66336.3515625,65378.6015625,66283.953125,1700
2025-08-12,66332.75,66602.25,66185.25,66223.8984375,1400
2025-08-13,66396.0,66735.453125,66393.0,66622.25,1500
2025-08-14,66776.296875,66833.1015625,66414.546875,66511.6015625,1700
2025-08-18,67396.5,67852.203125,67295.953125,67399.6015625,1900
2025-08-19,67505.1484375,67944.75,67226.6484375,67907.453125,1700
2025-08-20,67960.8515625,68258.796875,67885.703125,68164.296875,1900
2025-08-21,68337.703125,68353.703125,67928.1484375,67972.6484375,1700
2025-08-22,68049.203125,68252.296875,67510.453125,67540.1015625,1400
2025-08-25,67834.1015625,67893.203125,67604.8515625,67711.3515625,1400
2025-08-26,67632.203125,67709.1484375,66699.6484375,66800.3515625,3300
2025-08-28,66931.6484375,66931.6484375,65880.75,65940.296875,1800
2025-08-29,65960.75,66305.953125,65544.8515625,65745.75,2000
2025-09-01,65917.3515625,66703.453125,65910.0,66670.1484375,1600
2025-09-02,66799.1484375,67222.1015625,66459.75,67017.75,1500
2025-09-03,67153.8515625,67506.1484375,67127.1015625,67463.046875,1400
2025-09-04,68362.953125,68362.953125,67071.046875,67151.546875,1600
2025-09-05,67333.1015625,67498.703125,66669.6015625,67089.796875,1500
2025-09-08,67305.5,67701.3984375,67123.046875,67366.046875,1900
2025-09-09,67512.3984375,67578.796875,67256.6015625,67460.75,1300
2025-09-10,67696.046875,67962.703125,67629.3984375,67753.796875,1900
2025-09-11,67816.3515625,68064.1015625,67648.546875,67974.703125,2600
2025-09-12,68196.1015625,68303.703125,68064.1015625,68194.0,2000
2025-09-15,68377.046875,68691.3984375,68339.796875,68603.1484375,1900
2025-09-16,68779.0,69048.6484375,68604.546875,69000.75,1900
2025-09-17,69188.796875,69306.5,68971.5,69147.1015625,2400
2025-09-18,69314.046875,69438.8515625,69017.8515625,69334.296875,1800
2025-09-19,69621.296875,69863.296875,69494.8984375,69736.6015625,4000
2025-09-22,69822.0,70462.203125,69756.75,69962.296875,3600
2025-09-23,70251.1484375,70317.3984375,69471.953125,69643.3984375,4100
2025-09-24,69626.1015625,69698.6015625,68757.546875,68808.203125,3600
2025-09-25,68804.8515625,69123.75,68210.3984375,68293.6484375,3400
2025-09-26,68248.3515625,68298.0,67073.453125,67144.953125,2600
2025-09-29,67353.75,67911.546875,67222.703125,67835.1015625,3100
2025-09-30,67938.046875,68161.25,67571.703125,67845.1484375,2800
2025-10-01,67842.703125,68199.046875,67662.046875,68087.296875,2600
2025-10-03,68213.75,68396.3515625,67848.546875,68355.8984375,3100
2025-10-06,68436.203125,68633.75,68157.953125,68590.25,2400
2025-10-07,68696.8515625,68872.75,68476.046875,68671.203125,2400
2025-10-08,68685.046875,68737.953125,68050.703125,68139.953125,2300
2025-10-09,68288.1015625,68562.546875,68004.796875,68520.25,1900
2025-10-10,68619.3515625,68908.6015625,68425.046875,68687.25,2100
2025-10-13,68423.75,68601.8515625,68165.1484375,68569.6484375,2100
2025-10-14,68749.953125,68868.453125,68038.703125,68207.8515625,2200
2025-10-15,68389.8515625,69166.8515625,68361.546875,69113.546875,2600
2025-10-16,69274.6484375,69546.953125,69138.75,69453.203125,2700
2025-10-17,69458.0,69624.1015625,69083.6015625,69356.046875,3400
2025-10-20,69641.953125,69715.796875,69385.75,69450.3515625,2800
2025-10-21,69805.296875,69829.296875,69385.046875,69519.6484375,600
2025-10-23,69790.703125,69944.296875,69334.453125,69434.3515625,2900
2025-10-24,69530.546875,69656.453125,69146.6015625,69355.8984375,2100
2025-10-27,69579.1484375,69654.6484375,69416.953125,69612.203125,2300
2025-10-28,69751.75,69775.6015625,69029.796875,69258.25,2600
2025-10-29,69413.8515625,70318.6484375,69355.25,70238.453125,4300
2025-10-30,70405.1484375,70405.1484375,69788.75,70082.546875,3600
2025-10-31,70172.6484375,70289.3515625,69769.296875,69824.75,3400
2025-11-03,69995.703125,70544.75,69965.796875,70483.296875,400
2025-11-04,70493.796875,70551.1484375,70108.453125,70168.796875,2400
2025-11-06,70285.1484375,70334.546875,69241.796875,69299.546875,2200
2025-11-07,69074.6484375,69525.25,68396.8984375,69366.1484375,2300
2025-11-10,69513.1484375,69912.296875,69509.453125,69629.203125,1800
2025-11-11,69666.453125,69758.703125,69036.6015625,69725.1015625,2200
2025-11-12,69977.453125,70133.3515625,69724.1484375,69807.953125,2400
2025-11-13,69916.6484375,70159.546875,69713.796875,69851.6484375,2400
2025-11-14,69822.953125,70261.203125,69517.1484375,69786.8515625,2300
2025-11-17,70014.75,70262.296875,69947.3515625,70154.1015625,2000
2025-11-18,70275.703125,70275.703125,69560.6015625,69643.5,1800
2025-11-19,69681.453125,69782.0,69404.1484375,69635.8515625,2000
2025-11-20,69897.046875,69898.8515625,69489.6015625,69567.75,1600
2025-11-21,69448.5,69463.203125,68623.1484375,68669.1484375,1700
2025-11-24,68679.453125,68726.296875,67927.6484375,67997.453125,3200
2025-11-25,68030.796875,68242.0,67982.296875,68172.453125,1700
2025-11-26,68302.796875,69230.046875,68219.3984375,69189.3984375,1700
2025-11-27,69349.703125,69408.1015625,68858.453125,69069.796875,1700
2025-11-28,69072.203125,69222.796875,68900.703125,69137.453125,2100
2025-12-01,69401.703125,69464.5,69022.203125,69220.6015625,1700
2025-12-02,69116.6015625,69374.203125,69003.6015625,69154.453125,6700
2025-12-03,69208.953125,69276.8515625,68226.3984375,68400.8515625,2800
2025-12-04,68445.6015625,68807.0,68345.3984375,68560.796875,1800
2025-12-05,68557.296875,68764.1484375,68131.296875,68709.8515625,1600
2025-12-08,68702.0,68735.8984375,67027.3515625,67302.5,2000
2025-12-09,67066.953125,67775.3515625,66403.3515625,67704.453125,2300
2025-12-10,67779.8515625,68239.0,67455.796875,67572.3984375,1900
2025-12-11,67645.0,68068.25,67324.046875,67939.5,1900
2025-12-12,68141.75,68564.0,68031.8515625,68509.703125,2200
2025-12-15,68431.296875,68650.75,68060.8515625,68622.453125,2000
2025-12-16,68602.1015625,68613.0,68069.0,68337.203125,1900
2025-12-17,68419.703125,68646.1484375,67915.8515625,68076.8515625,2000
2025-12-18,68059.203125,68069.796875,67332.8984375,67830.25,1600
2025-12-19,67950.3515625,68432.6015625,67840.75,68378.6484375,2000
2025-12-22,68616.8984375,68936.3984375,68452.6015625,68842.75,1800
2025-12-23,69046.8515625,69189.703125,68868.046875,69096.296875,2000
2025-12-24,69194.1015625,69314.296875,68851.6015625,68957.25,1600
2025-12-26,68987.546875,69301.546875,68810.796875,68961.046875,2900
2025-12-29,69040.546875,69209.8515625,68543.3515625,68638.75,2600
2025-12-30,68597.3984375,68814.8984375,68324.296875,68667.75,2800
2025-12-31,68839.3515625,69531.3515625,68817.1015625,69364.5,2100
2026-01-02,69823.6484375,70461.296875,69792.1484375,70416.8984375,2600
2026-01-05,70528.046875,70611.8515625,70129.3515625,70413.3984375,2100
2026-01-06,70529.25,70670.1484375,70228.796875,70602.1015625,2000
2026-01-07,70681.8984375,70833.6484375,70404.3515625,70690.6015625,1700
2026-01-08,70633.8984375,70648.3515625,69077.5,69196.1015625,2200
2026-01-09,69059.203125,69530.703125,68258.75,68492.203125,2000
2026-01-12,68553.6484375,68770.8515625,67642.703125,68699.046875,2000
2026-01-13,68907.75,69126.6484375,67946.6484375,68522.0,1700
2026-01-14,68446.796875,68984.6015625,68272.6015625,68786.8984375,2600
2026-01-16,68867.3515625,69358.6015625,68593.1484375,68857.8984375,2700
2026-01-19,68792.25,69233.703125,68516.8984375,68693.8984375,3000
2026-01-20,68642.8515625,68748.75,66923.1484375,67110.8984375,3200
2026-01-21,66864.3515625,67310.1484375,65997.6015625,66864.453125,2700
2026-01-22,67332.3515625,67976.3984375,67194.953125,67592.796875,2200
2026-01-23,67829.203125,67834.25,66109.75,66260.546875,3100
2026-01-27,66696.6015625,66896.953125,65868.6015625,66696.546875,3200
2026-01-28,66906.796875,68298.0,66872.546875,68205.6484375,3100
2026-01-29,68300.203125,68458.203125,67756.3515625,68409.75,4300
2026-01-30,68146.8515625,68153.0,67439.796875,67839.8515625,3900
2026-02-02,66452.296875,67244.046875,65573.75,67073.203125,3100
2026-02-03,69488.6484375,69884.1484375,68446.953125,68849.3984375,4200
2026-02-04,68889.1484375,69354.6484375,68098.3515625,69298.546875,3400
2026-02-05,69078.5,69206.546875,68524.6484375,68970.3984375,300
2026-02-06,68772.6484375,69128.546875,68166.6484375,69058.3984375,2600
2026-02-09,69436.453125,69797.453125,69107.3515625,69729.3515625,2400
2026-02-10,69941.75,69969.3984375,69614.1484375,69829.6015625,2400
2026-02-11,70049.0,70386.1484375,69740.75,70216.546875,2400
2026-02-12,70221.796875,70223.6484375,69605.703125,69916.1015625,2100
2026-02-13,69374.6484375,69381.796875,68485.5,68826.75,2200
2026-02-16,68553.8515625,69588.046875,68369.296875,69496.75,1500
2026-02-17,69433.953125,69915.203125,69255.0,69868.75,195800
2026-02-18,69964.453125,70389.5,69796.703125,70334.3515625,185900
2026-02-19,70379.796875,70439.703125,68822.5,69028.75,174000
2026-02-20,68913.203125,69650.0,68862.25,69453.6484375,209200
2026-02-23,69844.796875,70042.953125,69417.8515625,69723.1015625,190000
2026-02-24,69498.3515625,69948.1015625,69108.546875,69778.453125,213100
2026-02-25,70045.5,70498.75,70014.6484375,70399.25,272300
2026-02-26,70534.6015625,70697.25,70118.546875,70628.5,232800
2026-02-27,70630.1015625,70630.1015625,69553.453125,69710.8984375,242700
2026-03-02,67393.296875,69144.453125,67352.546875,68650.25,301800
2026-03-04,67555.296875,67575.1015625,66480.703125,66799.3984375,336800
2026-03-05,67102.8515625,67893.3984375,67036.703125,67722.203125,278400
2026-03-06,67559.046875,68078.296875,67392.8984375,67476.6484375,251600
2026-03-09,66198.25,66202.3984375,64998.80078125,66070.6484375,297300
2026-03-10,66929.703125,67391.3515625,66431.6015625,67227.953125,257200
2026-03-11,67375.8984375,67765.3984375,66363.703125,66498.6484375,232400
2026-03-12,66119.0,66815.25,65299.0,66424.546875,360700
2026-03-13,66132.203125,66429.5,64578.75,64691.44921875,286500
2026-03-16,64621.55078125,64969.5,63525.5,64462.30078125,362400
2026-03-17,64722.05078125,65161.3984375,64261.30078125,65021.6015625,250600
2026-03-18,65200.5,65883.3984375,65050.6484375,65668.5,241500
2026-03-19,64706.75,64706.75,63319.75,63573.80078125,219500
2026-03-20,64035.75,64918.3515625,63744.6484375,63862.30078125,347700
2026-03-23,63236.75,63238.6484375,61272.25,61414.8984375,318900
2026-03-24,62668.1484375,62876.19921875,61349.3515625,62360.69921875,335200
2026-03-25,63051.3984375,64038.44921875,62975.25,63620.6015625,313300
2026-03-27,63324.1015625,63335.75,61969.94921875,62043.05078125,443400
2026-03-30,61170.3984375,61818.25,60269.30078125,60349.80078125,386100
2026-04-01,62118.05078125,62477.25,61677.3984375,61912.75,368400
2026-04-02,61136.3984375,62100.3515625,59896.1015625,61957.6015625,367300
2026-04-06,62198.05078125,62932.3515625,61586.80078125,62858.94921875,428900
2026-04-07,62607.44921875,63217.25,62021.1484375,63151.05078125,275700
2026-04-08,65491.3515625,66247.25,65295.05078125,66145.296875,503600
2026-04-09,66079.25,66605.5,65592.1015625,66268.6484375,322700
2026-04-10,66677.25,67708.953125,66623.6484375,67641.25,325100
2026-04-13,66038.3984375,67321.796875,65625.546875,67123.296875,384000
2026-04-15,68203.546875,68663.1015625,68109.203125,68569.3515625,351400
2026-04-16,69070.203125,69432.453125,68716.75,69300.6015625,356500
2026-04-17,69397.75,70410.0,69117.046875,70273.796875,344000
2026-04-20,70342.8515625,70813.8515625,69522.8984375,70341.0,316100
2026-04-21,70583.1484375,71050.6484375,70576.8515625,70824.453125,296900
2026-04-22,70756.046875,71536.796875,70591.296875,71346.203125,383000
2026-04-23,71168.6484375,71169.796875,70322.0,70410.3515625,383800
2026-04-24,70500.203125,70659.8984375,69234.6015625,69883.953125,310700
2026-04-27,70201.0,70903.0,70183.8984375,70798.6484375,317100
2026-04-28,70763.0,71028.046875,70470.6484375,70568.203125,337400
2026-04-29,70866.203125,71093.796875,70415.6484375,70521.796875,328900
2026-04-30,70127.703125,70165.25,69057.0,69643.8984375,363200
2026-05-04,69976.546875,70834.046875,69958.203125,70283.8515625,347000
2026-05-05,70256.796875,70731.953125,69959.796875,70627.296875,351300
2026-05-06,71260.203125,71764.1484375,70808.0,71691.453125,391300
2026-05-07,71982.5,72037.6015625,71610.8984375,71852.8984375,358400
2026-05-08,71776.3984375,71889.6015625,71423.8984375,71495.6015625,261400
2026-05-11,71046.6015625,71053.296875,70184.75,70297.8515625,304300
2026-05-12,70121.8515625,70367.6484375,68466.453125,68586.546875,321000
2026-05-13,68490.75,69630.6015625,68275.3984375,69166.3984375,369300
2026-05-14,69703.6015625,70115.6484375,68840.0,69940.296875,357600
2026-05-15,70134.046875,70197.8984375,69190.0,69280.25,367200
2026-05-18,68832.1015625,68832.1015625,67629.046875,68618.0,305700
2026-05-19,68817.25,69298.546875,68737.453125,68992.3515625,281200
2026-05-20,68578.0,69464.6484375,68262.3984375,69361.546875,302100
2026-05-21,69968.3984375,70106.25,69415.453125,69505.6015625,302000
2026-05-22,69670.3515625,69947.5,69416.0,69783.046875,245100
2026-05-25,70444.046875,70909.75,70390.8984375,70815.8515625,347900
2026-05-26,70875.3984375,71099.1015625,70650.8984375,70945.1015625,344300
2026-05-27,71043.8984375,72143.5,70996.25,71957.203125,328800
2026-05-29,72350.75,72442.1484375,70860.6484375,71073.6484375,642900
2026-06-01,71430.8515625,71530.6484375,69806.546875,69921.8515625,280900
2026-06-02,69481.203125,70175.5,69158.796875,70115.796875,305900
2026-06-03,70137.8515625,70137.8515625,69130.6484375,69856.3984375,257300
2026-06-04,69672.703125,70425.546875,69530.1484375,70010.953125,226700
2026-06-05,70311.5,70568.953125,69814.796875,70191.953125,299600
2026-06-08,69353.703125,69810.3515625,68689.1015625,68975.3984375,238500
2026-06-09,69351.1015625,70052.0,69311.8984375,69945.8515625,299900
2026-06-10,69958.75,70027.25,68999.453125,69154.703125,252000
2026-06-11,68784.75,69036.453125,68282.796875,68378.75,279800
2026-06-12,69318.203125,70080.953125,68947.3984375,70007.203125,280200
