Date,Open,High,Low,Close,Volume
2019-01-14,6272.39990234375,6274.2998046875,6233.9501953125,6256.64990234375,0
2019-01-15,6271.35009765625,6298.2998046875,6270.14990234375,6290.5,0
2019-01-16,6294.5498046875,6325.14990234375,6270.64990234375,6280.0,0
2019-01-17,6290.5498046875,6304.4501953125,6243.89990234375,6264.4501953125,0
2019-01-18,6279.85009765625,6280.35009765625,6227.2998046875,6233.0498046875,0
2019-01-21,6241.25,6248.14990234375,6180.9501953125,6190.14990234375,0
2019-01-22,6180.85009765625,6185.5498046875,6131.85009765625,6182.35009765625,0
2019-01-23,6188.10009765625,6209.9501953125,6162.2998046875,6168.0,0
2019-01-24,6176.4501953125,6182.4501953125,6137.7998046875,6150.0498046875,0
2019-01-25,6165.4501953125,6181.10009765625,6054.64990234375,6068.60009765625,0
2019-01-28,6061.0498046875,6061.9501953125,5941.2001953125,5966.5,0
2019-01-29,5949.9501953125,5998.10009765625,5932.14990234375,5979.25,0
2019-01-30,5998.0,6018.64990234375,5964.7998046875,6013.14990234375,0
2019-01-31,6031.2001953125,6052.0498046875,5991.9501953125,6044.64990234375,0
2019-02-01,6068.39990234375,6121.5498046875,6028.89990234375,6076.0498046875,0
2019-02-04,6072.2998046875,6072.2998046875,5999.0,6035.7998046875,0
2019-02-05,6035.64990234375,6059.5,5971.60009765625,5990.9501953125,0
2019-02-06,5993.75,6005.9501953125,5934.4501953125,5996.5498046875,0
2019-02-07,5998.25,6058.0,5995.75,6037.14990234375,0
2019-02-08,6021.7001953125,6036.75,5960.89990234375,5967.39990234375,0
2019-02-11,5961.10009765625,5961.7001953125,5868.25,5875.35009765625,0
2019-02-12,5874.0498046875,5897.7001953125,5854.7998046875,5865.7001953125,0
2019-02-14,5843.2998046875,5877.89990234375,5814.5498046875,5872.7001953125,0
2019-02-15,5871.9501953125,5872.60009765625,5788.60009765625,5824.5498046875,0
2019-02-18,5824.10009765625,5830.9501953125,5755.35009765625,5762.9501953125,0
2019-02-19,5767.25,5826.25,5766.14990234375,5790.5,0
2019-02-20,5813.5498046875,5847.60009765625,5802.85009765625,5841.25,0
2019-02-21,5858.2001953125,5899.85009765625,5840.25,5895.2001953125,0
2019-02-22,5895.89990234375,5925.7998046875,5892.75,5922.60009765625,0
2019-02-25,5941.39990234375,5949.85009765625,5928.64990234375,5944.75,0
2019-02-26,5888.4501953125,5953.4501953125,5823.7998046875,5939.2998046875,0
2019-02-27,5970.35009765625,6027.2001953125,5914.5,5962.7998046875,0
2019-02-28,5986.10009765625,6001.7001953125,5950.9501953125,5993.0,0
2019-03-01,6014.85009765625,6071.14990234375,6013.14990234375,6068.85009765625,0
2019-03-05,6078.39990234375,6195.4501953125,6076.10009765625,6193.2001953125,0
2019-03-06,6225.9501953125,6257.7998046875,6206.0498046875,6219.89990234375,0
2019-03-07,6237.75,6245.2998046875,6197.2998046875,6204.0,0
2019-03-08,6202.60009765625,6217.2001953125,6171.9501953125,6197.5498046875,0
2019-03-11,6217.75,6320.64990234375,6217.5,6317.7998046875,0
2019-03-12,6353.7998046875,6391.4501953125,6341.39990234375,6354.0,0
2019-03-13,6365.2001953125,6369.35009765625,6317.25,6324.2998046875,0
2019-03-14,6344.10009765625,6356.39990234375,6304.39990234375,6324.60009765625,0
2019-03-15,6344.89990234375,6372.10009765625,6339.60009765625,6364.85009765625,0
2019-03-18,6386.35009765625,6397.14990234375,6329.14990234375,6343.75,0
2019-03-19,6372.2001953125,6391.85009765625,6349.85009765625,6378.4501953125,0
2019-03-20,6388.75,6389.85009765625,6343.64990234375,6353.5,0
2019-03-22,6359.0,6383.2001953125,6320.2001953125,6327.0498046875,0
2019-03-25,6286.0498046875,6296.7001953125,6252.25,6276.5,0
2019-03-26,6295.9501953125,6341.25,6290.2001953125,6336.89990234375,0
2019-03-27,6360.9501953125,6394.10009765625,6351.4501953125,6371.85009765625,0
2019-03-28,6387.25,6462.60009765625,6381.2001953125,6442.9501953125,0
2019-04-01,6530.0498046875,6563.4501953125,6511.2998046875,6522.5498046875,0
2019-04-02,6541.7998046875,6546.64990234375,6497.39990234375,6525.2001953125,0
2019-04-03,6543.25,6567.10009765625,6453.60009765625,6462.75,0
2019-04-04,6472.35009765625,6480.7998046875,6424.5,6453.60009765625,0
2019-04-05,6470.75,6502.89990234375,6467.7001953125,6497.89990234375,0
2019-04-08,6519.64990234375,6520.85009765625,6429.39990234375,6451.89990234375,0
2019-04-09,6457.0,6462.25,6399.7001953125,6457.5498046875,0
2019-04-10,6453.10009765625,6478.60009765625,6437.4501953125,6445.9501953125,0
2019-04-11,6449.85009765625,6462.7001953125,6419.4501953125,6448.64990234375,0
2019-04-12,6454.0498046875,6477.2001953125,6447.9501953125,6472.75,0
2019-04-15,6493.4501953125,6514.60009765625,6485.2998046875,6505.2001953125,0
2019-04-16,6520.25,6529.4501953125,6508.5,6513.10009765625,0
2019-04-18,6526.25,6530.0498046875,6441.2001953125,6458.25,0
2019-04-22,6443.75,6443.7998046875,6353.2001953125,6360.35009765625,0
2019-04-23,6367.0,6394.39990234375,6341.9501953125,6367.2001953125,0
2019-04-24,6382.7998046875,6392.39990234375,6351.35009765625,6384.2998046875,0
2019-04-25,6395.64990234375,6417.75,6354.2998046875,6360.14990234375,0
2019-04-26,6377.0498046875,6380.39990234375,6318.39990234375,6342.75,0
2019-04-30,6340.39990234375,6341.64990234375,6243.7001953125,6292.39990234375,0
2019-05-02,6279.39990234375,6305.7998046875,6246.25,6256.85009765625,0
2019-05-03,6260.5498046875,6286.14990234375,6230.0498046875,6254.5,0
2019-05-06,6217.4501953125,6237.75,6197.75,6209.4501953125,0
2019-05-07,6234.25,6241.0,6142.0,6148.85009765625,0
2019-05-08,6129.0,6140.5,6082.25,6093.7001953125,0
2019-05-09,6083.64990234375,6095.60009765625,6047.60009765625,6080.39990234375,0
2019-05-10,6086.35009765625,6117.85009765625,6079.60009765625,6102.5498046875,0
2019-05-13,6091.5498046875,6094.4501953125,5977.7001953125,5984.7998046875,0
2019-05-14,5972.14990234375,6021.25,5920.0,6007.9501953125,0
2019-05-15,6022.0498046875,6040.14990234375,5964.7998046875,5975.85009765625,0
2019-05-16,5984.2998046875,5999.10009765625,5947.2001953125,5991.5,0
2019-05-17,5994.85009765625,6055.4501953125,5986.5,6049.5498046875,0
2019-05-20,6195.5,6276.0498046875,6162.60009765625,6270.39990234375,0
2019-05-21,6286.2001953125,6289.14990234375,6194.25,6210.14990234375,0
2019-05-22,6219.60009765625,6224.7998046875,6158.0498046875,6212.39990234375,0
2019-05-23,6295.39990234375,6345.25,6190.0,6205.39990234375,0
2019-05-24,6234.89990234375,6330.7001953125,6211.10009765625,6323.25,0
2019-05-27,6343.35009765625,6427.4501953125,6332.64990234375,6425.60009765625,0
2019-05-28,6445.89990234375,6452.75,6414.2001953125,6439.64990234375,0
2019-05-29,6432.75,6435.39990234375,6384.4501953125,6400.14990234375,0
2019-05-30,6407.5498046875,6443.64990234375,6396.7998046875,6438.25,0
2019-05-31,6455.85009765625,6482.60009765625,6402.60009765625,6442.2001953125,0
2019-06-03,6446.64990234375,6500.2998046875,6419.10009765625,6495.0498046875,0
2019-06-04,6487.14990234375,6535.7001953125,6480.5,6488.7998046875,0
2019-06-06,6487.5,6487.5,6385.14990234375,6393.0,0
2019-06-07,6394.5,6420.5,6331.7001953125,6383.9501953125,0
2019-06-10,6410.5,6431.0,6360.35009765625,6391.60009765625,0
2019-06-11,6403.7998046875,6434.7001953125,6368.2001953125,6429.2998046875,0
2019-06-12,6424.64990234375,6427.0498046875,6372.75,6376.5498046875,0
2019-06-13,6363.0498046875,6372.35009765625,6302.64990234375,6358.7998046875,0
2019-06-14,6353.0498046875,6363.5498046875,6290.7001953125,6306.35009765625,0
2019-06-17,6309.0498046875,6310.14990234375,6225.7001953125,6231.10009765625,0
2019-06-18,6233.64990234375,6264.10009765625,6203.7001953125,6223.5,0
2019-06-19,6246.60009765625,6270.4501953125,6142.14990234375,6166.85009765625,0
2019-06-20,6165.85009765625,6259.7998046875,6128.2001953125,6250.5498046875,0
2019-06-21,6250.2998046875,6261.7998046875,6211.5498046875,6252.64990234375,0
2019-06-24,6254.85009765625,6260.0,6226.64990234375,6236.25,0
2019-06-25,6228.9501953125,6279.5498046875,6218.7001953125,6275.9501953125,0
2019-06-26,6266.10009765625,6329.64990234375,6261.10009765625,6323.85009765625,0
2019-06-27,6333.14990234375,6363.60009765625,6329.64990234375,6355.2998046875,0
2019-06-28,6361.0498046875,6363.10009765625,6328.9501953125,6346.5498046875,0
2019-07-01,6364.35009765625,6378.39990234375,6347.7001953125,6360.0498046875,0
2019-07-02,6378.2001953125,6383.25,6334.0,6378.89990234375,0
2019-07-03,6387.5498046875,6397.39990234375,6371.25,6388.4501953125,0
2019-07-04,6398.14990234375,6411.60009765625,6373.9501953125,6379.35009765625,0
2019-07-05,6394.0,6394.85009765625,6270.89990234375,6283.4501953125,0
2019-07-08,6252.9501953125,6258.9501953125,6108.5498046875,6130.4501953125,0
2019-07-09,6116.14990234375,6155.7001953125,6088.75,6148.7001953125,0
2019-07-10,6155.0498046875,6177.35009765625,6088.7001953125,6095.25,0
2019-07-11,6118.64990234375,6142.85009765625,6097.64990234375,6138.2998046875,0
2019-07-12,6145.39990234375,6187.9501953125,6138.75,6161.7998046875,0
2019-07-15,6173.2001953125,6176.7998046875,6097.85009765625,6118.2998046875,0
2019-07-16,6121.10009765625,6160.0498046875,6108.64990234375,6158.14990234375,0
2019-07-17,6162.2001953125,6176.25,6127.75,6142.7998046875,0
2019-07-18,6136.35009765625,6138.10009765625,6048.10009765625,6054.7998046875,0
2019-07-19,6075.75,6085.75,5930.85009765625,5942.9501953125,0
2019-07-22,5927.75,5931.10009765625,5854.75,5904.89990234375,0
2019-07-23,5911.5498046875,5922.35009765625,5862.7001953125,5883.89990234375,0
2019-07-24,5883.85009765625,5899.7998046875,5794.4501953125,5803.5,0
2019-07-25,5803.89990234375,5844.9501953125,5803.0,5830.5,0
2019-07-26,5828.85009765625,5866.25,5807.10009765625,5857.89990234375,0
2019-07-29,5859.64990234375,5866.2998046875,5796.2998046875,5807.7998046875,0
2019-07-30,5812.9501953125,5840.0,5704.85009765625,5713.14990234375,0
2019-07-31,5686.85009765625,5778.85009765625,5645.64990234375,5772.89990234375,0
2019-08-01,5755.7998046875,5786.60009765625,5678.85009765625,5720.85009765625,0
2019-08-02,5683.7001953125,5750.7001953125,5634.75,5713.2001953125,0
2019-08-05,5672.60009765625,5672.60009765625,5578.39990234375,5634.0498046875,0
2019-08-06,5608.25,5741.0,5608.10009765625,5733.2998046875,0
2019-08-07,5741.2001953125,5782.0,5697.60009765625,5707.35009765625,0
2019-08-08,5719.7998046875,5753.0,5681.60009765625,5742.9501953125,0
2019-08-09,5768.60009765625,5829.39990234375,5768.14990234375,5798.2001953125,0
2019-08-13,5807.85009765625,5809.0498046875,5685.14990234375,5692.85009765625,0
2019-08-14,5719.35009765625,5747.9501953125,5683.7001953125,5740.60009765625,0
2019-08-16,5720.39990234375,5762.4501953125,5682.64990234375,5757.2001953125,0
2019-08-19,5771.7998046875,5798.5498046875,5760.2998046875,5774.5,0
2019-08-20,5778.0498046875,5779.10009765625,5708.14990234375,5732.7998046875,0
2019-08-21,5729.35009765625,5731.4501953125,5643.39990234375,5655.10009765625,0
2019-08-22,5642.35009765625,5644.35009765625,5547.7001953125,5558.9501953125,0
2019-08-23,5540.7001953125,5619.2998046875,5492.9501953125,5607.89990234375,0
2019-08-26,5699.35009765625,5705.89990234375,5574.5,5682.9501953125,0
2019-08-27,5707.35009765625,5747.25,5699.0498046875,5731.64990234375,0
2019-08-28,5739.64990234375,5760.75,5665.7001953125,5682.7001953125,0
2019-08-29,5678.2998046875,5683.5498046875,5621.0498046875,5659.7998046875,0
2019-08-30,5676.10009765625,5719.25,5648.89990234375,5712.7001953125,0
2019-09-03,5683.10009765625,5694.60009765625,5618.0498046875,5626.85009765625,0
2019-09-04,5626.85009765625,5651.14990234375,5589.39990234375,5646.5,0
2019-09-05,5656.9501953125,5680.0498046875,5649.39990234375,5659.9501953125,0
2019-09-06,5673.2001953125,5703.25,5660.10009765625,5696.7001953125,0
2019-09-09,5702.4501953125,5761.35009765625,5686.60009765625,5758.0,0
2019-09-11,5766.0,5809.9501953125,5765.9501953125,5803.4501953125,0
2019-09-12,5821.5498046875,5838.14990234375,5782.85009765625,5787.5,0
2019-09-13,5805.39990234375,5821.0498046875,5753.85009765625,5817.60009765625,0
2019-09-16,5802.0,5839.10009765625,5789.2001953125,5812.39990234375,0
2019-09-17,5820.7998046875,5836.89990234375,5696.64990234375,5707.39990234375,0
2019-09-18,5730.9501953125,5752.5,5691.7001953125,5726.75,0
2019-09-19,5737.10009765625,5738.10009765625,5626.5,5641.14990234375,0
2019-09-20,5658.9501953125,5965.89990234375,5612.60009765625,5959.14990234375,0
2019-09-23,6038.0,6159.7998046875,6036.0498046875,6121.5498046875,0
2019-09-24,6141.2998046875,6157.2001953125,6065.7001953125,6090.7001953125,0
2019-09-25,6083.2998046875,6084.75,5981.25,5993.9501953125,0
2019-09-26,6001.7998046875,6053.39990234375,5999.4501953125,6041.64990234375,0
2019-09-27,6043.7998046875,6052.25,5979.7998046875,5989.75,0
2019-09-30,5995.2001953125,5996.0,5869.75,5912.2001953125,0
2019-10-01,5922.25,5938.9501953125,5744.35009765625,5815.5498046875,0
2019-10-03,5799.39990234375,5841.89990234375,5768.60009765625,5810.64990234375,0
2019-10-04,5835.14990234375,5848.0,5753.2001953125,5764.14990234375,0
2019-10-07,5768.4501953125,5773.60009765625,5710.39990234375,5748.2001953125,0
2019-10-09,5755.2001953125,5815.9501953125,5723.0,5813.64990234375,0
2019-10-10,5804.64990234375,5816.60009765625,5753.5,5758.7998046875,0
2019-10-11,5772.7998046875,5805.7998046875,5734.35009765625,5771.10009765625,0
2019-10-14,5791.14990234375,5821.64990234375,5777.35009765625,5786.7001953125,0
2019-10-15,5796.35009765625,5814.75,5774.7001953125,5803.5498046875,0
2019-10-16,5818.2998046875,5834.2001953125,5783.39990234375,5793.2998046875,0
2019-10-17,5800.2998046875,5894.4501953125,5790.35009765625,5888.7001953125,0
2019-10-18,5896.39990234375,6001.0498046875,5889.5,5991.9501953125,0
2019-10-22,5994.0,6033.75,5986.7001953125,5999.0,0
2019-10-23,6007.0498046875,6034.0,5975.4501953125,6006.5498046875,0
2019-10-24,6026.35009765625,6039.2001953125,5972.60009765625,5994.14990234375,0
2019-10-25,6007.7001953125,6014.39990234375,5966.14990234375,5985.39990234375,0
2019-10-29,6043.0,6113.14990234375,6028.7001953125,6093.5,0
2019-10-30,6121.2001953125,6134.2998046875,6097.25,6122.35009765625,0
2019-10-31,6147.60009765625,6212.7001953125,6146.64990234375,6201.64990234375,0
2019-11-01,6215.39990234375,6252.5498046875,6211.35009765625,6222.5,0
2019-11-04,6250.14990234375,6274.0,6211.2998046875,6216.2998046875,0
2019-11-05,6234.4501953125,6237.39990234375,6148.25,6158.4501953125,0
2019-11-06,6165.64990234375,6175.60009765625,6136.7998046875,6150.60009765625,0
2019-11-07,6189.75,6197.4501953125,6167.5,6191.5,0
2019-11-08,6197.35009765625,6216.35009765625,6147.7998046875,6153.5,0
2019-11-11,6154.75,6191.75,6149.7001953125,6186.4501953125,0
2019-11-13,6194.75,6206.25,6127.0,6137.7998046875,0
2019-11-14,6146.9501953125,6162.25,6109.35009765625,6153.0,0
2019-11-15,6171.7001953125,6196.85009765625,6151.89990234375,6169.7998046875,0
2019-11-18,6184.64990234375,6216.25,6171.75,6210.7998046875,0
2019-11-19,6223.39990234375,6232.64990234375,6205.14990234375,6227.60009765625,0
2019-11-20,6245.89990234375,6256.10009765625,6224.2998046875,6238.0,0
2019-11-21,6246.5,6252.89990234375,6189.39990234375,6193.0,0
2019-11-22,6198.2998046875,6200.39990234375,6155.7998046875,6196.5,0
2019-11-25,6206.7001953125,6260.60009765625,6202.9501953125,6256.85009765625,0
2019-11-26,6278.60009765625,6292.5,6203.14990234375,6210.39990234375,0
2019-11-27,6224.5498046875,6261.25,6215.9501953125,6255.2998046875,0
2019-11-28,6266.25,6311.2001953125,6258.10009765625,6307.5498046875,0
2019-11-29,6314.7998046875,6351.75,6291.2001953125,6321.64990234375,0
2019-12-02,6328.5,6331.5498046875,6268.2001953125,6288.2001953125,0
2019-12-03,6297.9501953125,6305.14990234375,6217.2001953125,6230.5498046875,0
2019-12-04,6218.2998046875,6271.2001953125,6203.5,6267.7001953125,0
2019-12-05,6280.39990234375,6281.39990234375,6243.89990234375,6253.9501953125,0
2019-12-06,6269.14990234375,6269.14990234375,6154.2998046875,6174.39990234375,0
2019-12-09,6181.0,6224.10009765625,6148.0,6176.25,0
2019-12-10,6176.75,6185.89990234375,6095.60009765625,6108.14990234375,0
2019-12-11,6116.0,6147.4501953125,6106.2998046875,6142.75,0
2019-12-12,6161.5,6199.39990234375,6157.64990234375,6186.5,0
2019-12-13,6205.14990234375,6248.7001953125,6204.35009765625,6243.0,0
2019-12-16,6260.60009765625,6267.39990234375,6207.75,6215.7998046875,0
2019-12-17,6230.4501953125,6250.2998046875,6216.0,6247.14990234375,0
2019-12-18,6257.0,6260.85009765625,6209.75,6231.0,0
2019-12-19,6229.5,6246.7001953125,6216.25,6240.0,0
2019-12-20,6245.14990234375,6261.7001953125,6232.64990234375,6239.14990234375,0
2019-12-23,6237.2998046875,6262.5,6215.0498046875,6228.10009765625,0
2019-12-24,6236.25,6244.2998046875,6216.14990234375,6221.10009765625,0
2019-12-26,6230.5,6236.4501953125,6222.2001953125,6229.7998046875,0
2019-12-27,6247.0498046875,6291.39990234375,6246.2998046875,6285.9501953125,0
2019-12-30,6297.0,6316.4501953125,6289.5498046875,6311.7998046875,0
2019-12-31,6312.5498046875,6334.2001953125,6309.0498046875,6321.60009765625,0
2020-01-01,6335.7001953125,6353.2001953125,6321.14990234375,6343.9501953125,0
2020-01-02,6354.7001953125,6425.2998046875,6350.60009765625,6422.85009765625,0
2020-01-03,6420.0,6430.64990234375,6377.2001953125,6394.5,0
2020-01-06,6370.5,6373.0,6251.0,6258.7998046875,0
2020-01-07,6296.4501953125,6349.64990234375,6274.5,6303.85009765625,0
2020-01-08,6248.4501953125,6319.7001953125,6229.75,6315.39990234375,0
2020-01-09,6370.75,6413.10009765625,6369.39990234375,6403.5498046875,0
2020-01-10,6422.4501953125,6461.7001953125,6413.60009765625,6422.9501953125,0
2020-01-13,6450.0498046875,6473.89990234375,6449.0,6465.75,0
2020-01-14,6481.0,6515.64990234375,6472.75,6511.10009765625,0
2020-01-15,6514.5,6577.2001953125,6505.85009765625,6571.14990234375,0
2020-01-16,6592.64990234375,6629.9501953125,6591.2001953125,6625.75,0
2020-01-17,6629.7001953125,6666.0498046875,6618.0,6655.7998046875,0
2020-01-20,6678.39990234375,6680.0498046875,6621.39990234375,6626.64990234375,0
2020-01-21,6607.14990234375,6640.0498046875,6598.7998046875,6619.4501953125,0
2020-01-22,6654.14990234375,6654.39990234375,6601.4501953125,6606.0498046875,0
2020-01-23,6616.64990234375,6701.0,6614.75,6689.7001953125,0
2020-01-24,6695.4501953125,6753.35009765625,6681.75,6742.4501953125,0
2020-01-27,6726.2998046875,6794.10009765625,6716.64990234375,6732.2998046875,0
2020-01-28,6741.5498046875,6763.2998046875,6703.25,6721.14990234375,0
2020-01-29,6759.39990234375,6782.85009765625,6726.75,6739.4501953125,0
2020-01-30,6756.64990234375,6757.35009765625,6675.2998046875,6691.14990234375,0
2020-01-31,6714.25,6719.7998046875,6645.60009765625,6661.75,0
2020-02-03,6485.9501953125,6588.2001953125,6464.4501953125,6559.64990234375,0
2020-02-04,6586.60009765625,6642.39990234375,6585.10009765625,6630.75,0
2020-02-05,6659.64990234375,6726.35009765625,6653.2998046875,6702.25,0
2020-02-06,6728.4501953125,6757.5,6698.60009765625,6740.10009765625,0
2020-02-07,6760.9501953125,6798.7001953125,6742.5498046875,6792.2001953125,0
2020-02-10,6808.2001953125,6808.2001953125,6733.89990234375,6746.25,0
2020-02-11,6774.10009765625,6795.0,6740.7001953125,6751.2001953125,0
2020-02-12,6769.2001953125,6777.60009765625,6728.85009765625,6740.10009765625,0
2020-02-13,6748.4501953125,6749.89990234375,6705.85009765625,6732.2998046875,0
2020-02-14,6750.35009765625,6765.60009765625,6680.14990234375,6690.35009765625,0
2020-02-17,6703.5498046875,6706.14990234375,6627.5,6630.64990234375,0
2020-02-18,6622.14990234375,6623.25,6529.60009765625,6592.60009765625,0
2020-02-19,6632.35009765625,6691.5498046875,6630.25,6687.64990234375,0
2020-02-20,6698.64990234375,6765.2001953125,6688.35009765625,6738.10009765625,0
2020-02-24,6713.85009765625,6713.85009765625,6614.0,6620.5498046875,0
2020-02-25,6634.7001953125,6672.7001953125,6580.7001953125,6591.25,0
2020-02-26,6569.9501953125,6580.2001953125,6500.2998046875,6515.5,0
2020-02-27,6519.2001953125,6519.5,6414.39990234375,6469.2998046875,0
2020-02-28,6329.2998046875,6333.7998046875,6219.5498046875,6276.0,0
2020-03-02,6351.5498046875,6416.89990234375,6200.60009765625,6234.4501953125,0
2020-03-03,6286.35009765625,6360.75,6251.5498046875,6342.0498046875,0
2020-03-04,6355.64990234375,6370.5498046875,6156.89990234375,6244.9501953125,0
2020-03-05,6278.0,6303.4501953125,6212.2998046875,6260.14990234375,0
2020-03-06,6049.10009765625,6143.39990234375,5987.35009765625,6135.4501953125,0
2020-03-09,6002.60009765625,6019.0498046875,5801.4501953125,5878.60009765625,0
2020-03-11,5863.2998046875,5953.25,5811.4501953125,5835.14990234375,0
2020-03-12,5597.7998046875,5613.75,5323.14990234375,5378.4501953125,0
2020-03-13,4907.4501953125,5529.14990234375,4795.25,5501.75,0
2020-03-16,5305.5,5345.14990234375,5165.75,5179.4501953125,0
2020-03-17,5183.14990234375,5236.7998046875,5044.0498046875,5053.75,0
2020-03-18,5101.85009765625,5132.14990234375,4735.7998046875,4782.14990234375,0
2020-03-19,4553.5498046875,4689.5498046875,4418.7001953125,4590.2001953125,0
2020-03-20,4618.5,4826.39990234375,4562.5498046875,4790.2998046875,0
2020-03-23,4381.10009765625,4504.0498046875,4158.60009765625,4165.89990234375,0
2020-03-24,4282.5498046875,4319.14990234375,4088.050048828125,4208.89990234375,0
2020-03-25,4136.64990234375,4355.2998046875,4136.64990234375,4347.0498046875,0
2020-03-26,4390.5498046875,4574.2001953125,4340.2001953125,4506.7998046875,0
2020-03-27,4646.7998046875,4693.2001953125,4431.14990234375,4489.0498046875,0
2020-03-30,4407.7001953125,4439.85009765625,4337.14990234375,4383.25,0
2020-03-31,4472.39990234375,4507.35009765625,4398.10009765625,4493.25,0
2020-04-01,4504.89990234375,4510.2998046875,4380.7998046875,4411.64990234375,0
2020-04-03,4435.60009765625,4439.75,4339.85009765625,4352.35009765625,0
2020-04-07,4498.2001953125,4567.0498046875,4440.64990234375,4561.85009765625,0
2020-04-08,4557.60009765625,4762.39990234375,4528.7998046875,4637.10009765625,0
2020-04-09,4726.7998046875,4796.39990234375,4721.85009765625,4786.25,0
2020-04-13,4823.35009765625,4823.35009765625,4676.2001953125,4733.0498046875,0
2020-04-15,4796.2998046875,4893.4501953125,4758.89990234375,4795.60009765625,0
2020-04-16,4786.0498046875,4886.7001953125,4761.9501953125,4869.89990234375,0
2020-04-17,5002.5,5036.35009765625,4935.39990234375,4978.14990234375,0
2020-04-20,5034.5498046875,5067.14990234375,4978.35009765625,5001.85009765625,0
2020-04-21,4926.5,4926.5,4836.9501953125,4856.7998046875,0
2020-04-22,4854.0498046875,4898.39990234375,4796.0,4890.5498046875,0
2020-04-23,4924.14990234375,5009.0498046875,4922.2998046875,4945.5498046875,0
2020-04-24,4904.75,4934.2998046875,4853.85009765625,4859.25,0
2020-04-27,4913.0498046875,4947.9501953125,4904.64990234375,4941.0,0
2020-04-28,4990.7998046875,5008.14990234375,4934.25,4996.89990234375,0
2020-04-29,5026.35009765625,5068.2998046875,5015.2998046875,5058.2998046875,0
2020-04-30,5132.64990234375,5188.2998046875,5127.0498046875,5149.60009765625,0
2020-05-04,5015.0498046875,5017.2998046875,4928.2998046875,4950.2998046875,0
2020-05-05,5016.75,5042.5,4912.14990234375,4918.0498046875,0
2020-05-06,4943.7001953125,4974.35009765625,4874.9501953125,4943.64990234375,0
2020-05-07,4934.5,4985.9501953125,4914.7998046875,4919.85009765625,0
2020-05-08,4978.75,4989.14990234375,4895.4501953125,4902.25,0
2020-05-11,4942.7998046875,4966.14990234375,4913.35009765625,4921.85009765625,0
2020-05-12,4908.7998046875,4910.35009765625,4827.10009765625,4889.60009765625,0
2020-05-13,5058.5498046875,5058.5498046875,4937.0498046875,4983.10009765625,0
2020-05-14,4960.10009765625,5006.5498046875,4941.5,4960.85009765625,0
2020-05-15,4987.64990234375,4989.60009765625,4933.14990234375,4948.0498046875,0
2020-05-18,4967.0,4967.4501953125,4747.75,4753.85009765625,0
2020-05-19,4811.2001953125,4828.89990234375,4755.75,4766.7001953125,0
2020-05-20,4774.60009765625,4844.35009765625,4766.75,4834.14990234375,0
2020-05-21,4860.2001953125,4915.7001953125,4854.0,4873.89990234375,0
2020-05-22,4868.2001953125,4904.7998046875,4811.75,4849.0,0
2020-05-26,4882.0498046875,4909.4501953125,4863.25,4903.7998046875,0
2020-05-27,4927.0,4928.10009765625,4866.89990234375,4920.5,0
2020-05-28,4946.2001953125,4997.5498046875,4940.9501953125,4991.0,0
2020-05-29,4976.0498046875,5071.35009765625,4965.10009765625,5053.7001953125,0
2020-06-01,5120.5,5215.10009765625,5118.64990234375,5199.89990234375,0
2020-06-02,5236.10009765625,5274.89990234375,5224.75,5269.5498046875,0
2020-06-03,5337.14990234375,5368.75,5289.10009765625,5305.5498046875,0
2020-06-04,5321.0498046875,5364.10009765625,5257.64990234375,5293.14990234375,0
2020-06-05,5334.4501953125,5391.10009765625,5315.35009765625,5385.64990234375,0
2020-06-08,5464.4501953125,5476.89990234375,5392.25,5409.85009765625,0
2020-06-09,5452.5498046875,5473.2001953125,5364.35009765625,5384.14990234375,0
2020-06-10,5404.89990234375,5451.64990234375,5385.0498046875,5443.85009765625,0
2020-06-11,5456.14990234375,5494.64990234375,5368.64990234375,5375.75,0
2020-06-12,5165.60009765625,5435.7001953125,5165.35009765625,5426.0498046875,0
2020-06-15,5434.35009765625,5466.5498046875,5360.0,5369.4501953125,0
2020-06-16,5458.35009765625,5467.2001953125,5320.5,5399.5498046875,0
2020-06-17,5391.5498046875,5445.10009765625,5383.0,5418.0498046875,0
2020-06-18,5423.0,5488.64990234375,5416.2998046875,5483.7998046875,0
2020-06-19,5516.9501953125,5554.85009765625,5498.35009765625,5553.35009765625,0
2020-06-22,5605.5498046875,5654.5,5600.89990234375,5639.5498046875,0
2020-06-23,5685.60009765625,5735.5,5653.60009765625,5730.25,0
2020-06-24,5780.35009765625,5786.5,5652.7998046875,5667.9501953125,0
2020-06-25,5632.2998046875,5725.9501953125,5604.2001953125,5721.9501953125,0
2020-06-26,5763.0,5779.39990234375,5720.0,5726.4501953125,0
2020-06-29,5714.0,5714.0,5619.2001953125,5642.60009765625,0
2020-06-30,5680.60009765625,5692.4501953125,5612.35009765625,5626.2001953125,0
2020-07-01,5632.2001953125,5648.5498046875,5602.2998046875,5640.35009765625,0
2020-07-02,5671.25,5711.10009765625,5666.2001953125,5701.25,0
2020-07-03,5739.89990234375,5755.0498046875,5706.35009765625,5739.35009765625,0
2020-07-06,5781.75,5835.0,5774.0498046875,5829.9501953125,0
2020-07-07,5846.89990234375,5866.25,5802.35009765625,5859.5498046875,0
2020-07-08,5884.35009765625,5900.7001953125,5814.5,5826.0498046875,0
2020-07-09,5848.9501953125,5860.0,5819.10009765625,5835.75,0
2020-07-10,5820.7001953125,5850.2001953125,5763.0498046875,5796.75,0
2020-07-13,5839.2998046875,5852.60009765625,5773.5498046875,5785.25,0
2020-07-14,5772.85009765625,5775.0,5690.25,5721.9501953125,0
2020-07-15,5759.9501953125,5780.75,5690.4501953125,5702.2998046875,0
2020-07-16,5725.35009765625,5730.5,5642.10009765625,5724.85009765625,0
2020-07-17,5745.2001953125,5798.0498046875,5742.7998046875,5791.25,0
2020-07-20,5819.39990234375,5859.2998046875,5817.39990234375,5845.10009765625,0
2020-07-21,5896.14990234375,5901.75,5848.4501953125,5853.39990234375,0
2020-07-22,5869.14990234375,5891.25,5820.89990234375,5851.60009765625,0
2020-07-23,5866.39990234375,5904.60009765625,5861.2001953125,5892.5,0
2020-07-24,5871.5498046875,5892.9501953125,5837.14990234375,5879.35009765625,0
2020-07-27,5896.85009765625,5903.10009765625,5805.5,5812.7998046875,0
2020-07-28,5826.7001953125,5862.10009765625,5824.39990234375,5855.4501953125,0
2020-07-29,5875.64990234375,5923.64990234375,5863.14990234375,5881.0498046875,0
2020-07-30,5906.35009765625,5915.5498046875,5826.7001953125,5837.0,0
2020-07-31,5852.7001953125,5876.5498046875,5821.4501953125,5866.7001953125,0
2020-08-03,5877.5498046875,5912.60009765625,5865.0498046875,5870.39990234375,0
2020-08-04,5903.9501953125,5940.5,5888.39990234375,5929.5,0
2020-08-05,5973.39990234375,6004.85009765625,5947.75,5960.14990234375,0
2020-08-06,5987.5,6032.35009765625,5980.85009765625,6026.64990234375,0
2020-08-07,6051.5498046875,6112.89990234375,6043.85009765625,6102.64990234375,0
2020-08-10,6161.7998046875,6193.10009765625,6154.39990234375,6176.5498046875,0
2020-08-11,6212.39990234375,6222.2998046875,6148.60009765625,6154.2998046875,0
2020-08-12,6145.5498046875,6169.7998046875,6120.85009765625,6156.64990234375,0
2020-08-13,6191.4501953125,6254.35009765625,6189.9501953125,6246.25,0
2020-08-14,6271.35009765625,6298.10009765625,6157.5498046875,6199.2998046875,0
2020-08-17,6250.7998046875,6256.89990234375,6184.7001953125,6225.7001953125,0
2020-08-18,6247.7001953125,6311.7998046875,6247.0498046875,6305.2998046875,0
2020-08-19,6339.60009765625,6366.2001953125,6338.10009765625,6348.89990234375,0
2020-08-20,6320.75,6405.10009765625,6301.64990234375,6399.39990234375,0
2020-08-21,6450.7001953125,6487.25,6440.5498046875,6446.75,0
2020-08-24,6490.5498046875,6532.60009765625,6488.0,6504.4501953125,0
2020-08-25,6550.7998046875,6565.4501953125,6499.10009765625,6526.4501953125,0
2020-08-26,6554.5,6575.2001953125,6549.4501953125,6559.7998046875,0
2020-08-27,6599.64990234375,6613.35009765625,6564.10009765625,6570.39990234375,0
2020-08-28,6612.64990234375,6636.7998046875,6599.39990234375,6609.39990234375,0
2020-08-31,6657.39990234375,6670.89990234375,6330.5498046875,6362.0498046875,0
2020-09-01,6373.35009765625,6449.4501953125,6315.0,6410.5,0
2020-09-02,6436.0498046875,6517.5,6421.7998046875,6506.7001953125,0
2020-09-03,6540.7998046875,6571.75,6537.2001953125,6562.14990234375,0
2020-09-04,6445.5,6522.5498046875,6420.75,6459.85009765625,0
2020-09-07,6480.9501953125,6500.4501953125,6387.4501953125,6414.64990234375,0
2020-09-08,6433.75,6445.60009765625,6314.2998046875,6336.7998046875,0
2020-09-09,6279.85009765625,6311.14990234375,6221.2001953125,6298.39990234375,0
2020-09-10,6346.85009765625,6393.60009765625,6314.7998046875,6370.0,0
2020-09-11,6382.2998046875,6411.25,6370.2998046875,6408.0498046875,0
2020-09-14,6485.10009765625,6620.5498046875,6482.39990234375,6582.85009765625,0
2020-09-15,6623.75,6670.10009765625,6619.5498046875,6662.10009765625,0
2020-09-16,6690.5498046875,6700.5,6656.5498046875,6683.25,0
2020-09-17,6655.5,6694.14990234375,6634.60009765625,6656.39990234375,0
2020-09-18,6694.25,6708.85009765625,6634.25,6646.2001953125,0
2020-09-21,6660.9501953125,6675.75,6395.4501953125,6419.75,0
2020-09-22,6411.35009765625,6418.7001953125,6189.0,6312.75,0
2020-09-23,6361.7001953125,6393.35009765625,6224.2001953125,6289.35009765625,0
2020-09-24,6217.7001953125,6217.75,6140.7001953125,6156.7001953125,0
2020-09-25,6214.2001953125,6319.5,6166.4501953125,6309.85009765625,0
2020-09-28,6374.60009765625,6490.25,6366.85009765625,6481.5,0
2020-09-29,6523.35009765625,6537.39990234375,6437.2001953125,6473.9501953125,0
2020-09-30,6496.39990234375,6501.14990234375,6452.5498046875,6481.4501953125,0
2020-10-01,6532.5498046875,6556.25,6517.7001953125,6530.10009765625,0
2020-10-05,6564.4501953125,6573.89990234375,6508.75,6525.0,0
2020-10-06,6567.10009765625,6581.7998046875,6541.64990234375,6560.7001953125,0
2020-10-07,6569.60009765625,6569.7998046875,6515.5,6525.10009765625,0
2020-10-08,6552.89990234375,6567.5498046875,6494.2001953125,6517.9501953125,0
2020-10-09,6532.39990234375,6546.7998046875,6495.0,6502.4501953125,0
2020-10-12,6522.10009765625,6544.64990234375,6451.7998046875,6469.64990234375,0
2020-10-13,6466.5,6481.7998046875,6432.85009765625,6439.25,0
2020-10-14,6437.5,6445.89990234375,6390.0,6429.14990234375,0
2020-10-15,6441.89990234375,6469.2998046875,6320.7001953125,6331.64990234375,0
2020-10-16,6358.5498046875,6401.10009765625,6319.39990234375,6396.0,0
2020-10-19,6434.4501953125,6442.4501953125,6391.0,6434.5498046875,0
2020-10-20,6422.64990234375,6472.7998046875,6410.5,6468.10009765625,0
2020-10-21,6491.5498046875,6527.35009765625,6417.7001953125,6480.14990234375,0
2020-10-22,6470.60009765625,6539.5,6464.7001953125,6524.60009765625,0
2020-10-23,6565.75,6591.25,6550.9501953125,6568.75,0
2020-10-26,6591.7001953125,6592.5,6460.0,6473.5498046875,0
2020-10-27,6480.14990234375,6554.10009765625,6425.14990234375,6546.64990234375,0
2020-10-28,6555.5,6579.7998046875,6479.0498046875,6493.25,0
2020-10-29,6455.2001953125,6476.2001953125,6411.7998046875,6469.2998046875,0
2020-10-30,6482.39990234375,6544.14990234375,6436.64990234375,6494.7001953125,0
2020-11-02,6521.7998046875,6534.9501953125,6473.7001953125,6507.25,0
2020-11-03,6539.39990234375,6567.75,6538.60009765625,6555.7001953125,0
2020-11-04,6561.60009765625,6593.7001953125,6528.7998046875,6588.35009765625,0
2020-11-05,6639.39990234375,6709.60009765625,6628.0,6703.75,0
2020-11-06,6724.35009765625,6772.25,6713.2001953125,6748.4501953125,0
2020-11-09,6800.60009765625,6808.89990234375,6743.39990234375,6803.85009765625,0
2020-11-10,6856.64990234375,6858.64990234375,6779.7001953125,6817.10009765625,0
2020-11-11,6843.2998046875,6890.2001953125,6788.4501953125,6834.60009765625,0
2020-11-12,6847.0498046875,6882.60009765625,6835.14990234375,6870.64990234375,0
2020-11-13,6868.5498046875,6940.0,6854.60009765625,6935.2001953125,0
2020-11-17,7004.39990234375,7067.64990234375,6995.10009765625,7062.35009765625,0
2020-11-18,7064.5498046875,7167.85009765625,7057.9501953125,7163.64990234375,0
2020-11-19,7143.75,7246.10009765625,7102.60009765625,7131.7001953125,0
2020-11-20,7173.39990234375,7224.7998046875,7127.64990234375,7194.85009765625,0
2020-11-23,7246.85009765625,7289.14990234375,7238.4501953125,7279.5,0
2020-11-24,7322.5498046875,7347.9501953125,7316.39990234375,7340.0,0
2020-11-25,7382.0,7387.14990234375,7215.25,7227.5498046875,0
2020-11-26,7256.75,7286.25,7193.2998046875,7278.14990234375,0
2020-11-27,7317.64990234375,7477.89990234375,7316.9501953125,7455.60009765625,0
2020-12-01,7524.25,7529.5498046875,7481.10009765625,7521.2998046875,0
2020-12-02,7553.89990234375,7572.89990234375,7497.25,7566.7998046875,0
2020-12-03,7614.39990234375,7629.5,7584.35009765625,7597.7998046875,0
2020-12-04,7638.0498046875,7667.0498046875,7554.35009765625,7625.89990234375,0
2020-12-07,7651.85009765625,7712.7001953125,7650.35009765625,7706.60009765625,0
2020-12-08,7768.2001953125,7779.35009765625,7636.35009765625,7701.5498046875,0
2020-12-09,7757.14990234375,7775.89990234375,7731.4501953125,7745.0498046875,0
2020-12-10,7747.0,7747.39990234375,7628.14990234375,7688.14990234375,0
2020-12-11,7713.9501953125,7753.60009765625,7656.2998046875,7705.0498046875,0
2020-12-14,7746.39990234375,7762.60009765625,7721.25,7749.10009765625,0
2020-12-15,7751.5,7778.39990234375,7689.64990234375,7771.35009765625,0
2020-12-16,7812.25,7865.7998046875,7811.2998046875,7858.7001953125,0
2020-12-17,7873.9501953125,7914.14990234375,7822.75,7843.2998046875,0
2020-12-18,7859.14990234375,7873.25,7753.0,7831.75,0
2020-12-21,7812.39990234375,7823.64990234375,7359.5498046875,7492.0498046875,0
2020-12-22,7465.75,7565.4501953125,7264.35009765625,7538.5,0
2020-12-23,7566.2998046875,7722.39990234375,7553.60009765625,7711.85009765625,0
2020-12-24,7761.5,7793.5498046875,7710.4501953125,7733.60009765625,0
2020-12-28,7789.35009765625,7826.39990234375,7778.2998046875,7813.85009765625,0
2020-12-29,7856.75,7869.4501953125,7766.35009765625,7806.9501953125,0
2020-12-30,7833.89990234375,7841.60009765625,7756.35009765625,7833.2001953125,0
2020-12-31,7844.7998046875,7878.7998046875,7828.7001953125,7862.89990234375,0
2021-01-01,7877.85009765625,7967.60009765625,7876.2998046875,7953.2998046875,0
2021-01-04,8017.5498046875,8075.75,7958.89990234375,8068.0498046875,0
2021-01-05,8038.75,8140.5498046875,8002.60009765625,8131.14990234375,0
2021-01-06,8166.2998046875,8215.2001953125,8075.2998046875,8160.60009765625,0
2021-01-07,8237.099609375,8298.7998046875,8226.150390625,8264.0,0
2021-01-08,8335.7001953125,8367.900390625,8308.599609375,8349.099609375,0
2021-01-11,8404.650390625,8411.599609375,8273.5,8332.7001953125,0
2021-01-12,8327.4501953125,8405.75,8299.5,8371.9501953125,0
2021-01-13,8421.75,8446.599609375,8227.650390625,8328.2998046875,0
2021-01-14,8349.349609375,8371.599609375,8289.7998046875,8335.150390625,0
2021-01-15,8352.2001953125,8377.599609375,8177.39990234375,8246.849609375,0
2021-01-18,8251.7001953125,8259.4501953125,8017.60009765625,8091.9501953125,0
2021-01-19,8140.64990234375,8274.599609375,8139.75,8266.150390625,0
2021-01-20,8286.849609375,8347.5,8265.0498046875,8341.650390625,0
2021-01-21,8403.099609375,8426.5,8223.849609375,8255.0,0
2021-01-22,8272.2998046875,8313.5498046875,8120.4501953125,8151.2001953125,0
2021-01-25,8244.5,8271.400390625,7998.60009765625,8064.2998046875,0
2021-01-27,8061.2998046875,8061.2998046875,7926.39990234375,7948.89990234375,0
2021-01-28,7852.64990234375,7963.64990234375,7845.5,7900.75,0
2021-01-29,7980.7001953125,8019.0498046875,7858.7998046875,7883.39990234375,0
2021-02-01,7933.2998046875,8126.14990234375,7840.25,8118.0498046875,0
2021-02-02,8194.150390625,8321.400390625,8188.9501953125,8305.099609375,0
2021-02-03,8368.400390625,8467.099609375,8300.150390625,8420.2001953125,0
2021-02-04,8440.2998046875,8536.650390625,8401.2998046875,8525.9501953125,0
2021-02-05,8585.9501953125,8613.0,8418.900390625,8448.349609375,0
2021-02-08,8520.2998046875,8593.150390625,8518.4501953125,8576.099609375,0
2021-02-09,8619.849609375,8635.5498046875,8549.849609375,8579.849609375,0
2021-02-10,8613.75,8653.5,8553.75,8639.849609375,0
2021-02-11,8632.25,8677.4501953125,8619.650390625,8655.2998046875,0
2021-02-12,8663.7001953125,8690.400390625,8597.5498046875,8646.0,0
2021-02-15,8695.7998046875,8769.150390625,8674.2001953125,8748.7998046875,0
2021-02-16,8780.599609375,8821.650390625,8732.5498046875,8794.2998046875,0
2021-02-17,8799.2998046875,8854.7998046875,8786.4501953125,8819.9501953125,0
2021-02-18,8857.150390625,8910.7998046875,8829.349609375,8856.650390625,0
2021-02-19,8851.4501953125,8875.25,8649.599609375,8737.650390625,0
2021-02-22,8764.5498046875,8789.0498046875,8591.2998046875,8632.0498046875,0
2021-02-23,8674.400390625,8735.9501953125,8606.400390625,8715.849609375,0
2021-02-24,8766.0,8810.75,8703.650390625,8800.25,0
2021-02-25,8878.0498046875,8932.650390625,8869.9501953125,8925.25,0
2021-02-26,8810.0,8907.099609375,8733.849609375,8816.0498046875,0
2021-03-01,8893.099609375,8963.400390625,8858.650390625,8950.150390625,0
2021-03-02,9021.2001953125,9105.650390625,8993.099609375,9091.0,0
2021-03-03,9167.599609375,9241.349609375,9163.4501953125,9235.7001953125,0
2021-03-04,9158.25,9316.849609375,9130.900390625,9281.25,0
2021-03-05,9268.2998046875,9296.849609375,9056.349609375,9100.75,0
2021-03-08,9179.7998046875,9217.4501953125,9121.4501953125,9134.400390625,0
2021-03-09,9190.849609375,9213.5,9032.849609375,9100.5498046875,0
2021-03-10,9171.349609375,9195.4501953125,9124.7998046875,9169.25,0
2021-03-12,9242.5,9264.599609375,9099.5498046875,9144.400390625,0
2021-03-15,9190.400390625,9193.5,8989.0498046875,9081.9501953125,0
2021-03-16,9115.2001953125,9135.599609375,9074.7001953125,9109.2998046875,0
2021-03-17,9124.7998046875,9136.099609375,8889.150390625,8907.4501953125,0
2021-03-18,8977.599609375,9026.25,8712.7001953125,8783.099609375,0
2021-03-19,8719.4501953125,8871.5,8543.75,8857.2998046875,0
2021-03-22,8871.5,8945.5498046875,8834.5,8929.0,0
2021-03-23,8969.150390625,9015.4501953125,8952.599609375,8991.2998046875,0
2021-03-24,8970.4501953125,9019.5498046875,8809.7998046875,8828.4501953125,0
2021-03-25,8851.599609375,8858.349609375,8586.900390625,8669.849609375,0
2021-03-26,8759.900390625,8829.2001953125,8739.25,8802.25,0
2021-03-30,8897.5,8982.099609375,8837.849609375,8954.0498046875,0
2021-03-31,8962.849609375,8997.099609375,8922.75,8988.900390625,0
2021-04-01,9049.650390625,9144.650390625,9025.0498046875,9129.650390625,0
2021-04-05,9123.599609375,9123.7001953125,8879.5498046875,9004.599609375,0
2021-04-06,9050.25,9097.150390625,8975.25,9062.0,0
2021-04-07,9090.650390625,9188.0498046875,9075.900390625,9171.849609375,0
2021-04-08,9223.5,9281.0498046875,9202.150390625,9226.9501953125,0
2021-04-09,9242.0,9298.9501953125,9213.2998046875,9240.75,0
2021-04-12,9103.099609375,9104.4501953125,8695.900390625,8762.2998046875,0
2021-04-13,8799.099609375,8923.7998046875,8763.0498046875,8887.349609375,0
2021-04-15,8861.349609375,8926.900390625,8777.599609375,8890.2998046875,0
2021-04-16,8918.5498046875,9022.5498046875,8896.9501953125,8982.099609375,0
2021-04-19,8767.7998046875,8835.25,8647.5,8808.849609375,0
2021-04-20,8901.849609375,8957.5,8781.2998046875,8828.400390625,0
2021-04-22,8781.099609375,8880.349609375,8767.599609375,8863.7001953125,0
2021-04-23,8866.900390625,8966.5,8840.400390625,8892.849609375,0
2021-04-26,8957.75,8991.0,8945.25,8963.150390625,0
2021-04-27,8998.349609375,9103.7998046875,8994.2001953125,9092.849609375,0
2021-04-28,9155.099609375,9201.4501953125,9141.2001953125,9189.2998046875,0
2021-04-29,9261.900390625,9282.2998046875,9141.25,9168.2998046875,0
2021-04-30,9113.5498046875,9203.900390625,9090.650390625,9128.7001953125,0
2021-05-03,9080.5,9179.349609375,9048.849609375,9165.900390625,0
2021-05-04,9241.7001953125,9296.0,9120.349609375,9137.849609375,0
2021-05-05,9217.4501953125,9233.099609375,9154.7001953125,9214.7998046875,0
2021-05-06,9269.75,9289.2998046875,9198.5,9280.0498046875,0
2021-05-07,9325.7001953125,9336.900390625,9238.2001953125,9249.650390625,0
2021-05-10,9306.599609375,9333.150390625,9292.7001953125,9308.2001953125,0
2021-05-11,9253.75,9398.400390625,9228.25,9384.0498046875,0
2021-05-12,9414.9501953125,9438.9501953125,9292.349609375,9323.9501953125,0
2021-05-14,9386.0,9391.7998046875,9158.5498046875,9188.349609375,0
2021-05-17,9254.4501953125,9351.099609375,9202.7998046875,9340.599609375,0
2021-05-18,9429.849609375,9510.7001953125,9426.0498046875,9494.849609375,0
2021-05-19,9496.849609375,9547.400390625,9480.2001953125,9495.0,0
2021-05-20,9531.150390625,9548.900390625,9445.650390625,9482.0,0
2021-05-21,9553.9501953125,9578.400390625,9511.5498046875,9551.5,0
2021-05-24,9617.650390625,9646.2001953125,9559.25,9621.349609375,0
2021-05-25,9682.400390625,9693.150390625,9589.0498046875,9616.0,0
2021-05-26,9660.5498046875,9678.0498046875,9614.849609375,9631.25,0
2021-05-27,9664.0,9698.0498046875,9623.599609375,9683.0498046875,0
2021-05-28,9723.7998046875,9741.849609375,9664.150390625,9675.4501953125,0
2021-05-31,9710.75,9741.599609375,9657.7998046875,9714.9501953125,0
2021-06-01,9761.7998046875,9772.849609375,9647.0498046875,9696.5,0
2021-06-02,9703.7001953125,9832.7998046875,9699.7998046875,9822.0,0
2021-06-03,9880.849609375,9925.4501953125,9872.900390625,9907.5498046875,0
2021-06-04,9949.650390625,9987.4501953125,9919.7998046875,9974.0,0
2021-06-07,10044.7998046875,10111.2001953125,10021.849609375,10097.9501953125,0
2021-06-08,10141.2001953125,10180.150390625,10053.9501953125,10162.599609375,0
2021-06-09,10218.5,10279.0498046875,10037.900390625,10088.9501953125,0
2021-06-10,10165.4501953125,10244.4501953125,10157.4501953125,10236.9501953125,0
2021-06-11,10300.9501953125,10315.5498046875,10220.7001953125,10262.400390625,0
2021-06-14,10259.7001953125,10259.7998046875,10021.099609375,10233.4501953125,0
2021-06-15,10264.7998046875,10316.2998046875,10253.9501953125,10292.099609375,0
2021-06-16,10295.25,10307.0,10177.849609375,10200.75,0
2021-06-17,10125.650390625,10234.400390625,10065.5498046875,10096.0,0
2021-06-18,10130.2998046875,10142.650390625,9792.25,10004.400390625,0
2021-06-21,9875.25,10074.75,9842.650390625,10067.7998046875,0
2021-06-22,10146.0498046875,10169.0498046875,10071.150390625,10084.4501953125,0
2021-06-23,10149.5,10154.5498046875,10063.099609375,10071.650390625,0
2021-06-24,10094.7001953125,10105.7001953125,10020.150390625,10047.150390625,0
2021-06-25,10087.849609375,10149.849609375,10073.900390625,10137.2998046875,0
2021-06-28,10182.75,10199.349609375,10153.2998046875,10187.75,0
2021-06-29,10197.0498046875,10224.400390625,10123.349609375,10144.599609375,0
2021-06-30,10180.2998046875,10209.7001953125,10163.849609375,10182.0498046875,0
2021-07-01,10204.900390625,10206.25,10147.400390625,10160.4501953125,0
2021-07-02,10184.7001953125,10230.099609375,10169.0,10224.150390625,0
2021-07-05,10269.75,10279.099609375,10250.75,10266.5498046875,0
2021-07-06,10282.849609375,10353.150390625,10254.099609375,10275.4501953125,0
2021-07-07,10279.0,10335.150390625,10255.7998046875,10323.599609375,0
2021-07-08,10347.2998046875,10376.5,10239.2998046875,10281.7998046875,0
2021-07-09,10289.0,10339.0,10259.2998046875,10329.349609375,0
2021-07-12,10400.0498046875,10418.7001953125,10351.4501953125,10371.650390625,0
2021-07-13,10429.5498046875,10432.400390625,10377.7998046875,10401.2001953125,0
2021-07-14,10425.5,10454.4501953125,10420.5,10435.849609375,0
2021-07-15,10469.2998046875,10483.0,10457.2001953125,10472.2998046875,0
2021-07-16,10513.9501953125,10518.099609375,10474.2998046875,10501.0498046875,0
2021-07-19,10454.0498046875,10494.150390625,10382.349609375,10434.4501953125,0
2021-07-20,10448.599609375,10467.2001953125,10220.9501953125,10292.7998046875,0
2021-07-22,10363.0498046875,10418.400390625,10358.900390625,10404.7001953125,0
2021-07-23,10473.9501953125,10495.099609375,10406.4501953125,10418.5,0
2021-07-26,10441.400390625,10482.75,10389.599609375,10423.150390625,0
2021-07-27,10467.2998046875,10505.75,10339.9501953125,10376.150390625,0
2021-07-28,10399.599609375,10404.2998046875,10217.400390625,10335.349609375,0
2021-07-29,10390.0,10416.650390625,10369.599609375,10411.349609375,0
2021-07-30,10444.849609375,10549.849609375,10426.75,10506.150390625,0
2021-08-02,10574.2998046875,10651.650390625,10567.599609375,10644.900390625,0
2021-08-03,10679.099609375,10684.0,10639.400390625,10666.150390625,0
2021-08-04,10713.349609375,10722.349609375,10541.5498046875,10561.7001953125,0
2021-08-05,10595.2001953125,10595.5498046875,10459.0498046875,10564.400390625,0
2021-08-06,10589.099609375,10626.7001953125,10557.9501953125,10567.400390625,0
2021-08-09,10587.599609375,10601.349609375,10442.0,10498.400390625,0
2021-08-10,10534.099609375,10550.0498046875,10301.150390625,10379.650390625,0
2021-08-11,10393.0,10416.4501953125,10135.650390625,10336.2998046875,0
2021-08-12,10365.75,10452.4501953125,10355.150390625,10443.099609375,0
2021-08-13,10475.75,10488.150390625,10416.099609375,10430.150390625,0
2021-08-16,10439.400390625,10448.25,10380.7998046875,10394.75,0
2021-08-17,10401.2001953125,10449.4501953125,10350.0,10432.150390625,0
2021-08-18,10470.400390625,10491.7998046875,10431.349609375,10451.650390625,0
2021-08-20,10375.7001953125,10426.5,10231.900390625,10256.75,0
2021-08-23,10348.0,10381.2998046875,10093.099609375,10179.0,0
2021-08-24,10221.25,10310.5498046875,10198.0498046875,10304.400390625,0
2021-08-25,10351.7001953125,10382.5,10313.0498046875,10346.75,0
2021-08-26,10383.25,10422.5498046875,10334.75,10365.150390625,0
2021-08-27,10396.2998046875,10479.2998046875,10348.4501953125,10463.599609375,0
2021-08-30,10516.2001953125,10664.400390625,10511.650390625,10655.599609375,0
2021-08-31,10690.099609375,10733.849609375,10656.150390625,10726.0,0
2021-09-01,10787.849609375,10818.099609375,10716.0,10790.7998046875,0
2021-09-02,10810.849609375,10888.650390625,10792.4501953125,10877.9501953125,0
2021-09-03,10932.2001953125,10959.150390625,10870.900390625,10920.75,0
2021-09-06,10966.900390625,10993.849609375,10943.599609375,10971.099609375,0
2021-09-07,10999.650390625,11013.2001953125,10868.5,10948.75,0
2021-09-08,10973.4501953125,11019.0498046875,10920.5498046875,10990.150390625,0
2021-09-09,10981.2001953125,11032.7001953125,10964.0,11027.0,0
2021-09-13,11035.0498046875,11091.349609375,11001.9501953125,11082.75,0
2021-09-14,11145.099609375,11227.2998046875,11142.25,11219.150390625,0
2021-09-15,11262.2998046875,11336.7998046875,11248.9501953125,11328.9501953125,0
2021-09-16,11365.849609375,11385.650390625,11299.900390625,11372.75,0
2021-09-17,11430.9501953125,11440.5498046875,11159.7998046875,11223.5,0
2021-09-20,11136.0498046875,11237.75,10997.0498046875,11011.7998046875,0
2021-09-21,11025.849609375,11082.849609375,10864.099609375,11067.150390625,0
2021-09-22,11123.400390625,11253.2001953125,11112.900390625,11225.2998046875,0
2021-09-23,11315.4501953125,11388.7998046875,11313.099609375,11370.599609375,0
2021-09-24,11434.400390625,11451.7001953125,11261.349609375,11293.150390625,0
2021-09-27,11343.599609375,11352.650390625,11220.349609375,11282.2998046875,0
2021-09-28,11324.25,11326.4501953125,11132.7998046875,11209.0498046875,0
2021-09-29,11172.349609375,11327.0498046875,11120.400390625,11304.599609375,0
2021-09-30,11348.400390625,11392.599609375,11336.150390625,11361.349609375,0
2021-10-01,11337.099609375,11381.25,11298.349609375,11372.25,0
2021-10-04,11440.349609375,11554.75,11428.400390625,11547.25,0
2021-10-05,11559.400390625,11611.25,11529.400390625,11599.150390625,0
2021-10-06,11657.2001953125,11665.150390625,11478.349609375,11501.0498046875,0
2021-10-07,11603.849609375,11725.900390625,11601.9501953125,11712.4501953125,0
2021-10-08,11784.7998046875,11792.650390625,11720.5,11770.2998046875,0
2021-10-11,11819.650390625,11878.099609375,11771.2001953125,11835.9501953125,0
2021-10-12,11870.7001953125,11892.75,11788.2998046875,11875.0,0
2021-10-13,11937.2998046875,12048.4501953125,11925.599609375,12021.599609375,0
2021-10-14,12117.849609375,12172.349609375,12085.349609375,12096.400390625,0
2021-10-18,12222.599609375,12303.7001953125,12188.7998046875,12218.849609375,0
2021-10-19,12313.150390625,12338.5,11928.5,11979.900390625,0
2021-10-20,11970.75,11973.400390625,11639.0,11735.7998046875,0
2021-10-21,11802.900390625,11821.75,11565.650390625,11668.2998046875,0
2021-10-22,11699.75,11757.9501953125,11479.2998046875,11579.900390625,0
2021-10-25,11645.400390625,11655.849609375,11232.7998046875,11393.650390625,0
2021-10-26,11410.849609375,11598.4501953125,11409.650390625,11586.0498046875,0
2021-10-27,11653.349609375,11662.4501953125,11582.0,11598.7998046875,0
2021-10-28,11612.4501953125,11612.849609375,11383.7998046875,11407.349609375,0
2021-10-29,11342.349609375,11490.25,11174.0,11390.849609375,0
2021-11-01,11440.400390625,11591.900390625,11410.349609375,11579.4501953125,0
2021-11-02,11625.75,11696.2001953125,11619.7001953125,11683.650390625,0
2021-11-03,11729.150390625,11754.5498046875,11601.7998046875,11654.2998046875,0
2021-11-04,11737.099609375,11770.5,11731.849609375,11759.4501953125,0
2021-11-08,11803.7001953125,11902.099609375,11700.75,11891.349609375,0
2021-11-09,11924.349609375,12037.599609375,11910.0498046875,12010.7998046875,0
2021-11-10,11995.25,12035.0,11953.900390625,11965.0,0
2021-11-11,11982.0498046875,11988.0,11831.0,11887.2998046875,0
2021-11-12,11966.2998046875,11977.400390625,11853.400390625,11944.2998046875,0
2021-11-15,11990.650390625,12008.0498046875,11931.650390625,11985.4501953125,0
2021-11-16,12008.650390625,12041.349609375,11935.849609375,11960.7998046875,0
2021-11-17,11950.400390625,11987.7001953125,11892.150390625,11908.5498046875,0
2021-11-18,11928.900390625,11952.75,11672.5498046875,11733.349609375,0
2021-11-22,11749.150390625,11754.0,11298.0498046875,11406.599609375,0
2021-11-23,11341.599609375,11592.0,11278.2001953125,11580.9501953125,0
2021-11-24,11641.400390625,11675.2998046875,11510.0,11547.599609375,0
2021-11-25,11565.349609375,11615.9501953125,11495.349609375,11600.75,0
2021-11-26,11500.7998046875,11543.4501953125,11232.5498046875,11257.5,0
2021-11-29,11155.75,11211.75,10886.400390625,11138.650390625,0
2021-11-30,11175.7998046875,11392.4501953125,11169.0498046875,11223.5498046875,0
2021-12-01,11295.650390625,11342.4501953125,11206.650390625,11315.599609375,0
2021-12-02,11347.4501953125,11462.0498046875,11300.2998046875,11447.9501953125,0
2021-12-03,11481.2001953125,11534.5498046875,11411.9501953125,11426.849609375,0
2021-12-06,11447.5,11456.25,11262.400390625,11279.650390625,0
2021-12-07,11359.150390625,11427.0,11304.25,11414.7998046875,0
2021-12-08,11494.400390625,11595.7001953125,11490.2001953125,11585.650390625,0
2021-12-09,11642.7001953125,11662.9501953125,11565.150390625,11651.900390625,0
2021-12-10,11645.400390625,11737.900390625,11630.150390625,11729.099609375,0
2021-12-13,11817.400390625,11857.7998046875,11708.4501953125,11725.349609375,0
2021-12-14,11701.0498046875,11730.650390625,11614.4501953125,11694.0,0
2021-12-15,11710.400390625,11735.9501953125,11616.0498046875,11630.400390625,0
2021-12-16,11701.0,11727.5,11538.0498046875,11558.7998046875,0
2021-12-17,11564.650390625,11570.349609375,11301.900390625,11325.650390625,0
2021-12-20,11184.0498046875,11197.4501953125,10785.650390625,10941.5498046875,0
2021-12-21,11005.099609375,11158.5498046875,10990.75,11083.099609375,0
2021-12-22,11131.7998046875,11263.4501953125,11126.5,11247.2001953125,0
2021-12-23,11329.0,11363.599609375,11308.349609375,11342.650390625,0
2021-12-24,11388.0498046875,11390.599609375,11205.0498046875,11232.25,0
2021-12-27,11192.25,11280.150390625,11101.75,11269.0498046875,0
2021-12-28,11328.2001953125,11404.25,11323.349609375,11396.5,0
2021-12-29,11404.2001953125,11454.150390625,11385.400390625,11412.7001953125,0
2021-12-30,11414.400390625,11429.25,11368.0,11395.650390625,0
2021-12-31,11429.5,11554.4501953125,11424.7998046875,11543.5498046875,0
2022-01-03,11566.0,11680.75,11564.7001953125,11673.4501953125,0
2022-01-04,11718.900390625,11743.4501953125,11632.75,11702.099609375,0
2022-01-05,11712.599609375,11735.0498046875,11649.25,11705.0498046875,0
2022-01-06,11627.9501953125,11706.099609375,11574.7001953125,11698.7001953125,0
2022-01-07,11725.9501953125,11776.75,11671.25,11741.9501953125,0
2022-01-10,11790.25,11836.9501953125,11778.150390625,11820.400390625,0
2022-01-11,11820.75,11888.099609375,11800.650390625,11839.2998046875,0
2022-01-12,11902.25,11988.2001953125,11878.25,11980.0498046875,0
2022-01-13,12014.099609375,12052.2001953125,11931.349609375,12039.900390625,0
2022-01-14,12010.849609375,12070.400390625,11967.2001953125,12036.099609375,0
2022-01-17,12063.7001953125,12095.2998046875,12038.650390625,12073.150390625,0
2022-01-18,12126.349609375,12138.2001953125,11815.2001953125,11848.7001953125,0
2022-01-19,11836.7998046875,11847.0498046875,11692.0498046875,11830.599609375,0
2022-01-20,11826.9501953125,11867.7001953125,11749.4501953125,11801.2001953125,0
2022-01-21,11745.2998046875,11765.599609375,11474.0,11551.650390625,0
2022-01-24,11547.7001953125,11556.150390625,11012.349609375,11125.0498046875,0
2022-01-25,11015.25,11230.849609375,10834.75,11221.2001953125,0
2022-01-27,11146.7998046875,11146.7998046875,10961.5,11095.150390625,0
2022-01-28,11175.25,11412.7001953125,11174.0,11242.349609375,0
2022-01-31,11368.2998046875,11434.5,11339.5498046875,11413.650390625,0
2022-02-01,11519.650390625,11539.7998046875,11366.2001953125,11531.2998046875,0
2022-02-02,11589.599609375,11676.9501953125,11581.0,11661.7001953125,0
2022-02-03,11660.150390625,11660.2998046875,11523.849609375,11547.599609375,0
2022-02-04,11549.4501953125,11578.5498046875,11446.25,11459.349609375,0
2022-02-07,11486.0,11521.349609375,11306.7998046875,11357.5498046875,0
2022-02-08,11399.650390625,11429.75,11162.099609375,11268.150390625,0
2022-02-09,11323.25,11405.5,11305.599609375,11394.0,0
2022-02-10,11432.400390625,11440.5498046875,11343.150390625,11419.9501953125,0
2022-02-11,11336.0,11346.650390625,11174.0,11197.150390625,0
2022-02-14,10936.4501953125,10985.7998046875,10737.900390625,10768.5,0
2022-02-15,10810.7998046875,11058.5,10655.4501953125,11045.4501953125,0
2022-02-16,11128.900390625,11146.7998046875,10997.400390625,11027.349609375,0
2022-02-17,11079.4501953125,11104.349609375,10976.7001953125,10997.150390625,0
2022-02-18,10935.400390625,11011.7998046875,10889.75,10903.349609375,0
2022-02-21,10849.150390625,10887.849609375,10708.0498046875,10778.400390625,0
2022-02-22,10495.7001953125,10700.0,10494.75,10676.5,0
2022-02-23,10752.2998046875,10823.7998046875,10704.7998046875,10717.0,0
2022-02-24,10387.400390625,10470.9501953125,10119.2998046875,10138.400390625,0
2022-02-25,10338.2001953125,10551.0498046875,10337.4501953125,10531.4501953125,0
2022-02-28,10435.2001953125,10633.400390625,10339.650390625,10621.0,0
2022-03-02,10550.0498046875,10652.0,10525.7998046875,10595.849609375,0
2022-03-03,10725.349609375,10745.5498046875,10542.650390625,10567.7998046875,0
2022-03-04,10514.150390625,10515.7998046875,10334.849609375,10351.4501953125,0
2022-03-07,10160.7998046875,10175.9501953125,9990.349609375,10124.0498046875,0
2022-03-08,10127.4501953125,10247.9501953125,10041.7001953125,10231.599609375,0
2022-03-09,10323.599609375,10467.7998046875,10275.849609375,10439.349609375,0
2022-03-10,10648.400390625,10665.150390625,10504.150390625,10547.650390625,0
2022-03-11,10529.349609375,10618.2998046875,10487.75,10604.650390625,0
2022-03-14,10627.400390625,10656.0,10535.7998046875,10619.5498046875,0
2022-03-15,10657.9501953125,10695.650390625,10486.2001953125,10534.25,0
2022-03-16,10653.650390625,10747.4501953125,10637.599609375,10739.7998046875,0
2022-03-17,10865.75,10887.5,10848.7001953125,10870.5,0
2022-03-21,10943.0498046875,10943.0498046875,10843.150390625,10857.0,0
2022-03-22,10869.9501953125,10877.2998046875,10743.400390625,10871.5,0
2022-03-23,10934.599609375,10966.2001953125,10881.349609375,10909.400390625,0
2022-03-24,10893.2001953125,10985.349609375,10873.849609375,10966.349609375,0
2022-03-25,11021.5498046875,11032.75,10907.0,10943.650390625,0
2022-03-28,10974.9501953125,10996.349609375,10831.2001953125,10926.0,0
2022-03-29,10982.849609375,11020.349609375,10928.349609375,10992.4501953125,0
2022-03-30,11074.849609375,11111.75,11038.2001953125,11091.7998046875,0
2022-03-31,11122.9501953125,11163.25,11099.7001953125,11131.099609375,0
2022-04-01,11146.849609375,11283.650390625,11132.599609375,11272.7998046875,0
2022-04-04,11332.599609375,11447.2998046875,11330.25,11440.0,0
2022-04-05,11517.650390625,11633.7998046875,11478.650390625,11609.0498046875,0
2022-04-06,11598.7001953125,11682.099609375,11564.900390625,11660.7001953125,0
2022-04-07,11684.4501953125,11717.75,11519.2001953125,11558.0,0
2022-04-08,11629.9501953125,11691.900390625,11586.400390625,11666.849609375,0
2022-04-11,11706.599609375,11775.4501953125,11700.150390625,11747.900390625,0
2022-04-12,11745.400390625,11745.400390625,11444.849609375,11537.650390625,0
2022-04-13,11609.849609375,11641.5498046875,11518.7998046875,11527.400390625,0
2022-04-18,11453.2001953125,11453.2001953125,11313.2998046875,11395.900390625,0
2022-04-19,11474.9501953125,11519.599609375,11166.599609375,11258.150390625,0
2022-04-20,11316.5498046875,11421.2001953125,11274.0,11329.7998046875,0
2022-04-21,11411.7001953125,11460.599609375,11401.25,11447.0498046875,0
2022-04-22,11396.150390625,11455.7001953125,11334.0498046875,11352.150390625,0
2022-04-25,11262.349609375,11264.4501953125,11114.0,11146.25,0
2022-04-26,11255.2998046875,11317.349609375,11245.0498046875,11307.2998046875,0
2022-04-27,11245.7001953125,11278.650390625,11129.25,11213.400390625,0
2022-04-28,11302.0,11313.0,11189.0,11279.4501953125,0
2022-04-29,11349.2001953125,11379.25,11183.349609375,11201.9501953125,0
2022-05-02,11125.349609375,11168.349609375,11076.650390625,11144.900390625,0
2022-05-04,11190.599609375,11216.0,10879.25,10916.349609375,0
2022-05-05,11003.0498046875,11063.25,10894.4501953125,10918.900390625,0
2022-05-06,10740.7001953125,10768.349609375,10653.349609375,10731.2998046875,0
2022-05-09,10642.0,10651.75,10470.5498046875,10546.2998046875,0
2022-05-10,10525.599609375,10644.7001953125,10329.599609375,10353.7998046875,0
2022-05-11,10375.9501953125,10444.9501953125,10097.599609375,10283.099609375,0
2022-05-12,10204.9501953125,10217.2998046875,9979.4501953125,10062.4501953125,0
2022-05-13,10187.849609375,10343.7001953125,10134.5,10161.849609375,0
2022-05-16,10214.7998046875,10312.849609375,10126.650390625,10291.2998046875,0
2022-05-17,10349.7998046875,10564.849609375,10324.5,10551.0498046875,0
2022-05-18,10611.5498046875,10659.7001953125,10513.150390625,10538.2001953125,0
2022-05-19,10309.150390625,10350.0498046875,10216.2998046875,10251.7998046875,0
2022-05-20,10403.7001953125,10469.900390625,10394.4501953125,10460.5498046875,0
2022-05-23,10515.75,10557.5498046875,10401.849609375,10418.75,0
2022-05-24,10447.5,10466.599609375,10331.099609375,10354.25,0
2022-05-25,10387.7998046875,10408.5,10106.5498046875,10118.650390625,0
2022-05-26,10154.0498046875,10274.7998046875,9951.099609375,10238.75,0
2022-05-27,10340.2998046875,10377.849609375,10292.2001953125,10367.2001953125,0
2022-05-30,10478.099609375,10618.2001953125,10471.150390625,10611.75,0
2022-05-31,10611.0498046875,10699.5498046875,10596.849609375,10616.2998046875,0
2022-06-01,10639.5,10720.5498046875,10599.150390625,10655.2001953125,0
2022-06-02,10663.5,10720.5,10617.150390625,10710.75,0
2022-06-03,10787.150390625,10798.650390625,10540.400390625,10548.849609375,0
2022-06-06,10540.2998046875,10547.599609375,10407.5,10527.900390625,0
2022-06-07,10493.0,10496.599609375,10400.5498046875,10455.349609375,0
2022-06-08,10469.900390625,10517.0,10378.400390625,10412.099609375,0
2022-06-09,10375.2998046875,10468.0,10343.75,10455.099609375,0
2022-06-10,10359.9501953125,10413.150390625,10347.0,10381.0498046875,0
2022-06-13,10216.150390625,10221.2001953125,10078.650390625,10100.099609375,0
2022-06-14,10041.650390625,10186.900390625,10035.25,10075.75,0
2022-06-15,10125.650390625,10161.0,10081.349609375,10109.650390625,0
2022-06-16,10214.150390625,10228.0,9845.349609375,9884.5498046875,0
2022-06-17,9814.9501953125,9887.2001953125,9699.650390625,9772.25,0
2022-06-20,9781.5,9797.849609375,9496.599609375,9580.349609375,0
2022-06-21,9638.2998046875,9888.2001953125,9633.599609375,9876.2998046875,0
2022-06-22,9853.7001953125,9853.7001953125,9715.9501953125,9732.9501953125,0
2022-06-23,9760.0498046875,9871.7998046875,9723.75,9845.0498046875,0
2022-06-24,9916.2998046875,9990.7001953125,9910.849609375,9980.7998046875,0
2022-06-27,10104.7998046875,10130.900390625,10070.099609375,10083.75,0
2022-06-28,10052.9501953125,10133.0498046875,9994.0,10123.150390625,0
2022-06-29,10030.5498046875,10115.7001953125,10014.400390625,10100.650390625,0
2022-06-30,10116.400390625,10155.599609375,10017.849609375,10042.7998046875,0
2022-07-01,10008.0498046875,10094.150390625,9937.849609375,10077.75,0
2022-07-04,10086.599609375,10153.099609375,10052.0,10143.4501953125,0
2022-07-05,10179.2001953125,10238.0,10117.25,10131.349609375,0
2022-07-06,10149.9501953125,10325.150390625,10112.25,10312.650390625,0
2022-07-07,10389.150390625,10458.2001953125,10381.5,10450.2001953125,0
2022-07-08,10511.25,10514.849609375,10418.2001953125,10472.400390625,0
2022-07-11,10445.900390625,10591.150390625,10426.0498046875,10577.650390625,0
2022-07-12,10547.349609375,10605.150390625,10507.7998046875,10520.349609375,0
2022-07-13,10571.900390625,10605.2998046875,10509.849609375,10531.0,0
2022-07-14,10555.400390625,10572.4501953125,10432.849609375,10522.900390625,0
2022-07-15,10558.349609375,10604.4501953125,10519.75,10593.650390625,0
2022-07-18,10674.099609375,10745.75,10666.2998046875,10737.400390625,0
2022-07-19,10716.0498046875,10829.150390625,10704.0,10817.099609375,0
2022-07-20,10910.7001953125,10911.2998046875,10812.0,10831.0,0
2022-07-21,10845.150390625,10984.599609375,10826.5,10972.0,0
2022-07-22,11022.5,11043.400390625,10952.849609375,10991.599609375,0
2022-07-25,10995.650390625,11009.5,10936.7998046875,10983.7001953125,0
2022-07-26,10992.4501953125,10995.849609375,10853.75,10866.2001953125,0
2022-07-27,10855.7001953125,10969.9501953125,10829.400390625,10959.599609375,0
2022-07-28,11027.900390625,11050.849609375,10969.25,11040.5498046875,0
2022-07-29,11118.2001953125,11206.849609375,11110.400390625,11194.7001953125,0
2022-08-01,11256.4501953125,11370.75,11201.2001953125,11364.150390625,0
2022-08-02,11364.150390625,11437.099609375,11305.900390625,11416.650390625,0
2022-08-03,11415.150390625,11424.4501953125,11271.599609375,11356.900390625,0
2022-08-04,11410.0498046875,11453.0498046875,11225.5498046875,11417.9501953125,0
2022-08-05,11451.4501953125,11488.599609375,11422.7998046875,11453.7001953125,0
2022-08-08,11465.4501953125,11530.2001953125,11416.400390625,11482.2998046875,0
2022-08-10,11522.150390625,11536.7998046875,11427.2001953125,11458.0498046875,0
2022-08-11,11546.650390625,11566.099609375,11529.150390625,11549.7998046875,0
2022-08-12,11571.650390625,11641.7998046875,11547.5,11624.599609375,0
2022-08-16,11683.5498046875,11788.650390625,11669.0498046875,11782.2998046875,0
2022-08-17,11828.650390625,11858.4501953125,11811.849609375,11830.599609375,0
2022-08-18,11835.0498046875,11884.349609375,11808.400390625,11849.4501953125,0
2022-08-19,11886.599609375,11903.2001953125,11673.4501953125,11701.349609375,0
2022-08-22,11670.25,11670.25,11467.75,11489.7998046875,0
2022-08-23,11396.400390625,11620.900390625,11391.5,11598.849609375,0
2022-08-24,11595.400390625,11682.4501953125,11588.7001953125,11675.0498046875,0
2022-08-25,11738.5498046875,11775.349609375,11667.2001953125,11685.849609375,0
2022-08-26,11752.349609375,11801.2998046875,11709.75,11730.599609375,0
2022-08-29,11418.150390625,11647.7998046875,11417.349609375,11633.900390625,0
2022-08-30,11722.0498046875,11879.25,11720.0,11867.0,0
2022-09-01,11805.25,11918.099609375,11790.0498046875,11896.9501953125,0
2022-09-02,11957.0498046875,11982.75,11849.7998046875,11865.5498046875,0
2022-09-05,11900.7001953125,11952.5498046875,11896.849609375,11930.349609375,0
2022-09-06,11987.099609375,12005.849609375,11924.0,11974.9501953125,0
2022-09-07,11945.5498046875,12050.099609375,11927.7001953125,12038.849609375,0
2022-09-08,12124.900390625,12146.349609375,12053.4501953125,12080.7998046875,0
2022-09-09,12155.150390625,12195.75,12098.349609375,12129.4501953125,0
2022-09-12,12184.0,12242.25,12173.25,12228.0498046875,0
2022-09-13,12289.2998046875,12314.099609375,12232.9501953125,12245.650390625,0
2022-09-14,12093.7998046875,12234.650390625,12081.2998046875,12203.5498046875,0
2022-09-15,12266.25,12308.900390625,12173.5498046875,12242.849609375,0
2022-09-16,12240.599609375,12260.599609375,11863.0,11933.2998046875,0
2022-09-19,11954.5,11984.0498046875,11810.900390625,11936.5498046875,0
2022-09-20,12029.5,12174.650390625,12026.150390625,12111.2998046875,0
2022-09-21,12124.7998046875,12194.5,12000.0,12027.5,0
2022-09-22,11992.849609375,12097.0498046875,11928.099609375,12067.400390625,0
2022-09-23,12082.0498046875,12104.2001953125,11798.7001953125,11811.900390625,0
2022-09-26,11711.099609375,11715.5,11377.849609375,11461.7001953125,0
2022-09-27,11519.5,11574.2998046875,11375.9501953125,11469.75,0
2022-09-28,11401.0498046875,11533.75,11371.599609375,11439.400390625,0
2022-09-29,11552.0,11590.5,11416.5498046875,11488.599609375,0
2022-09-30,11478.7001953125,11673.9501953125,11373.650390625,11654.4501953125,0
2022-10-03,11658.9501953125,11694.2998046875,11481.0498046875,11533.349609375,0
2022-10-04,11692.099609375,11803.2998046875,11656.7001953125,11794.349609375,0
2022-10-06,11878.7998046875,11963.7998046875,11875.650390625,11933.349609375,0
2022-10-07,11944.4501953125,11953.75,11826.099609375,11903.0498046875,0
2022-10-10,11778.349609375,11831.2001953125,11727.599609375,11796.0498046875,0
2022-10-11,11829.75,11832.0,11581.099609375,11607.0,0
2022-10-12,11642.599609375,11688.150390625,11529.5498046875,11672.4501953125,0
2022-10-13,11677.650390625,11695.75,11558.150390625,11599.7001953125,0
2022-10-14,11751.7998046875,11777.650390625,11579.7001953125,11591.650390625,0
2022-10-17,11561.849609375,11626.7001953125,11472.7998046875,11611.650390625,0
2022-10-18,11689.349609375,11737.7998046875,11645.400390625,11727.75,0
2022-10-19,11761.7998046875,11791.650390625,11715.0,11737.900390625,0
2022-10-20,11685.150390625,11717.650390625,11616.5,11706.150390625,0
2022-10-21,11733.349609375,11770.75,11603.0498046875,11637.599609375,0
2022-10-24,11761.900390625,11762.0,11691.25,11703.0,0
2022-10-25,11718.2998046875,11750.650390625,11641.0,11718.900390625,0
2022-10-27,11758.2001953125,11805.849609375,11740.900390625,11791.7998046875,0
2022-10-28,11813.400390625,11823.4501953125,11689.75,11715.5498046875,0
2022-10-31,11767.25,11874.4501953125,11766.5,11868.150390625,0
2022-11-01,11905.349609375,11981.099609375,11899.0,11967.900390625,0
2022-11-02,11975.150390625,12014.2998046875,11944.0498046875,11965.650390625,0
2022-11-03,11914.349609375,11997.599609375,11909.2001953125,11984.75,0
2022-11-04,12005.099609375,12035.349609375,11950.7001953125,11978.150390625,0
2022-11-07,12038.400390625,12076.75,12006.0498046875,12066.0498046875,0
2022-11-09,12115.900390625,12117.5498046875,11973.650390625,11991.25,0
2022-11-10,11963.7998046875,11976.7998046875,11835.2001953125,11881.9501953125,0
2022-11-11,12008.849609375,12045.0,11880.650390625,11898.5498046875,0
2022-11-14,11899.599609375,11930.7001953125,11830.2001953125,11893.599609375,0
2022-11-15,11904.150390625,11923.099609375,11861.75,11888.25,0
2022-11-16,11903.900390625,11929.9501953125,11777.7001953125,11816.5498046875,0
2022-11-17,11807.099609375,11813.599609375,11742.650390625,11767.0498046875,0
2022-11-18,11799.150390625,11810.650390625,11653.349609375,11719.9501953125,0
2022-11-21,11719.0,11744.4501953125,11681.849609375,11719.5498046875,0
2022-11-22,11743.5,11771.650390625,11726.2998046875,11762.5498046875,0
2022-11-23,11799.5498046875,11818.849609375,11773.4501953125,11790.2001953125,0
2022-11-24,11832.0498046875,11842.5498046875,11806.4501953125,11837.599609375,0
2022-11-25,11865.5498046875,11953.7998046875,11862.7001953125,11943.5498046875,0
2022-11-28,11950.150390625,12037.0,11944.25,12025.9501953125,0
2022-11-29,12030.849609375,12053.7001953125,11965.599609375,11983.099609375,0
2022-11-30,11998.4501953125,12121.650390625,11997.400390625,12093.5,0
2022-12-01,12158.400390625,12209.7998046875,12122.2998046875,12185.25,0
2022-12-02,12199.0498046875,12297.5,12188.599609375,12289.599609375,0
2022-12-05,12331.5,12332.099609375,12244.849609375,12298.5,0
2022-12-06,12280.849609375,12296.9501953125,12217.849609375,12239.2998046875,0
2022-12-07,12259.25,12273.9501953125,12159.900390625,12178.849609375,0
2022-12-08,12210.5498046875,12246.0498046875,12175.75,12237.0498046875,0
2022-12-09,12294.4501953125,12323.0,12090.2998046875,12181.599609375,0
2022-12-12,12185.150390625,12227.2998046875,12087.9501953125,12218.9501953125,0
2022-12-13,12258.0,12277.0498046875,12217.9501953125,12270.4501953125,0
2022-12-14,12313.400390625,12374.599609375,12300.2998046875,12349.7001953125,0
2022-12-15,12352.599609375,12378.5498046875,12210.9501953125,12237.900390625,0
2022-12-16,12191.349609375,12226.2001953125,12028.400390625,12061.25,0
2022-12-19,12083.7998046875,12126.2998046875,12001.5498046875,12118.9501953125,0
2022-12-20,12100.25,12120.900390625,11994.900390625,12098.5498046875,0
2022-12-21,12141.2001953125,12189.7001953125,11881.849609375,11908.150390625,0
2022-12-22,11960.0498046875,11996.5,11715.75,11797.0498046875,0
2022-12-23,11685.75,11711.150390625,11360.0498046875,11383.0498046875,0
2022-12-26,11385.099609375,11688.75,11291.4501953125,11665.2998046875,0
2022-12-27,11741.25,11804.849609375,11673.7998046875,11774.150390625,0
2022-12-28,11775.400390625,11837.9501953125,11711.7001953125,11812.2001953125,0
2022-12-29,11773.849609375,11853.7001953125,11695.25,11829.25,0
2022-12-30,11901.7998046875,11945.900390625,11862.7001953125,11885.75,0
2023-01-02,11923.2998046875,11979.0,11877.75,11970.2998046875,0
2023-01-03,11995.900390625,12025.5,11958.650390625,11994.400390625,0
2023-01-04,12013.4501953125,12030.0,11848.4501953125,11886.9501953125,0
2023-01-05,11925.5,11941.4501953125,11849.099609375,11932.849609375,0
2023-01-06,11949.75,11959.2998046875,11807.7998046875,11850.599609375,0
2023-01-09,11934.5,11964.400390625,11882.0498046875,11948.900390625,0
2023-01-10,11966.5,11966.5,11836.099609375,11899.5498046875,0
2023-01-11,11925.849609375,11940.0498046875,11847.0498046875,11862.849609375,0
2023-01-12,11900.0498046875,11900.150390625,11792.5,11836.400390625,0
2023-01-13,11862.400390625,11862.7001953125,11765.900390625,11830.400390625,0
2023-01-16,11858.349609375,11895.0,11788.2998046875,11800.2998046875,0
2023-01-17,11820.900390625,11826.0498046875,11721.2001953125,11793.599609375,0
2023-01-18,11818.75,11851.9501953125,11784.7998046875,11843.7001953125,0
2023-01-19,11816.349609375,11848.9501953125,11787.400390625,11832.349609375,0
2023-01-20,11836.400390625,11847.0,11737.7998046875,11748.9501953125,0
2023-01-23,11767.349609375,11780.7001953125,11720.150390625,11771.0498046875,0
2023-01-24,11790.0498046875,11807.25,11714.0498046875,11729.900390625,0
2023-01-25,11717.25,11718.150390625,11550.150390625,11583.2001953125,0
2023-01-27,11604.099609375,11619.650390625,11314.150390625,11439.599609375,0
2023-01-30,11427.0,11528.4501953125,11343.2001953125,11422.2998046875,0
2023-01-31,11455.7998046875,11618.9501953125,11388.650390625,11596.650390625,0
2023-02-01,11685.5498046875,11767.7001953125,11318.7001953125,11497.650390625,0
2023-02-02,11458.099609375,11579.5,11420.5498046875,11518.0498046875,0
2023-02-03,11548.349609375,11568.349609375,11348.599609375,11504.7001953125,0
2023-02-06,11505.75,11616.900390625,11493.349609375,11602.9501953125,0
2023-02-07,11621.099609375,11635.400390625,11545.849609375,11601.599609375,0
2023-02-08,11626.5,11711.900390625,11586.5498046875,11699.349609375,0
2023-02-09,11721.5498046875,11730.150390625,11670.5498046875,11709.4501953125,0
2023-02-10,11688.4501953125,11761.900390625,11663.4501953125,11738.2998046875,0
2023-02-13,11726.0,11736.75,11567.75,11584.9501953125,0
2023-02-14,11590.9501953125,11609.0,11494.599609375,11535.0,0
2023-02-15,11520.5,11600.7001953125,11515.400390625,11590.349609375,0
2023-02-16,11637.650390625,11711.7998046875,11617.650390625,11679.2001953125,0
2023-02-17,11654.0,11678.5,11587.25,11605.650390625,0
2023-02-20,11635.2001953125,11653.7001953125,11547.0,11606.150390625,0
2023-02-21,11629.5498046875,11654.650390625,11560.2001953125,11575.099609375,0
2023-02-22,11538.7001953125,11559.2001953125,11421.2001953125,11459.2001953125,0
2023-02-23,11466.0,11477.2998046875,11346.650390625,11431.25,0
2023-02-24,11464.0498046875,11502.9501953125,11394.099609375,11403.349609375,0
2023-02-27,11395.349609375,11397.0,11245.2998046875,11339.849609375,0
2023-02-28,11365.150390625,11427.0498046875,11336.0498046875,11411.25,0
2023-03-01,11428.0,11582.7001953125,11426.900390625,11572.2001953125,0
2023-03-02,11580.9501953125,11587.7998046875,11536.0498046875,11547.0498046875,0
2023-03-03,11600.9501953125,11638.0498046875,11582.75,11605.2001953125,0
2023-03-06,11653.25,11751.7998046875,11649.2998046875,11686.900390625,0
2023-03-08,11650.0,11738.2998046875,11624.4501953125,11724.599609375,0
2023-03-09,11753.599609375,11769.7998046875,11643.9501953125,11660.0,0
2023-03-10,11594.099609375,11594.2001953125,11493.7001953125,11582.150390625,0
2023-03-13,11556.5,11595.7998046875,11339.5498046875,11375.2001953125,0
2023-03-14,11387.2001953125,11395.900390625,11259.9501953125,11304.7001953125,0
2023-03-15,11383.0498046875,11409.099609375,11291.7998046875,11308.7998046875,0
2023-03-16,11291.2001953125,11339.099609375,11161.9501953125,11305.2001953125,0
2023-03-17,11378.0,11406.25,11304.25,11354.25,0
2023-03-20,11349.2998046875,11370.5,11165.849609375,11245.599609375,0
2023-03-21,11288.599609375,11320.5,11258.900390625,11308.099609375,0
2023-03-22,11350.0498046875,11380.150390625,11328.75,11339.2001953125,0
2023-03-23,11324.4501953125,11350.7001953125,11286.0498046875,11295.7998046875,0
2023-03-24,11293.5,11305.0498046875,11144.2001953125,11164.650390625,0
2023-03-27,11172.7001953125,11180.650390625,11088.849609375,11102.099609375,0
2023-03-28,11119.349609375,11131.849609375,11016.5,11065.650390625,0
2023-03-29,11054.849609375,11273.900390625,11054.849609375,11250.7001953125,0
2023-03-31,11298.2001953125,11386.2998046875,11296.4501953125,11352.25,0
2023-04-03,11410.5,11413.9501953125,11361.0,11404.349609375,0
2023-04-05,11412.400390625,11421.5,11376.099609375,11415.75,0
2023-04-06,11416.4501953125,11505.7001953125,11378.7001953125,11491.2001953125,0
2023-04-10,11529.75,11541.9501953125,11479.0,11532.849609375,0
2023-04-11,11562.5498046875,11608.0498046875,11540.400390625,11582.7998046875,0
2023-04-12,11607.25,11658.849609375,11595.7001953125,11652.2998046875,0
2023-04-13,11676.9501953125,11703.4501953125,11630.099609375,11671.2001953125,0
2023-04-17,11649.7998046875,11720.849609375,11603.7998046875,11714.4501953125,0
2023-04-18,11739.4501953125,11804.2998046875,11721.2998046875,11783.349609375,0
2023-04-19,11805.25,11820.900390625,11752.5498046875,11763.9501953125,0
2023-04-20,11784.5498046875,11799.4501953125,11747.5498046875,11755.9501953125,0
2023-04-21,11776.5498046875,11777.400390625,11663.5,11707.5498046875,0
2023-04-24,11723.7001953125,11746.7998046875,11681.400390625,11738.599609375,0
2023-04-25,11748.2998046875,11764.25,11716.2001953125,11730.599609375,0
2023-04-26,11720.7998046875,11750.75,11676.2001953125,11743.099609375,0
2023-04-27,11753.5498046875,11820.2998046875,11747.900390625,11811.5,0
2023-04-28,11841.5498046875,11950.7998046875,11828.25,11943.5498046875,0
2023-05-02,11997.2998046875,12063.0,11990.5498046875,12037.150390625,0
2023-05-03,12025.9501953125,12098.599609375,12003.099609375,12066.75,0
2023-05-04,12089.4501953125,12155.900390625,12083.75,12145.5,0
2023-05-05,12152.4501953125,12174.349609375,12052.7998046875,12066.0498046875,0
2023-05-08,12108.0,12187.0498046875,12100.0,12177.7001953125,0
2023-05-09,12213.0498046875,12271.5498046875,12166.7001953125,12184.9501953125,0
2023-05-10,12215.5498046875,12217.7001953125,12115.099609375,12195.2001953125,0
2023-05-11,12240.349609375,12263.849609375,12212.599609375,12232.849609375,0
2023-05-12,12251.0,12251.0,12173.5498046875,12196.099609375,0
2023-05-15,12205.5,12288.2001953125,12174.2998046875,12264.650390625,0
2023-05-16,12307.75,12374.599609375,12285.599609375,12293.0498046875,0
2023-05-17,12303.9501953125,12323.849609375,12209.9501953125,12284.349609375,0
2023-05-18,12332.150390625,12343.849609375,12197.25,12213.7998046875,0
2023-05-19,12227.7001953125,12227.7001953125,12090.5498046875,12198.4501953125,0
2023-05-22,12190.5498046875,12272.0,12157.0,12264.650390625,0
2023-05-23,12306.5,12349.9501953125,12291.2001953125,12335.650390625,0
2023-05-24,12340.25,12389.349609375,12300.0498046875,12353.900390625,0
2023-05-25,12357.9501953125,12403.2001953125,12342.9501953125,12392.150390625,0
2023-05-26,12407.349609375,12495.599609375,12397.25,12486.849609375,0
2023-05-29,12540.599609375,12550.349609375,12485.0498046875,12530.7001953125,0
2023-05-30,12549.0498046875,12589.5498046875,12529.7998046875,12576.599609375,0
2023-05-31,12574.650390625,12635.4501953125,12548.9501953125,12623.349609375,0
2023-06-01,12635.2998046875,12702.849609375,12631.150390625,12647.9501953125,0
2023-06-02,12691.5,12721.900390625,12685.2001953125,12705.400390625,0
2023-06-05,12762.0498046875,12781.7998046875,12733.599609375,12743.349609375,0
2023-06-06,12758.0,12767.4501953125,12689.25,12757.400390625,0
2023-06-07,12805.2998046875,12909.849609375,12799.650390625,12900.7998046875,0
2023-06-08,12939.2998046875,12949.599609375,12815.2998046875,12831.400390625,0
2023-06-09,12866.650390625,12889.150390625,12799.900390625,12814.7998046875,0
2023-06-12,12855.099609375,12897.7001953125,12798.849609375,12890.599609375,0
2023-06-13,12925.5498046875,13051.2001953125,12923.0498046875,13042.2001953125,0
2023-06-14,13084.650390625,13092.599609375,13043.2001953125,13078.75,0
2023-06-15,13103.0498046875,13143.4501953125,13065.9501953125,13100.900390625,0
2023-06-16,13146.75,13212.349609375,13138.2998046875,13192.900390625,0
2023-06-19,13246.5,13280.400390625,13182.2998046875,13195.0498046875,0
2023-06-20,13200.9501953125,13264.9501953125,13155.849609375,13255.900390625,0
2023-06-21,13339.599609375,13402.25,13319.4501953125,13353.2998046875,0
2023-06-22,13383.349609375,13388.7001953125,13202.2998046875,13241.7998046875,0
2023-06-23,13240.599609375,13242.400390625,13063.5,13077.5,0
2023-06-26,13082.2001953125,13202.599609375,13033.0498046875,13187.5498046875,0
2023-06-27,13233.900390625,13283.900390625,13219.5498046875,13250.599609375,0
2023-06-28,13309.75,13336.5,13273.7998046875,13316.4501953125,0
2023-06-30,13360.0498046875,13411.9501953125,13352.650390625,13401.4501953125,0
2023-07-03,13472.75,13484.75,13412.25,13427.599609375,0
2023-07-04,13476.0498046875,13478.2998046875,13387.0,13405.2001953125,0
2023-07-05,13432.599609375,13493.0,13412.7998046875,13481.650390625,0
2023-07-06,13504.650390625,13597.0,13491.2001953125,13593.099609375,0
2023-07-07,13588.2001953125,13609.900390625,13455.7998046875,13490.7001953125,0
2023-07-10,13530.2998046875,13534.099609375,13410.4501953125,13433.5,0
2023-07-11,13477.400390625,13563.150390625,13467.9501953125,13534.349609375,0
2023-07-12,13574.25,13615.0,13549.75,13600.0,0
2023-07-13,13649.25,13669.0498046875,13486.849609375,13522.400390625,0
2023-07-14,13581.849609375,13664.849609375,13557.849609375,13657.4501953125,0
2023-07-17,13701.849609375,13751.400390625,13686.5,13709.099609375,0
2023-07-18,13745.4501953125,13754.900390625,13627.7001953125,13688.2001953125,0
2023-07-19,13726.2998046875,13775.900390625,13701.849609375,13769.7998046875,0
2023-07-20,13800.599609375,13812.25,13777.150390625,13799.5498046875,0
2023-07-21,13763.5498046875,13797.099609375,13742.75,13772.849609375,0
2023-07-24,13805.849609375,13830.7001953125,13746.5,13762.2001953125,0
2023-07-25,13828.5,13846.150390625,13755.900390625,13829.150390625,0
2023-07-26,13875.650390625,13898.650390625,13852.25,13873.2998046875,0
2023-07-27,13934.099609375,13957.349609375,13859.5498046875,13898.900390625,0
2023-07-28,13927.349609375,13985.0498046875,13898.849609375,13976.0,0
2023-07-31,14000.650390625,14153.849609375,13993.4501953125,14140.0,0
2023-08-01,14190.0498046875,14200.0,14129.0,14151.0,0
2023-08-02,14144.349609375,14147.5498046875,13857.849609375,13975.2001953125,0
2023-08-03,13968.650390625,14022.900390625,13911.400390625,13979.0498046875,0
2023-08-04,14046.4501953125,14109.5498046875,14021.599609375,14079.2998046875,0
2023-08-07,14120.25,14159.650390625,14081.349609375,14149.9501953125,0
2023-08-08,14198.5,14210.400390625,14080.9501953125,14186.2001953125,0
2023-08-09,14212.150390625,14237.2998046875,14143.9501953125,14230.0498046875,0
2023-08-10,14255.7001953125,14276.7998046875,14175.0,14228.5,0
2023-08-11,14292.75,14297.099609375,14172.7998046875,14190.2998046875,0
2023-08-14,14181.0,14182.5,13985.2998046875,14153.9501953125,0
2023-08-16,14138.099609375,14188.5,14078.900390625,14172.599609375,0
2023-08-17,14209.7998046875,14258.0498046875,14191.5498046875,14215.2001953125,0
2023-08-18,14226.9501953125,14253.25,14159.2001953125,14193.4501953125,0
2023-08-21,14227.900390625,14311.7001953125,14205.9501953125,14302.150390625,0
2023-08-22,14353.150390625,14460.5,14343.099609375,14454.099609375,0
2023-08-23,14506.4501953125,14556.900390625,14496.7998046875,14508.75,0
2023-08-24,14596.900390625,14633.0498046875,14534.5,14547.849609375,0
2023-08-25,14526.099609375,14556.0498046875,14407.9501953125,14440.650390625,0
2023-08-28,14492.75,14530.5,14456.900390625,14502.599609375,0
2023-08-29,14542.4501953125,14572.4501953125,14524.5498046875,14559.2998046875,0
2023-08-30,14624.7998046875,14675.849609375,14620.099609375,14654.4501953125,0
2023-08-31,14704.5,14728.650390625,14625.5498046875,14693.849609375,0
2023-09-01,14719.349609375,14820.25,14679.599609375,14810.150390625,0
2023-09-04,14880.400390625,14958.900390625,14810.150390625,14935.0498046875,0
2023-09-05,14998.4501953125,15114.900390625,14935.0498046875,15100.7001953125,0
2023-09-06,15146.2998046875,15146.75,15063.400390625,15104.0498046875,0
2023-09-07,15135.25,15209.650390625,15104.0498046875,15200.0498046875,0
2023-09-08,15250.25,15351.150390625,15200.0498046875,15341.0498046875,0
2023-09-11,15431.5,15513.75,15410.650390625,15504.900390625,0
2023-09-12,15598.5,15599.0498046875,15027.0,15045.099609375,0
2023-09-13,15038.2001953125,15114.0498046875,14836.150390625,15063.5498046875,0
2023-09-14,15142.150390625,15222.150390625,15122.75,15204.150390625,0
2023-09-15,15279.5498046875,15298.25,15194.0498046875,15222.7001953125,0
2023-09-18,15251.099609375,15252.400390625,15159.400390625,15168.650390625,0
2023-09-20,15122.7998046875,15183.0498046875,15057.25,15121.099609375,0
2023-09-21,15100.5,15164.7001953125,14961.099609375,14990.900390625,0
2023-09-22,15013.5498046875,15062.4501953125,14892.849609375,14975.5,0
2023-09-25,15002.650390625,15071.7001953125,14891.099609375,15054.849609375,0
2023-09-26,15068.9501953125,15105.650390625,15022.099609375,15045.599609375,0
2023-09-27,15074.5,15168.849609375,15039.5498046875,15158.2998046875,0
2023-09-28,15196.5,15205.349609375,14970.5498046875,14985.5,0
2023-09-29,15043.849609375,15186.349609375,15003.7998046875,15141.0498046875,0
2023-10-03,15156.7998046875,15194.900390625,15089.0498046875,15180.4501953125,0
2023-10-04,15148.150390625,15151.0498046875,14888.25,14984.9501953125,0
2023-10-05,15053.599609375,15104.849609375,14965.349609375,14975.7001953125,0
2023-10-06,15034.2998046875,15074.75,15002.2001953125,15063.5,0
2023-10-09,14926.2998046875,14959.75,14832.75,14861.5,0
2023-10-10,14925.349609375,15061.2001953125,14924.7001953125,15046.400390625,0
2023-10-11,15134.599609375,15205.25,15111.5,15121.5498046875,0
2023-10-12,15182.099609375,15205.150390625,15142.900390625,15158.099609375,0
2023-10-13,15112.7998046875,15189.7001953125,15088.849609375,15141.349609375,0
2023-10-16,15166.2001953125,15202.099609375,15129.75,15167.4501953125,0
2023-10-17,15248.349609375,15270.650390625,15208.5,15234.349609375,0
2023-10-18,15258.7001953125,15274.099609375,15100.9501953125,15125.75,0
2023-10-19,15073.599609375,15122.2001953125,14989.650390625,15106.9501953125,0
2023-10-20,15087.150390625,15111.849609375,14923.9501953125,14963.099609375,0
2023-10-23,14972.9501953125,14999.7998046875,14512.2001953125,14557.099609375,0
2023-10-25,14606.75,14653.0498046875,14326.5,14470.25,0
2023-10-26,14390.2998046875,14400.0,14133.2998046875,14305.25,0
2023-10-27,14399.0,14561.900390625,14398.849609375,14513.7001953125,0
2023-10-30,14547.650390625,14557.7998046875,14403.0,14533.400390625,0
2023-10-31,14607.349609375,14658.9501953125,14556.150390625,14566.2998046875,0
2023-11-01,14604.150390625,14612.9501953125,14529.2001953125,14545.099609375,0
2023-11-02,14638.900390625,14729.5498046875,14637.5,14718.5,0
2023-11-03,14813.650390625,14841.25,14780.4501953125,14819.099609375,0
2023-11-06,14917.0,14964.7001953125,14887.900390625,14953.75,0
2023-11-07,14987.599609375,15023.7001953125,14940.400390625,14994.099609375,0
2023-11-08,15070.4501953125,15149.7001953125,15066.0,15138.7001953125,0
2023-11-09,15174.150390625,15199.7998046875,15132.0,15142.7998046875,0
2023-11-10,15136.4501953125,15212.900390625,15058.2001953125,15199.150390625,0
2023-11-13,15284.849609375,15309.7001953125,15223.150390625,15292.2001953125,0
2023-11-15,15425.7998046875,15434.75,15378.0498046875,15424.75,0
2023-11-16,15450.650390625,15567.150390625,15432.5498046875,15532.7998046875,0
2023-11-17,15520.150390625,15601.75,15492.900390625,15586.099609375,0
2023-11-20,15628.400390625,15654.400390625,15562.7998046875,15589.7001953125,0
2023-11-21,15650.7001953125,15663.7998046875,15583.25,15595.099609375,0
2023-11-22,15623.4501953125,15645.400390625,15511.0,15625.849609375,0
2023-11-23,15677.75,15687.2001953125,15633.650390625,15641.599609375,0
2023-11-24,15679.0,15708.2998046875,15652.349609375,15673.5,0
2023-11-28,15733.900390625,15745.5498046875,15680.75,15734.349609375,0
2023-11-29,15814.5,15853.900390625,15808.4501953125,15838.849609375,0
2023-11-30,15873.599609375,15990.0498046875,15796.25,15963.25,0
2023-12-01,16043.400390625,16127.9501953125,16034.75,16104.7998046875,0
2023-12-04,16362.0,16370.7998046875,16223.2001953125,16302.4501953125,0
2023-12-05,16364.400390625,16392.75,16214.400390625,16364.099609375,0
2023-12-06,16431.19921875,16460.0,16308.25,16389.05078125,0
2023-12-07,16417.150390625,16489.44921875,16322.849609375,16479.849609375,0
2023-12-08,16534.25,16560.650390625,16322.2001953125,16447.94921875,0
2023-12-11,16502.19921875,16571.650390625,16472.05078125,16560.5,0
2023-12-12,16621.44921875,16631.19921875,16410.19921875,16490.5,0
2023-12-13,16543.849609375,16647.900390625,16457.94921875,16629.55078125,0
2023-12-14,16749.80078125,16832.25,16724.099609375,16813.75,0
2023-12-15,16907.0,16916.5,16826.900390625,16850.05078125,0
2023-12-18,16874.5,16938.55078125,16771.30078125,16902.44921875,0
2023-12-19,16946.5,16957.599609375,16769.849609375,16836.75,0
2023-12-20,16922.400390625,16982.849609375,16265.2001953125,16323.900390625,0
2023-12-21,16181.599609375,16579.599609375,16066.849609375,16560.650390625,0
2023-12-22,16661.349609375,16737.599609375,16575.5,16693.0,0
2023-12-26,16761.80078125,16826.69921875,16712.05078125,16787.0,0
2023-12-27,16873.5,16932.400390625,16775.900390625,16852.44921875,0
2023-12-28,16909.400390625,16944.55078125,16848.400390625,16933.75,0
2023-12-29,16972.900390625,17102.400390625,16907.599609375,17077.05078125,0
2024-01-01,17135.0,17229.0,17104.849609375,17174.0,0
2024-01-02,17214.94921875,17238.0,16961.25,17148.099609375,0
2024-01-03,17176.849609375,17232.30078125,17082.599609375,17189.94921875,0
2024-01-04,17264.69921875,17454.900390625,17259.400390625,17443.75,0
2024-01-05,17525.150390625,17575.650390625,17376.55078125,17499.650390625,0
2024-01-08,17550.849609375,17560.25,17334.44921875,17350.55078125,0
2024-01-09,17472.849609375,17517.94921875,17356.25,17382.0,0
2024-01-10,17411.849609375,17433.5,17251.650390625,17425.349609375,0
2024-01-11,17492.349609375,17536.400390625,17449.19921875,17500.5,0
2024-01-12,17583.30078125,17589.55078125,17511.94921875,17563.849609375,0
2024-01-15,17659.55078125,17685.80078125,17537.25,17656.349609375,0
2024-01-16,17706.94921875,17738.25,17453.5,17599.80078125,0
2024-01-17,17455.69921875,17564.349609375,17331.5,17413.150390625,0
2024-01-18,17386.5,17431.5,16978.05078125,17409.44921875,0
2024-01-19,17546.900390625,17687.19921875,17508.5,17670.849609375,0
2024-01-23,17857.900390625,17868.0,17110.05078125,17204.349609375,0
2024-01-24,17240.94921875,17518.349609375,17033.400390625,17495.55078125,0
2024-01-25,17546.69921875,17559.25,17334.5,17413.75,0
2024-01-29,17490.349609375,17678.900390625,17459.19921875,17669.69921875,0
2024-01-30,17756.650390625,17782.05078125,17582.94921875,17607.150390625,0
2024-01-31,17636.900390625,17893.94921875,17627.599609375,17884.69921875,0
2024-02-01,17937.099609375,17937.150390625,17668.0,17782.80078125,0
2024-02-02,17863.05078125,17976.69921875,17844.099609375,17873.349609375,0
2024-02-05,17940.150390625,18032.650390625,17829.150390625,17871.55078125,0
2024-02-06,17955.650390625,18092.94921875,17853.5,18082.0,0
2024-02-07,18208.349609375,18252.69921875,18076.349609375,18203.349609375,0
2024-02-08,18341.5,18345.099609375,18133.599609375,18161.849609375,0
2024-02-09,18200.44921875,18201.349609375,17715.349609375,18003.099609375,0
2024-02-12,18090.400390625,18091.80078125,17520.599609375,17572.25,0
2024-02-13,17598.150390625,17645.900390625,17293.599609375,17622.650390625,0
2024-02-14,17442.599609375,17828.75,17371.25,17773.849609375,0
2024-02-15,17887.349609375,17966.400390625,17868.94921875,17941.80078125,0
2024-02-16,18027.25,18111.0,17988.099609375,18081.69921875,0
2024-02-19,18193.75,18234.099609375,18136.650390625,18166.650390625,0
2024-02-20,18184.94921875,18229.30078125,18085.0,18137.400390625,0
2024-02-21,18201.75,18216.44921875,17896.69921875,17939.44921875,0
2024-02-22,18019.400390625,18103.5,17782.099609375,18082.900390625,0
2024-02-23,18165.900390625,18222.400390625,18104.55078125,18149.05078125,0
2024-02-26,18168.44921875,18196.19921875,18012.5,18093.0,0
2024-02-27,18114.30078125,18183.55078125,18014.150390625,18074.30078125,0
2024-02-28,18117.25,18126.150390625,17708.30078125,17749.0,0
2024-02-29,17749.0,17882.80078125,17559.900390625,17831.099609375,0
2024-03-01,17925.05078125,17985.75,17890.75,17974.650390625,0
2024-03-04,18138.80078125,18145.80078125,18027.80078125,18110.05078125,0
2024-03-05,18121.599609375,18156.0,18023.55078125,18065.19921875,0
2024-03-06,18094.599609375,18102.30078125,17700.19921875,17950.0,0
2024-03-07,17978.349609375,18061.94921875,17956.849609375,17995.69921875,0
2024-03-11,18079.099609375,18081.05078125,17884.5,17911.75,0
2024-03-12,17937.30078125,17957.0,17600.400390625,17685.599609375,0
2024-03-13,17720.55078125,17757.19921875,16838.19921875,16948.25,0
2024-03-14,16854.900390625,17341.5,16717.94921875,17308.75,0
2024-03-15,17315.900390625,17399.900390625,17031.94921875,17254.19921875,0
2024-03-18,17250.19921875,17306.30078125,17068.0,17215.849609375,0
2024-03-19,17227.44921875,17231.099609375,16954.94921875,17022.650390625,0
2024-03-20,17085.05078125,17125.44921875,16832.69921875,17011.75,0
2024-03-21,17186.650390625,17407.55078125,17184.94921875,17396.30078125,0
2024-03-22,17386.0,17518.05078125,17343.900390625,17502.80078125,0
2024-03-26,17459.69921875,17680.849609375,17457.55078125,17664.349609375,0
2024-03-27,17725.25,17778.400390625,17672.150390625,17685.849609375,0
2024-03-28,17783.150390625,17814.25,17676.30078125,17766.0,0
2024-04-01,17902.849609375,18101.75,17882.900390625,18084.69921875,0
2024-04-02,18151.099609375,18300.349609375,18088.349609375,18286.349609375,0
2024-04-03,18272.849609375,18400.0,18224.69921875,18378.599609375,0
2024-04-04,18503.400390625,18523.650390625,18330.80078125,18385.94921875,0
2024-04-05,18398.80078125,18500.80078125,18369.75,18473.25,0
2024-04-08,18593.849609375,18594.900390625,18428.900390625,18511.150390625,0
2024-04-09,18599.0,18606.30078125,18411.400390625,18465.55078125,0
2024-04-10,18529.599609375,18647.25,18486.75,18625.400390625,0
2024-04-12,18620.80078125,18722.05078125,18517.0,18534.69921875,0
2024-04-15,18206.05078125,18392.94921875,18062.400390625,18283.19921875,0
2024-04-16,18185.19921875,18373.44921875,18133.0,18260.599609375,0
2024-04-18,18362.80078125,18445.05078125,18161.25,18195.650390625,0
2024-04-19,18042.80078125,18178.900390625,17833.55078125,18111.25,0
2024-04-22,18265.75,18302.94921875,18205.05078125,18234.30078125,0
2024-04-23,18342.44921875,18441.94921875,18308.80078125,18417.94921875,0
2024-04-24,18513.05078125,18582.150390625,18493.44921875,18568.30078125,0
2024-04-25,18578.150390625,18660.900390625,18507.30078125,18643.25,0
2024-04-26,18699.19921875,18812.400390625,18689.30078125,18782.5,0
2024-04-29,18836.25,18861.19921875,18754.349609375,18847.0,0
2024-04-30,18914.55078125,19009.94921875,18875.94921875,18893.0,0
2024-05-02,18971.849609375,19002.349609375,18891.80078125,18975.25,0
2024-05-03,19052.44921875,19064.05078125,18809.69921875,18907.69921875,0
2024-05-06,19023.650390625,19025.25,18689.80078125,18821.30078125,0
2024-05-07,18860.849609375,18866.44921875,18365.19921875,18471.849609375,0
2024-05-08,18446.849609375,18615.44921875,18335.05078125,18568.69921875,0
2024-05-09,18602.150390625,18617.55078125,18211.849609375,18245.349609375,0
2024-05-10,18303.44921875,18441.69921875,18081.099609375,18423.30078125,0
2024-05-13,18435.80078125,18545.349609375,18100.94921875,18516.75,0
2024-05-14,18563.80078125,18705.900390625,18497.30078125,18690.099609375,0
2024-05-15,18755.099609375,18889.900390625,18747.400390625,18865.19921875,0
2024-05-16,18931.55078125,19067.150390625,18908.849609375,19048.80078125,0
2024-05-17,19111.55078125,19257.69921875,19073.0,19249.19921875,0
2024-05-21,19372.94921875,19425.900390625,19224.69921875,19413.19921875,0
2024-05-22,19498.19921875,19550.69921875,19320.80078125,19469.349609375,0
2024-05-23,19553.30078125,19575.25,19421.349609375,19562.55078125,0
2024-05-24,19584.099609375,19667.650390625,19521.69921875,19553.150390625,0
2024-05-27,19642.0,19717.400390625,19523.599609375,19625.900390625,0
2024-05-28,19676.150390625,19709.69921875,19394.0,19474.94921875,0
2024-05-29,19427.400390625,19495.099609375,19336.55078125,19421.19921875,0
2024-05-30,19419.55078125,19434.44921875,19165.650390625,19196.69921875,0
2024-05-31,19305.94921875,19382.19921875,19123.099609375,19308.75,0
2024-06-03,20033.150390625,20033.150390625,19716.55078125,19889.849609375,0
2024-06-04,19921.69921875,19921.69921875,17744.849609375,18476.25,0
2024-06-05,18681.55078125,19245.55078125,18188.80078125,19189.80078125,0
2024-06-06,19400.80078125,19714.05078125,19385.94921875,19607.19921875,0
2024-06-07,19665.099609375,19898.25,19593.900390625,19884.25,0
2024-06-10,19992.0,20084.900390625,19871.69921875,19956.650390625,0
2024-06-11,20042.44921875,20201.0,19987.80078125,20119.55078125,0
2024-06-12,20204.349609375,20338.849609375,20192.349609375,20321.19921875,0
2024-06-13,20473.55078125,20520.849609375,20373.30078125,20480.05078125,0
2024-06-14,20547.849609375,20710.19921875,20490.400390625,20698.25,0
2024-06-18,20784.400390625,20825.400390625,20701.0,20809.75,0
2024-06-19,20879.94921875,20880.05078125,20504.05078125,20591.650390625,0
2024-06-20,20671.5,20780.599609375,20558.19921875,20766.69921875,0
2024-06-21,20863.099609375,20890.69921875,20696.75,20735.25,0
2024-06-24,20700.19921875,20831.75,20550.0,20784.0,0
2024-06-25,20855.19921875,20922.900390625,20697.900390625,20734.55078125,0
2024-06-26,20763.650390625,20789.75,20657.55078125,20680.69921875,0
2024-06-27,20729.75,20850.80078125,20574.69921875,20723.150390625,0
2024-06-28,20788.19921875,20893.900390625,20774.650390625,20831.94921875,0
2024-07-01,20898.349609375,21045.05078125,20851.19921875,21029.900390625,0
2024-07-02,21105.69921875,21117.849609375,20792.650390625,20909.900390625,0
2024-07-03,21021.099609375,21105.19921875,20966.80078125,21072.75,0
2024-07-04,21162.650390625,21238.94921875,21093.5,21215.30078125,0
2024-07-05,21246.25,21369.05078125,21185.80078125,21352.5,0
2024-07-08,21428.25,21444.75,21224.400390625,21289.349609375,0
2024-07-09,21387.75,21439.55078125,21257.30078125,21347.5,0
2024-07-10,21443.69921875,21453.80078125,20855.400390625,21266.599609375,0
2024-07-11,21370.5,21386.599609375,21251.599609375,21312.150390625,0
2024-07-12,21400.30078125,21401.849609375,21250.5,21300.25,0
2024-07-15,21395.150390625,21457.55078125,21223.5,21448.849609375,0
2024-07-16,21528.44921875,21554.44921875,21419.150390625,21456.5,0
2024-07-18,21452.94921875,21456.94921875,21135.849609375,21255.599609375,0
2024-07-19,21243.19921875,21243.19921875,20770.05078125,20812.25,0
2024-07-22,20740.80078125,21074.099609375,20589.94921875,21040.349609375,0
2024-07-23,21151.650390625,21165.849609375,20264.900390625,20947.80078125,0
2024-07-24,20962.44921875,21163.80078125,20930.94921875,21133.349609375,0
2024-07-25,20982.69921875,21132.25,20937.75,21080.44921875,0
2024-07-26,21168.94921875,21463.05078125,21165.05078125,21442.400390625,0
2024-07-29,21606.5,21671.75,21547.44921875,21644.849609375,0
2024-07-30,21685.349609375,21803.05078125,21655.650390625,21749.5,0
2024-07-31,21852.69921875,21913.099609375,21777.80078125,21860.94921875,0
2024-08-01,21960.80078125,21969.400390625,21598.30078125,21706.44921875,0
2024-08-02,21499.19921875,21617.44921875,21387.25,21492.25,0
2024-08-05,20917.25,21056.150390625,20594.75,20734.849609375,0
2024-08-06,20888.25,21138.849609375,20555.94921875,20611.150390625,0
2024-08-07,20969.25,21085.25,20786.900390625,21063.69921875,0
2024-08-08,21114.0,21176.19921875,20964.650390625,20991.0,0
2024-08-09,21173.75,21233.650390625,21100.05078125,21151.349609375,0
2024-08-12,21089.75,21247.44921875,20976.099609375,21208.69921875,0
2024-08-13,21298.900390625,21318.349609375,21010.55078125,21044.94921875,0
2024-08-14,21116.80078125,21135.349609375,20842.19921875,20917.75,0
2024-08-16,21061.25,21310.80078125,21027.349609375,21298.349609375,0
2024-08-19,21413.349609375,21455.599609375,21302.5,21351.400390625,0
2024-08-20,21452.400390625,21540.94921875,21386.650390625,21529.05078125,0
2024-08-21,21547.099609375,21634.69921875,21500.400390625,21617.69921875,0
2024-08-22,21719.69921875,21792.5,21687.0,21760.349609375,0
2024-08-23,21801.650390625,21809.099609375,21633.0,21645.650390625,0
2024-08-26,21746.75,21778.5,21678.0,21758.44921875,0
2024-08-27,21811.75,21884.05078125,21788.25,21869.75,0
2024-08-28,21934.44921875,21943.400390625,21760.849609375,21838.69921875,0
2024-08-29,21865.44921875,21880.5,21618.05078125,21741.349609375,0
2024-08-30,21832.599609375,21956.349609375,21773.150390625,21925.44921875,0
2024-09-02,22014.150390625,22015.150390625,21800.44921875,21862.849609375,0
2024-09-03,21912.25,21983.19921875,21892.900390625,21913.80078125,0
2024-09-04,21763.099609375,21913.099609375,21721.349609375,21895.349609375,0
2024-09-05,22002.94921875,22030.849609375,21943.55078125,21976.900390625,0
2024-09-06,22003.94921875,22030.849609375,21639.400390625,21675.80078125,0
2024-09-09,21665.5,21672.69921875,21415.94921875,21621.400390625,0
2024-09-10,21766.44921875,21902.150390625,21757.05078125,21853.55078125,0
2024-09-11,21921.650390625,21991.599609375,21760.94921875,21798.94921875,0
2024-09-12,21963.5,22061.94921875,21893.5,22047.69921875,0
2024-09-13,22127.0,22243.55078125,22093.5,22190.349609375,0
2024-09-16,22306.05078125,22314.849609375,22188.150390625,22264.69921875,0
2024-09-17,22311.5,22320.599609375,22174.19921875,22235.349609375,0
2024-09-18,22261.30078125,22283.44921875,21971.55078125,22079.900390625,0
2024-09-19,22190.75,22245.849609375,21621.599609375,21965.150390625,0
2024-09-20,22064.400390625,22326.349609375,21971.80078125,22256.099609375,0
2024-09-23,22369.150390625,22442.55078125,22261.25,22423.69921875,0
2024-09-24,22481.75,22508.75,22431.099609375,22493.5,0
2024-09-25,22509.849609375,22515.400390625,22294.150390625,22357.400390625,0
2024-09-26,22412.349609375,22416.30078125,22192.75,22367.849609375,0
2024-09-27,22410.55078125,22434.55078125,22323.849609375,22360.849609375,0
2024-09-30,22302.650390625,22363.099609375,22175.80078125,22311.94921875,0
2024-10-01,22339.75,22400.30078125,22221.150390625,22379.75,0
2024-10-03,22069.44921875,22277.25,21847.400390625,21904.69921875,0
2024-10-04,21878.650390625,21983.05078125,21496.19921875,21710.599609375,0
2024-10-07,21795.94921875,21834.25,21106.05078125,21264.5,0
2024-10-08,21191.0,21726.400390625,21119.44921875,21685.650390625,0
2024-10-09,21831.80078125,22040.0,21817.69921875,21918.30078125,0
2024-10-10,22037.19921875,22087.400390625,21850.099609375,21885.650390625,0
2024-10-11,21917.849609375,21994.30078125,21851.30078125,21979.150390625,0
2024-10-14,22029.94921875,22072.94921875,21920.5,22058.80078125,0
2024-10-15,22136.150390625,22146.150390625,22020.0,22128.650390625,0
2024-10-16,22103.400390625,22151.05078125,21979.30078125,22085.099609375,0
2024-10-17,22116.05078125,22123.25,21702.19921875,21718.5,0
2024-10-18,21625.75,21785.349609375,21384.0,21755.650390625,0
2024-10-21,21807.5,21869.5,21406.19921875,21429.900390625,0
2024-10-22,21436.75,21468.900390625,20850.44921875,20879.44921875,0
2024-10-23,20846.30078125,21162.349609375,20655.849609375,20985.25,0
2024-10-24,20987.400390625,21074.75,20884.150390625,20932.75,0
2024-10-25,20983.849609375,20996.650390625,20365.80078125,20563.69921875,0
2024-10-28,20575.75,20773.94921875,20472.19921875,20695.55078125,0
2024-10-29,20779.94921875,20888.80078125,20516.849609375,20867.400390625,0
2024-10-30,20836.900390625,21067.599609375,20773.30078125,20916.69921875,0
2024-10-31,20919.349609375,20942.55078125,20750.349609375,20876.69921875,0
2024-11-01,21014.75,21077.599609375,20993.0,21021.099609375,0
2024-11-04,21042.400390625,21042.400390625,20663.44921875,20767.400390625,0
2024-11-05,20737.19921875,20882.75,20563.69921875,20862.099609375,0
2024-11-06,20972.900390625,21324.19921875,20945.900390625,21298.5,0
2024-11-07,21388.150390625,21434.75,21173.44921875,21194.849609375,0
2024-11-08,21229.849609375,21235.0,20870.150390625,20919.900390625,0
2024-11-11,20871.0,20923.75,20714.44921875,20749.94921875,0
2024-11-12,20825.25,20935.44921875,20507.400390625,20560.599609375,0
2024-11-13,20478.69921875,20506.69921875,19955.75,20010.75,0
2024-11-14,20033.44921875,20247.19921875,20030.400390625,20105.25,0
2024-11-18,20181.80078125,20213.900390625,19936.849609375,20068.55078125,0
2024-11-19,20143.5,20429.19921875,20142.400390625,20258.099609375,0
2024-11-21,20247.25,20270.400390625,20014.25,20180.900390625,0
2024-11-22,20208.599609375,20427.0,20171.19921875,20412.650390625,0
2024-11-25,20742.900390625,20833.099609375,20706.19921875,20725.69921875,0
2024-11-26,20799.650390625,20880.80078125,20718.400390625,20735.099609375,0
2024-11-27,20794.400390625,20849.849609375,20650.150390625,20838.19921875,0
2024-11-28,20885.650390625,21001.30078125,20794.19921875,20839.900390625,0
2024-11-29,20860.05078125,20941.099609375,20792.69921875,20906.650390625,0
2024-12-02,20911.05078125,21126.44921875,20849.650390625,21105.94921875,0
2024-12-03,21228.05078125,21303.75,21193.0,21291.349609375,0
2024-12-04,21368.099609375,21500.05078125,21327.75,21485.150390625,0
2024-12-05,21595.80078125,21602.75,21431.0,21577.650390625,0
2024-12-06,21622.55078125,21686.94921875,21532.650390625,21665.400390625,0
2024-12-09,21661.0,21774.849609375,21646.5,21748.5,0
2024-12-10,21774.5,21824.0,21703.94921875,21809.099609375,0
2024-12-11,21825.55078125,21898.849609375,21807.80078125,21879.55078125,0
2024-12-12,21907.5,21917.55078125,21744.150390625,21770.05078125,0
2024-12-13,21722.650390625,21762.150390625,21411.69921875,21748.099609375,0
2024-12-16,21805.44921875,21914.650390625,21794.5,21898.80078125,0
2024-12-17,21904.75,21960.25,21724.69921875,21754.099609375,0
2024-12-18,21756.599609375,21770.099609375,21531.75,21623.099609375,0
2024-12-19,21267.30078125,21588.55078125,21247.900390625,21571.30078125,0
2024-12-20,21638.94921875,21665.30078125,21017.69921875,21050.599609375,0
2024-12-23,21144.650390625,21197.0,20933.0,21076.150390625,0
2024-12-24,21100.599609375,21160.900390625,20959.150390625,21080.69921875,0
2024-12-26,21108.05078125,21150.400390625,20937.05078125,21096.849609375,0
2024-12-27,21143.05078125,21179.19921875,21059.25,21071.849609375,0
2024-12-30,21067.25,21170.599609375,20921.849609375,21109.25,0
2024-12-31,21015.0,21187.05078125,20864.94921875,21141.19921875,0
2025-01-01,21148.80078125,21257.150390625,21083.599609375,21246.5,0
2025-01-02,21286.75,21491.849609375,21228.900390625,21473.150390625,0
2025-01-03,21512.0,21579.349609375,21390.75,21419.30078125,0
2025-01-06,21477.44921875,21481.099609375,20815.150390625,20879.650390625,0
2025-01-07,20930.30078125,21142.19921875,20928.0,21060.80078125,0
2025-01-08,21099.80078125,21104.69921875,20649.19921875,20840.30078125,0
2025-01-09,20852.5,20911.25,20646.05078125,20674.25,0
2025-01-10,20632.5,20659.19921875,20234.099609375,20252.94921875,0
2025-01-13,20015.55078125,20070.5,19393.849609375,19458.30078125,0
2025-01-14,19536.349609375,19930.599609375,19535.69921875,19883.349609375,0
2025-01-15,19973.44921875,20091.30078125,19798.650390625,19955.400390625,0
2025-01-16,20146.44921875,20277.5,20134.099609375,20172.650390625,0
2025-01-17,20181.44921875,20264.69921875,20062.349609375,20195.900390625,0
2025-01-20,20310.80078125,20398.44921875,20083.25,20350.900390625,0
2025-01-21,20384.94921875,20406.849609375,19926.599609375,19946.30078125,0
2025-01-22,19974.150390625,19992.349609375,19431.25,19696.900390625,0
2025-01-23,19717.44921875,20102.80078125,19682.44921875,20047.94921875,0
2025-01-24,20053.349609375,20114.25,19648.69921875,19708.94921875,0
2025-01-27,19528.650390625,19533.0,19091.900390625,19152.099609375,0
2025-01-28,19190.75,19241.099609375,18778.0,19019.099609375,0
2025-01-29,19045.55078125,19499.599609375,19042.44921875,19481.75,0
2025-01-30,19566.849609375,19679.55078125,19450.650390625,19514.25,0
2025-01-31,19557.849609375,19878.19921875,19514.900390625,19850.94921875,0
2025-02-03,19632.150390625,19683.650390625,19431.30078125,19579.19921875,0
2025-02-04,19705.25,19868.94921875,19653.75,19849.150390625,0
2025-02-05,19934.05078125,20098.900390625,19915.30078125,19995.69921875,0
2025-02-06,20074.69921875,20086.69921875,19739.30078125,19793.75,0
2025-02-07,19814.69921875,19919.150390625,19613.5,19819.599609375,0
2025-02-10,19817.25,19843.19921875,19348.05078125,19406.94921875,0
2025-02-11,19408.400390625,19434.19921875,18721.69921875,18837.0,0
2025-02-12,18797.25,18871.80078125,18277.25,18766.849609375,0
2025-02-13,18795.599609375,19035.94921875,18729.349609375,18796.80078125,0
2025-02-14,18856.349609375,18891.349609375,18164.94921875,18346.80078125,0
2025-02-17,18215.150390625,18429.650390625,17934.0,18408.44921875,0
2025-02-18,18428.0,18453.75,18157.25,18375.849609375,0
2025-02-19,18278.5,18669.849609375,18190.55078125,18644.900390625,0
2025-02-20,18598.5,18904.19921875,18534.30078125,18888.80078125,0
2025-02-21,18869.80078125,19039.849609375,18604.099609375,18681.349609375,0
2025-02-24,18507.55078125,18567.55078125,18341.349609375,18503.900390625,0
2025-02-25,18485.94921875,18595.099609375,18371.05078125,18408.75,0
2025-02-27,18413.099609375,18453.94921875,18113.900390625,18176.849609375,0
2025-02-28,18025.400390625,18032.150390625,17591.900390625,17750.55078125,0
2025-03-03,17768.55078125,17822.94921875,17379.599609375,17778.55078125,0
2025-03-04,17583.099609375,17895.0,17449.94921875,17807.30078125,0
2025-03-05,17756.75,18250.55078125,17756.75,18240.150390625,0
2025-03-06,18407.55078125,18477.44921875,18283.19921875,18341.0,0
2025-03-07,18334.900390625,18453.19921875,18261.30078125,18290.599609375,0
2025-03-10,18308.849609375,18416.5,17974.44921875,18031.099609375,0
2025-03-11,17866.099609375,18145.19921875,17800.94921875,18106.900390625,0
2025-03-12,18167.94921875,18221.94921875,17820.849609375,18014.25,0
2025-03-13,18082.650390625,18106.05078125,17871.5,17902.0,0
2025-03-17,17931.69921875,18101.900390625,17897.900390625,18037.25,0
2025-03-18,18132.650390625,18428.44921875,18088.25,18408.400390625,0
2025-03-19,18486.900390625,18874.25,18453.30078125,18844.400390625,0
2025-03-20,18959.400390625,19008.900390625,18778.44921875,18948.44921875,0
2025-03-21,18963.94921875,19227.05078125,18914.650390625,19203.30078125,0
2025-03-24,19343.5,19501.150390625,19260.0,19418.30078125,0
2025-03-25,19556.25,19568.400390625,19138.5,19228.349609375,0
2025-03-26,19256.0,19377.19921875,19083.650390625,19106.650390625,0
2025-03-27,19029.69921875,19213.19921875,18966.69921875,19175.400390625,0
2025-03-28,19260.150390625,19389.599609375,19039.349609375,19120.349609375,0
2025-04-01,19081.44921875,19222.30078125,18889.69921875,18931.400390625,0
2025-04-02,18974.44921875,19212.69921875,18804.75,19200.75,0
2025-04-03,19051.099609375,19271.650390625,19044.5,19238.400390625,0
2025-04-04,19198.150390625,19211.75,18567.099609375,18675.30078125,0
2025-04-07,17269.55078125,18099.599609375,17269.5,18005.099609375,0
2025-04-08,18386.05078125,18502.30078125,18149.150390625,18387.05078125,0
2025-04-09,18342.349609375,18342.94921875,18053.099609375,18272.75,0
2025-04-11,18624.400390625,18661.099609375,18469.900390625,18614.150390625,0
2025-04-15,18936.099609375,19208.599609375,18838.5,19178.5,0
2025-04-16,19216.55078125,19331.400390625,19174.5,19320.599609375,0
2025-04-17,19306.150390625,19459.0,19225.80078125,19433.44921875,0
2025-04-21,19533.099609375,19886.05078125,19485.400390625,19863.650390625,0
2025-04-22,19935.94921875,20106.30078125,19816.69921875,20032.30078125,0
2025-04-23,20159.349609375,20244.099609375,19895.400390625,20229.05078125,0
2025-04-24,20241.80078125,20282.0,20175.55078125,20194.400390625,0
2025-04-25,20232.099609375,20266.849609375,19532.5,19694.849609375,0
2025-04-28,19661.80078125,19978.25,19660.900390625,19966.69921875,0
2025-04-29,20032.69921875,20163.0,19962.900390625,20009.05078125,0
2025-04-30,20021.19921875,20109.25,19785.94921875,19873.150390625,0
2025-05-02,19836.94921875,20024.650390625,19690.099609375,19738.099609375,0
2025-05-05,19825.80078125,20064.0,19802.099609375,20049.150390625,0
2025-05-06,20093.5,20132.400390625,19614.44921875,19646.19921875,0
2025-05-07,19407.25,19959.94921875,19404.55078125,19943.650390625,0
2025-05-08,20016.650390625,20082.0,19487.150390625,19591.80078125,0
2025-05-09,19165.400390625,19632.94921875,19165.099609375,19596.25,0
2025-05-12,20133.349609375,20340.75,20077.099609375,20331.5,0
2025-05-13,20366.5,20473.099609375,20285.099609375,20379.30078125,0
2025-05-14,20465.25,20656.75,20388.849609375,20637.900390625,0
2025-05-15,20712.05078125,20796.5,20614.44921875,20781.150390625,0
2025-05-16,20871.349609375,20983.349609375,20779.599609375,20960.150390625,0
2025-05-19,21030.849609375,21108.75,20878.900390625,20992.80078125,0
2025-05-20,21111.150390625,21121.150390625,20634.75,20665.25,0
2025-05-21,20687.099609375,20868.19921875,20612.849609375,20828.75,0
2025-05-22,20792.400390625,20827.55078125,20632.400390625,20752.69921875,0
2025-05-23,20797.75,20901.849609375,20705.55078125,20874.400390625,0
2025-05-26,20952.650390625,21053.849609375,20946.650390625,20991.0,0
2025-05-27,21020.94921875,21062.69921875,20917.349609375,21034.44921875,0
2025-05-28,21074.75,21154.19921875,21022.400390625,21044.400390625,0
2025-05-29,21145.349609375,21187.349609375,21040.94921875,21163.150390625,0
2025-05-30,21220.25,21268.599609375,21076.69921875,21125.55078125,0
2025-06-02,21115.94921875,21260.75,21053.099609375,21240.80078125,0
2025-06-03,21327.69921875,21336.5,21142.94921875,21164.75,0
2025-06-04,21217.900390625,21346.44921875,21098.099609375,21334.599609375,0
2025-06-05,21410.849609375,21502.30078125,21377.849609375,21476.44921875,0
2025-06-06,21551.099609375,21712.900390625,21472.25,21688.599609375,0
2025-06-09,21827.80078125,21921.55078125,21794.099609375,21908.349609375,0
2025-06-10,21999.5,22007.19921875,21867.400390625,21915.900390625,0
2025-06-11,21968.599609375,22004.80078125,21748.69921875,21846.05078125,0
2025-06-12,21868.599609375,21870.0,21476.75,21509.650390625,0
2025-06-13,21091.05078125,21466.75,21091.05078125,21433.05078125,0
2025-06-16,21431.099609375,21607.25,21194.900390625,21594.44921875,0
2025-06-17,21628.650390625,21675.349609375,21433.75,21460.94921875,0
2025-06-18,21422.5,21538.650390625,21304.94921875,21358.5,0
2025-06-19,21371.650390625,21399.75,20974.30078125,21022.94921875,0
2025-06-20,21016.5,21318.900390625,20999.349609375,21285.44921875,0
2025-06-23,21142.0,21413.75,21126.44921875,21371.30078125,0
2025-06-24,21589.849609375,21628.5,21475.94921875,21523.05078125,0
2025-06-25,21614.30078125,21660.650390625,21571.19921875,21640.650390625,0
2025-06-26,21704.30078125,21761.650390625,21600.80078125,21753.150390625,0
2025-06-27,21831.650390625,21920.5,21802.849609375,21840.19921875,0
2025-06-30,21941.94921875,22001.400390625,21865.599609375,21988.650390625,0
2025-07-01,22038.05078125,22048.25,21859.69921875,21951.05078125,0
2025-07-02,21973.400390625,21985.80078125,21826.400390625,21940.150390625,0
2025-07-03,21987.75,22065.849609375,21930.5,21977.25,0
2025-07-04,22013.650390625,22054.80078125,21866.55078125,21973.150390625,0
2025-07-07,21980.900390625,21997.69921875,21880.30078125,21916.30078125,0
2025-07-08,21925.80078125,21984.69921875,21729.0,21886.150390625,0
2025-07-09,21903.30078125,21934.150390625,21839.650390625,21878.650390625,0
2025-07-10,21908.80078125,21924.849609375,21751.05078125,21818.349609375,0
2025-07-11,21796.69921875,21844.19921875,21588.75,21636.400390625,0
2025-07-14,21669.69921875,21788.599609375,21581.75,21773.900390625,0
2025-07-15,21822.55078125,21989.650390625,21807.150390625,21974.900390625,0
2025-07-16,22010.599609375,22050.650390625,21957.349609375,21996.30078125,0
2025-07-17,22058.69921875,22070.25,21977.44921875,22006.25,0
2025-07-18,22031.25,22060.30078125,21830.349609375,21858.849609375,0
2025-07-21,21866.25,22020.849609375,21753.099609375,21997.0,0
2025-07-22,22058.599609375,22062.349609375,21863.5,21884.05078125,0
2025-07-23,21925.599609375,21957.599609375,21789.0,21949.25,0
2025-07-24,21956.849609375,21959.900390625,21813.05078125,21856.150390625,0
2025-07-25,21812.05078125,21821.05078125,21479.900390625,21501.599609375,0
2025-07-28,21468.05078125,21648.349609375,21276.599609375,21314.849609375,0
2025-07-29,21284.94921875,21521.599609375,21257.400390625,21501.0,0
2025-07-30,21544.400390625,21572.5,21446.900390625,21540.25,0
2025-07-31,21287.55078125,21483.0,21250.05078125,21361.30078125,0
2025-08-01,21381.69921875,21409.80078125,21060.05078125,21088.650390625,0
2025-08-04,21095.599609375,21345.19921875,21047.150390625,21329.400390625,0
2025-08-05,21346.400390625,21387.650390625,21207.099609375,21288.849609375,0
2025-08-06,21338.05078125,21340.75,21010.75,21096.650390625,0
2025-08-07,20997.650390625,21183.19921875,20829.5,21152.099609375,0
2025-08-08,21202.69921875,21203.19921875,20813.05078125,20848.25,0
2025-08-11,20840.44921875,21015.349609375,20768.25,20983.80078125,0
2025-08-12,21013.849609375,21052.599609375,20917.900390625,20935.19921875,0
2025-08-13,21023.19921875,21110.30078125,20998.75,21067.30078125,0
2025-08-14,21120.75,21160.94921875,20964.849609375,21017.05078125,0
2025-08-18,21249.349609375,21378.19921875,21217.25,21267.05078125,0
2025-08-19,21317.55078125,21475.849609375,21207.25,21466.849609375,0
2025-08-20,21482.0,21590.650390625,21429.400390625,21566.099609375,0
2025-08-21,21633.19921875,21661.900390625,21467.150390625,21476.19921875,0
2025-08-22,21492.400390625,21532.0,21418.94921875,21438.19921875,0
2025-08-25,21515.75,21547.150390625,21419.25,21432.30078125,0
2025-08-26,21366.150390625,21402.5,21074.55078125,21119.30078125,0
2025-08-28,21119.80078125,21119.80078125,20848.69921875,20864.75,0
2025-08-29,20860.55078125,20949.44921875,20726.900390625,20750.30078125,0
2025-09-01,20816.19921875,21122.5,20812.400390625,21111.849609375,0
2025-09-02,21183.69921875,21247.25,21049.349609375,21149.69921875,0
2025-09-03,21194.30078125,21305.150390625,21155.25,21292.25,0
2025-09-04,21524.5,21524.5,21130.900390625,21157.94921875,0
2025-09-05,21224.400390625,21310.80078125,21066.30078125,21172.650390625,0
2025-09-08,21241.0,21348.94921875,21164.849609375,21254.099609375,0
2025-09-09,21299.19921875,21320.30078125,21213.69921875,21295.900390625,0
2025-09-10,21402.19921875,21513.94921875,21394.099609375,21498.349609375,0
2025-09-11,21532.55078125,21572.099609375,21476.25,21507.75,0
2025-09-12,21580.599609375,21610.69921875,21540.80078125,21567.19921875,0
2025-09-15,21603.099609375,21676.55078125,21562.30078125,21657.400390625,0
2025-09-16,21697.44921875,21805.75,21643.150390625,21791.150390625,0
2025-09-17,21858.55078125,21890.0,21778.55078125,21831.05078125,0
2025-09-18,21899.44921875,21914.400390625,21783.94921875,21898.80078125,0
2025-09-19,21920.55078125,21955.150390625,21882.400390625,21900.599609375,0
2025-09-22,21867.900390625,21943.94921875,21723.44921875,21777.5,0
2025-09-23,21809.400390625,21828.94921875,21638.55078125,21713.599609375,0
2025-09-24,21715.69921875,21732.400390625,21504.05078125,21523.349609375,0
2025-09-25,21536.05078125,21620.75,21353.599609375,21381.5,0
2025-09-26,21334.150390625,21353.30078125,20951.44921875,20967.75,0
2025-09-29,21037.55078125,21149.650390625,20944.650390625,21020.0,0
2025-09-30,21083.900390625,21104.30078125,20913.099609375,21038.69921875,0
2025-10-01,21055.55078125,21237.0,21002.400390625,21220.44921875,0
2025-10-03,21256.650390625,21413.19921875,21221.75,21400.30078125,0
2025-10-06,21424.75,21561.30078125,21369.75,21551.05078125,0
2025-10-07,21589.599609375,21649.849609375,21543.55078125,21635.900390625,0
2025-10-08,21639.150390625,21684.75,21453.05078125,21477.849609375,0
2025-10-09,21523.25,21664.69921875,21492.05078125,21655.900390625,0
2025-10-10,21681.900390625,21790.599609375,21637.099609375,21743.94921875,0
2025-10-13,21676.599609375,21761.19921875,21608.05078125,21746.75,0
2025-10-14,21813.400390625,21842.30078125,21564.099609375,21595.94921875,0
2025-10-15,21649.30078125,21826.5,21631.05078125,21796.5,0
2025-10-16,21861.099609375,21930.19921875,21806.0,21900.900390625,0
2025-10-17,21916.150390625,21918.44921875,21723.69921875,21782.80078125,0
2025-10-20,21877.099609375,21969.650390625,21852.5,21924.849609375,0
2025-10-21,22015.849609375,22039.44921875,21943.349609375,21972.05078125,0
2025-10-23,22064.55078125,22100.650390625,21907.349609375,21940.05078125,0
2025-10-24,21984.900390625,22040.0,21830.94921875,21890.900390625,0
2025-10-27,21960.80078125,22073.400390625,21930.30078125,22064.650390625,0
2025-10-28,22103.55078125,22126.400390625,21982.849609375,22063.0,0
2025-10-29,22090.099609375,22212.25,22032.30078125,22190.5,0
2025-10-30,22237.150390625,22237.69921875,22071.150390625,22154.44921875,0
2025-10-31,22182.19921875,22238.150390625,22029.80078125,22045.94921875,0
2025-11-03,22073.099609375,22251.150390625,22051.849609375,22216.099609375,0
2025-11-04,22247.05078125,22255.80078125,22108.650390625,22135.94921875,0
2025-11-06,22152.900390625,22166.69921875,21897.400390625,21923.099609375,0
2025-11-07,21866.5,22055.19921875,21681.150390625,22026.400390625,0
2025-11-10,22068.94921875,22181.30078125,22043.55078125,22126.599609375,0
2025-11-11,22224.400390625,22224.400390625,22224.400390625,22224.400390625,0
2025-11-12,22317.650390625,22418.25,22293.75,22394.44921875,0
2025-11-13,22420.400390625,22470.25,22299.900390625,22322.44921875,0
2025-11-14,22325.44921875,22403.849609375,22247.849609375,22331.25,0
2025-11-17,22409.30078125,22493.150390625,22378.94921875,22482.400390625,0
2025-11-18,22494.599609375,22495.400390625,22322.349609375,22342.650390625,0
2025-11-19,22348.0,22432.849609375,22290.05078125,22414.650390625,0
2025-11-20,22490.55078125,22494.80078125,22382.849609375,22406.75,0
2025-11-21,22386.150390625,22388.19921875,22129.5,22151.150390625,0
2025-11-24,22174.650390625,22209.099609375,22042.849609375,22079.400390625,0
2025-11-25,22089.5,22157.25,22035.05078125,22136.44921875,0
2025-11-26,22189.80078125,22432.44921875,22142.05078125,22419.099609375,0
2025-11-27,22479.599609375,22483.69921875,22334.69921875,22420.099609375,0
2025-11-28,22446.650390625,22453.599609375,22356.349609375,22395.400390625,0
2025-12-01,22474.75,22484.80078125,22314.94921875,22372.30078125,0
2025-12-02,22376.349609375,22438.19921875,22276.650390625,22327.849609375,0
2025-12-03,22338.599609375,22349.650390625,22084.400390625,22130.150390625,0
2025-12-04,22144.0,22234.0,22094.30078125,22120.75,0
2025-12-05,22116.900390625,22226.80078125,22021.0,22207.900390625,0
2025-12-08,22210.650390625,22235.30078125,21732.900390625,21830.0,0
2025-12-09,21766.599609375,21934.099609375,21485.900390625,21911.0,0
2025-12-10,21940.5,22015.5,21673.19921875,21707.900390625,0
2025-12-11,21714.400390625,21905.80078125,21652.599609375,21893.25,0
2025-12-12,21964.05078125,22168.599609375,21947.599609375,22152.099609375,0
2025-12-15,22124.849609375,22148.349609375,21988.599609375,22136.80078125,0
2025-12-16,22115.94921875,22116.650390625,21915.05078125,21966.150390625,0
2025-12-17,21962.44921875,22015.599609375,21793.44921875,21846.25,0
2025-12-18,21859.400390625,21921.349609375,21672.5,21892.75,0
2025-12-19,21935.400390625,22172.400390625,21912.05078125,22146.150390625,0
2025-12-22,22222.30078125,22345.400390625,22186.19921875,22328.94921875,0
2025-12-23,22362.94921875,22375.94921875,22256.099609375,22353.5,0
2025-12-24,22376.900390625,22425.849609375,22230.650390625,22247.349609375,0
2025-12-26,22241.599609375,22340.349609375,22172.55078125,22190.75,0
2025-12-29,22214.25,22255.400390625,22063.099609375,22100.94921875,0
2025-12-30,22090.05078125,22100.400390625,21990.150390625,22061.900390625,0
2025-12-31,22116.400390625,22348.900390625,22114.75,22276.900390625,0
2026-01-02,22424.599609375,22592.400390625,22390.30078125,22579.05078125,0
2026-01-05,22635.80078125,22648.44921875,22460.349609375,22555.44921875,0
2026-01-06,22582.5,22586.69921875,22417.099609375,22510.599609375,0
2026-01-07,22518.75,22650.05078125,22480.650390625,22606.5,0
2026-01-08,22604.400390625,22607.19921875,22150.849609375,22180.55078125,0
2026-01-09,22162.150390625,22274.25,21912.900390625,21985.900390625,0
2026-01-12,21986.900390625,22003.599609375,21632.349609375,21948.849609375,0
2026-01-13,22030.599609375,22106.80078125,21741.150390625,21918.69921875,0
2026-01-14,21887.400390625,22010.94921875,21833.099609375,21965.44921875,0
2026-01-16,21991.55078125,22133.05078125,21924.30078125,21975.099609375,0
2026-01-19,21925.650390625,21986.0,21833.0,21878.44921875,0
2026-01-20,21867.55078125,21869.650390625,21265.0,21334.599609375,0
2026-01-21,21262.94921875,21367.55078125,20842.44921875,21118.44921875,0
2026-01-22,21308.0,21509.80078125,21232.25,21376.0,0
2026-01-23,21451.75,21453.75,20976.0,21008.55078125,0
2026-01-27,21076.849609375,21185.80078125,20807.900390625,21119.099609375,0
2026-01-28,21200.650390625,21486.650390625,21191.0,21460.94921875,0
2026-01-29,21520.94921875,21536.30078125,21301.650390625,21483.650390625,0
2026-01-30,21353.80078125,21539.349609375,21225.44921875,21490.900390625,0
2026-02-02,21040.25,21313.44921875,20768.099609375,21249.349609375,0
2026-02-03,22110.25,22233.849609375,21753.75,21869.849609375,0
2026-02-04,21852.05078125,22023.05078125,21699.44921875,22002.0,0
2026-02-05,21997.44921875,21997.44921875,21777.599609375,21931.5,0
2026-02-06,21881.150390625,21950.099609375,21663.30078125,21926.849609375,0
2026-02-09,22069.75,22288.849609375,22023.150390625,22272.0,0
2026-02-10,22375.400390625,22405.849609375,22277.25,22359.75,0
2026-02-11,22393.400390625,22393.849609375,22249.5,22364.400390625,0
2026-02-12,22350.400390625,22351.55078125,22160.599609375,22252.400390625,0
2026-02-13,22079.55078125,22080.400390625,21778.0,21884.349609375,0
2026-02-16,21799.0,21994.400390625,21715.150390625,21977.19921875,0
2026-02-17,21975.94921875,22060.94921875,21906.25,22039.69921875,0
2026-02-18,22075.80078125,22176.5,22013.94921875,22159.94921875,0
2026-02-19,22197.94921875,22213.25,21747.650390625,21813.400390625,0
2026-02-20,21764.55078125,21981.75,21726.94921875,21918.19921875,0
2026-02-23,21970.55078125,22012.5,21781.94921875,21882.099609375,0
2026-02-24,21820.30078125,21864.349609375,21611.19921875,21820.19921875,0
2026-02-25,21901.80078125,21985.650390625,21822.349609375,21959.05078125,0
2026-02-26,22005.25,22112.55078125,21948.0,22087.150390625,0
2026-02-27,22065.099609375,22076.05078125,21809.75,21847.349609375,0
2026-03-02,21079.849609375,21712.0,21075.44921875,21476.25,0
2026-03-04,21164.75,21180.69921875,20850.0,21004.94921875,0
2026-03-05,21142.0,21371.400390625,21041.19921875,21326.0,0
2026-03-06,21286.75,21437.80078125,21164.05078125,21181.80078125,0
2026-03-09,20790.05078125,20793.75,20423.55078125,20749.44921875,0
2026-03-10,21023.900390625,21134.44921875,20872.75,21079.75,0
2026-03-11,21142.599609375,21247.400390625,20797.0,20839.349609375,0
2026-03-12,20720.849609375,20933.25,20442.099609375,20790.900390625,0
2026-03-13,20698.25,20740.69921875,20186.25,20233.0,0
2026-03-16,20188.25,20295.55078125,19824.94921875,20158.44921875,0
2026-03-17,20255.55078125,20415.69921875,20103.400390625,20366.94921875,0
2026-03-18,20412.75,20820.349609375,20383.400390625,20746.80078125,0
2026-03-19,20424.650390625,20434.349609375,20030.55078125,20108.94921875,0
2026-03-20,20257.349609375,20484.69921875,20196.099609375,20226.900390625,0
2026-03-23,20007.650390625,20007.650390625,19384.44921875,19445.75,0
2026-03-24,19869.150390625,20006.69921875,19528.400390625,19931.5,0
2026-03-25,20121.849609375,20520.94921875,20110.75,20397.75,0
2026-03-27,20279.349609375,20285.900390625,19913.599609375,19952.75,0
2026-03-30,19696.94921875,19753.25,19398.05078125,19430.900390625,0
2026-04-01,19952.19921875,20099.94921875,19783.19921875,19869.099609375,0
2026-04-02,19630.400390625,19850.05078125,19218.0,19805.5,0
2026-04-06,19829.400390625,20111.75,19586.150390625,20090.599609375,0
2026-04-07,19988.099609375,20135.349609375,19801.69921875,20110.900390625,0
2026-04-08,20783.349609375,20942.900390625,20700.05078125,20909.44921875,0
2026-04-09,20921.0,21080.69921875,20744.099609375,20965.5,0
2026-04-10,21091.55078125,21314.650390625,21072.849609375,21300.30078125,0
2026-04-13,20886.30078125,21254.94921875,20729.19921875,21177.599609375,0
2026-04-15,21530.349609375,21668.900390625,21497.94921875,21644.44921875,0
2026-04-16,21822.349609375,21886.900390625,21602.80078125,21780.5,0
2026-04-17,21829.30078125,22067.150390625,21753.75,22045.19921875,0
2026-04-20,22092.349609375,22164.400390625,21863.150390625,22025.150390625,0
2026-04-21,22076.75,22218.5,22062.5,22141.599609375,0
2026-04-22,22109.94921875,22252.05078125,22076.599609375,22191.05078125,0
2026-04-23,22134.5,22230.849609375,22053.900390625,22099.30078125,0
2026-04-24,22136.05078125,22194.849609375,21770.400390625,21875.94921875,0
2026-04-27,21992.400390625,22242.05078125,21979.05078125,22198.44921875,0
2026-04-28,22228.25,22307.94921875,22164.25,22220.75,0
2026-04-29,22351.44921875,22409.44921875,22176.150390625,22212.349609375,0
2026-04-30,22130.0,22132.75,21834.900390625,22000.05078125,0
2026-05-04,22164.80078125,22288.0,22019.05078125,22155.5,0
2026-05-05,22159.44921875,22207.19921875,22042.44921875,22180.25,0
2026-05-06,22414.349609375,22579.900390625,22352.400390625,22556.5,0
2026-05-07,22679.150390625,22836.900390625,22615.69921875,22804.94921875,0
2026-05-08,22824.5,22846.69921875,22728.0,22772.400390625,0
2026-05-11,22675.599609375,22675.75,22443.05078125,22526.599609375,0
2026-05-12,22494.099609375,22543.650390625,21933.25,21957.650390625,0
2026-05-13,21973.849609375,22250.849609375,21899.19921875,22096.5,0
2026-05-14,22232.44921875,22390.19921875,22030.5,22357.150390625,0
2026-05-15,22430.150390625,22436.349609375,22228.19921875,22257.94921875,0
2026-05-18,22116.19921875,22228.150390625,21842.19921875,22203.5,0
2026-05-19,22262.94921875,22497.900390625,22260.44921875,22374.75,0
2026-05-20,22246.05078125,22481.5,22170.94921875,22457.400390625,0
2026-05-21,22619.650390625,22665.5,22434.94921875,22479.150390625,0
2026-05-22,22553.80078125,22557.849609375,22419.0,22504.19921875,0
2026-05-25,22703.349609375,22725.650390625,22645.75,22694.349609375,0
2026-05-26,22724.05078125,22827.900390625,22667.55078125,22795.5,0
2026-05-27,22827.30078125,22932.900390625,22814.69921875,22884.900390625,0
2026-05-29,22991.55078125,23007.099609375,22512.25,22571.400390625,0
2026-06-01,22662.75,22695.099609375,22234.0,22265.19921875,0
2026-06-02,22148.44921875,22329.75,22025.900390625,22305.849609375,0
2026-06-03,22302.25,22321.94921875,21962.150390625,22220.5,0
2026-06-04,22174.599609375,22416.900390625,22114.150390625,22315.94921875,0
2026-06-05,22399.44921875,22461.400390625,22172.599609375,22251.80078125,0
2026-06-08,21973.599609375,22168.5,21841.25,21926.44921875,0
2026-06-09,22054.0,22241.55078125,22042.94921875,22216.25,0
2026-06-10,22243.400390625,22261.94921875,21875.80078125,21920.19921875,0
2026-06-11,21826.5,21906.150390625,21698.5,21733.05078125,0
2026-06-12,22015.5,22279.900390625,21931.599609375,22257.900390625,0
2026-06-15,22614.75,22700.849609375,22550.349609375,22585.099609375,0
2026-06-16,22664.650390625,22687.599609375,22541.75,22671.400390625,0
2026-06-17,22730.0,22797.0,22683.19921875,22786.25,0
2026-06-18,22842.599609375,22906.5,22788.94921875,22893.19921875,0
